input;output;description;Structure
{"NPCs":{"Eldrin Moonbrook":{"Name":"Eldrin Moonbrook","Species":"Elf","HomeLocation":"Verdant Vale","CurrentLocation":"Verdant Vale","Faction":"The Verdant Circle","OwnedItems":{"Healing Herb":5,"Mana Potion":2},"Role":"Healer","Relations":[{"Target":"Player","Favorability":3}]},"Elara Whisperwind":{"Name":"Elara Whisperwind","Species":"Elf","HomeLocation":"Glimmerwood","CurrentLocation":"Glimmerwood","Faction":"The Verdant Circle","Role":"Ranger"},"Doric Ironwood":{"Name":"Doric Ironwood","Species":"Dragonborn","HomeLocation":"Eldergrove","CurrentLocation":"Eldergrove","Faction":"The Verdant Circle","Role":"Druid"}}},"Locations":{"Verdant Vale":{"Name":"Verdant Vale","Enemies":["Corrupted Treant","Forest Spider Matriarch"],"Resources":["Healing Herb","Iron Ore"]}},"Enemies":{"Corrupted Treant":{"Name":"Corrupted Treant","Loot":["Healing Herb","Iron Ore"]}},"Factions":{"The Verdant Circle":{"Name":"The Verdant Circle","Relations":[{"Target":"Player","Favorability":3}],"Members":["Eldrin Moonbrook","Elara Whisperwind","Doric Ironwood"],"FactionLog":[{"Originator":"The Verdant Circle","Type":"AttackThreateningEntities","Target":["Corrupted Treant"],"For":"The Verdant Circle"}]}};{"Quest":{"Name":"The Poisoned Grove","Giver":"The Verdant Circle","Actions":["goto Verdant Vale","damage Corrupted Treant","goto The Verdant Circle","report"]}};"The Verdant Circle reports that a Corrupted Treant is poisoning the heart of Verdant Vale. They want you to weaken it so their druids can perform a purification ritual.";Attack threatening entities
{"NPCs":{"Grundar Ironhand":{"Name":"Grundar Ironhand","Species":"Dwarf","HomeLocation":"Ironhold Keep","CurrentLocation":"Ember Forge","Faction":"The Iron Concord","OwnedItems":{"Iron Ore":10,"Steel Shield":1},"Role":"Blacksmith","Relations":[{"Target":"Player","Favorability":2}]},"Thorne Blackwood":{"Name":"Thorne Blackwood","Species":"Human","HomeLocation":"Shadowfen","CurrentLocation":"Shadowfen","Faction":"The Shadow Syndicate","OwnedItems":{"Lockpick Set":3,"Shadowfang Dagger":1},"Role":"Thief","Relations":[{"Target":"Player","Favorability":-1}],"NPCLog":[{"Originator":"Thorne Blackwood","Type":"StealStuff","Target":["Grundar Ironhand"],"For":"The Shadow Syndicate","Received":{"Iron Ore":5}}]}},"Locations":{"Shadowfen":{"Name":"Shadowfen","Enemies":["Shadow Stalker","Goblin Scavenger"],"Resources":["Lockpick Set","Shadowfang Dagger"]},"Ironhold Keep":{"Name":"Ironhold Keep","Enemies":["Iron Concord Deserter"],"Resources":["Iron Ore","Dwarven Ale"]}},"Factions":{"The Shadow Syndicate":{"Name":"The Shadow Syndicate","Relations":[{"Target":"Player","Favorability":-1},{"Target":"The Iron Concord","Favorability":-4}],"Members":["Thorne Blackwood"]}}};{"Quest":{"Name":"Grundar's Ledger","Giver":"Grundar Ironhand","Actions":["goto Shadowfen","stealth Thorne Blackwood","take Old Ledger","goto Ironhold Keep","give Grundar Ironhand"]}};"Grundar Ironhand's ledger, containing secret forging techniques, was stolen by a Shadow Syndicate thief. He wants it back.";Recover stolen item
{"NPCs":{"Lyra Swiftbrook":{"Name":"Lyra Swiftbrook","Species":"Halfling","HomeLocation":"The Rusty Nail Inn","CurrentLocation":"The Rusty Nail Inn","Faction":null,"OwnedItems":{"Dwarven Ale":20,"Bread Loaf":15},"Role":"Innkeeper","Relations":[{"Target":"Player","Favorability":4}]}},"Locations":{"The Rusty Nail Inn":{"Name":"The Rusty Nail Inn","Enemies":[],"Resources":["Dwarven Ale","Bread Loaf"]}},"Enemies":{"Goblin Scavenger":{"Name":"Goblin Scavenger","Loot":["Iron Shortsword","Health Potion"]}}};{"Quest":{"Name":"Protecting the Inn","Giver":"Lyra Swiftbrook","Actions":["goto The Rusty Nail Inn","defend Lyra Swiftbrook"]}};"Lyra Swiftbrook fears a gang of Goblin Scavengers will raid The Rusty Nail Inn. She needs someone to stand guard.";Guard entity
{"Factions":{"The Iron Concord":{"Name":"The Iron Concord","Relations":[{"Target":"Player","Favorability":2}],"Members":["Grundar Ironhand","Brom Stoneheart"],"Treasury":{"Iron Ore":50,"Steel Shield":3,"Iron Shortsword":5}}}},"Locations":{"Ironhold Keep":{"Name":"Ironhold Keep","Enemies":["Iron Concord Deserter"],"Resources":["Iron Ore","Dwarven Ale"]}},"Enemies":{"Iron Concord Deserter":{"Name":"Iron Concord Deserter","Loot":["Steel Shield","Iron Shortsword"]}};{"Quest":{"Name":"The Deserter's End","Giver":"The Iron Concord","Actions":["goto Ironhold Keep","damage Iron Concord Deserter"]}};"The Iron Concord wants you to track down and neutralize a deserter who fled with military supplies.";Attack enemy
{"NPCs":{"Seraphina Dawn":{"Name":"Seraphina Dawn","Species":"Human","HomeLocation":"Sunstone Temple","CurrentLocation":"Sunstone Temple","Faction":"The Sunstone Order","OwnedItems":{"Sunstone Amulet":1,"Health Potion":3},"Role":"Priest","Relations":[{"Target":"Player","Favorability":2},{"Target":"The Shadow Syndicate","Favorability":-4}]},"Thorne Blackwood":{"Name":"Thorne Blackwood","Faction":"The Shadow Syndicate","CurrentLocation":"Shadowfen"}},"Locations":{"Sunstone Temple":{"Name":"Sunstone Temple","Enemies":[],"Resources":["Sunstone Amulet","Health Potion"]},"Shadowfen":{"Name":"Shadowfen","Enemies":["Shadow Stalker","Goblin Scavenger"],"Resources":["Lockpick Set","Shadowfang Dagger"]}}},"Factions":{"The Shadow Syndicate":{"Name":"The Shadow Syndicate","Relations":[{"Target":"Player","Favorability":-1},{"Target":"The Sunstone Order","Favorability":-5}],"Members":["Thorne Blackwood"]},"The Sunstone Order":{"Name":"The Sunstone Order","Relations":[{"Target":"The Shadow Syndicate","Favorability":-5}],"Members":["Seraphina Dawn"],"Treasury":{"Sunstone Amulet":3,"Health Potion":10}}};{"Quest":{"Name":"Sunstone Heist","Giver":"The Shadow Syndicate","Actions":["goto Sunstone Temple","stealth Seraphina Dawn","take Sunstone Amulet","goto Shadowfen","give Thorne Blackwood"]}};"The Shadow Syndicate wants you to steal a Sunstone Amulet from the temple to prove your worth.";Steal stuff
{"NPCs":{"Elara Whisperwind":{"Name":"Elara Whisperwind","Species":"Elf","HomeLocation":"Glimmerwood","CurrentLocation":"Glimmerwood","Faction":"The Verdant Circle","OwnedItems":{"Glimmerwood Bow":1,"Healing Herb":10},"Role":"Ranger","Relations":[{"Target":"Player","Favorability":3}]}},"Locations":{"Glimmerwood":{"Name":"Glimmerwood","Enemies":["Forest Spider Matriarch"],"Resources":["Glimmerwood Bow","Healing Herb"]}}},"Enemies":{"Forest Spider Matriarch":{"Name":"Forest Spider Matriarch","Loot":["Spider Silk","Health Potion"]}},"Factions":{"The Verdant Circle":{"Name":"The Verdant Circle","Relations":[{"Target":"Player","Favorability":3}],"Members":["Eldrin Moonbrook","Elara Whisperwind","Doric Ironwood"]}};{"Quest":{"Name":"Spider Infestation","Giver":"Elara Whisperwind","Actions":["goto Glimmerwood","kill Forest Spider Matriarch","goto The Verdant Circle","report"]}};"The Verdant Circle needs the Forest Spider Matriarch eliminated before it overruns Glimmerwood.";Kill enemies
{"NPCs":{"Finnan Copperpot":{"Name":"Finnan Copperpot","Species":"Gnome","HomeLocation":"Ember Forge","CurrentLocation":"Ember Forge","Faction":"The Ember Forge Clan","OwnedItems":{"Mystic Ember":3,"Health Potion":1},"Role":"Alchemist","Relations":[{"Target":"Player","Favorability":2}]}},"Locations":{"Ember Forge":{"Name":"Ember Forge","Enemies":[],"Resources":["Mystic Ember","Iron Ore"]}},"Enemies":{"Goblin Scavenger":{"Name":"Goblin Scavenger","Loot":["Iron Shortsword","Health Potion"]}}};{"Quest":{"Name":"The Ember's Secret","Giver":"Finnan Copperpot","Actions":["goto Ember Forge","gather Mystic Ember","goto Ember Forge","give Finnan Copperpot"]}};"Finnan Copperpot had a rare Mystic Ember stolen by a Goblin Scavenger. He needs it back for his research.";Recover stolen item
{"NPCs":{"Thorne Blackwood":{"Name":"Thorne Blackwood","CurrentLocation":"Shadowfen","Faction":"The Shadow Syndicate","Relations":[{"Target":"Player","Favorability":-1}]}},"Locations":{"Shadowfen":{"Name":"Shadowfen","Enemies":["Shadow Stalker","Goblin Scavenger"],"Resources":["Lockpick Set","Shadowfang Dagger"]}},"Enemies":{"Shadow Stalker":{"Name":"Shadow Stalker","Loot":["Shadowfang Dagger"]}}};{"Quest":{"Name":"Shadowfen Stalker","Giver":"Thorne Blackwood","Actions":["goto Shadowfen","damage Shadow Stalker"]}};"Thorne Blackwood wants a Shadow Stalker eliminated because it's interfering with Syndicate operations.";Attack enemy
{"NPCs":{"Vex":{"Name":"Vex","Species":"Orc","HomeLocation":"Frostfang Pass","CurrentLocation":"Frostfang Pass","Faction":null,"OwnedItems":{"Troll Hide":2},"Role":"Ranger","Relations":[{"Target":"Player","Favorability":0}]}},"Locations":{"Frostfang Pass":{"Name":"Frostfang Pass","Enemies":["Cave Troll"],"Resources":["Troll Hide","Iron Ore"]}},"Enemies":{"Cave Troll":{"Name":"Cave Troll","Loot":["Troll Hide","Iron Ore"]}}};{"Quest":{"Name":"The Troll's Toll","Giver":"Vex","Actions":["goto Frostfang Pass","kill Cave Troll","goto Frostfang Pass","report Vex"]}};"Vex needs help clearing a Cave Troll from Frostfang Pass that's been blocking the mountain route.";Kill enemies
{"NPCs":{"Brom Stoneheart":{"Name":"Brom Stoneheart","Species":"Dwarf","HomeLocation":"Ironhold Keep","CurrentLocation":"Ironhold Keep","Faction":"The Iron Concord","OwnedItems":{"Iron Shortsword":1,"Dwarven Ale":1},"Role":"Guard","Relations":[{"Target":"Player","Favorability":1}]}},"Locations":{"Ironhold Keep":{"Name":"Ironhold Keep","Enemies":["Iron Concord Deserter"],"Resources":["Iron Ore","Dwarven Ale"]}},"Enemies":{"Goblin Scavenger":{"Name":"Goblin Scavenger","Loot":["Iron Shortsword","Health Potion"]}}};{"Quest":{"Name":"Brewery Sabotage","Giver":"Brom Stoneheart","Actions":["goto Ironhold Keep","damage Goblin Scavenger","goto Ironhold Keep","report Brom Stoneheart"]}};"A group of Goblin Scavengers are poisoning the ale supplies at Ironhold Keep. The Iron Concord wants them stopped.";Attack threatening entities
{"NPCs":{"Morwenna":{"Name":"Morwenna","Species":"Human","HomeLocation":"Mistwatch Tower","CurrentLocation":"Mistwatch Tower","Faction":null,"OwnedItems":{"Ancient Key":1},"Role":"Mage","Relations":[{"Target":"Player","Favorability":1}]}},"Locations":{"Mistwatch Tower":{"Name":"Mistwatch Tower","Enemies":[],"Resources":["Ancient Key"]}}};{"Quest":{"Name":"Morwenna's Key","Giver":"Morwenna","Actions":["goto Mistwatch Tower","stealth Guard","take Ancient Key","goto Mistwatch Tower","give Morwenna"]}};"Morwenna asks you to retrieve an Ancient Key from a guarded chest in Mistwatch Tower, but the guard is too suspicious to approach openly.";Steal stuff
{"NPCs":{"Doric Ironwood":{"Name":"Doric Ironwood","Species":"Dragonborn","HomeLocation":"Eldergrove","CurrentLocation":"Eldergrove","Faction":"The Verdant Circle","OwnedItems":{"Healing Herb":8},"Role":"Druid","Relations":[{"Target":"Player","Favorability":2}]}},"Locations":{"Eldergrove":{"Name":"Eldergrove","Enemies":["Corrupted Treant"],"Resources":["Healing Herb","Elven Rations"]}},"Enemies":{"Verdant Circle Fanatic":{"Name":"Verdant Circle Fanatic","Loot":["Healing Herb","Mana Potion"]}}};{"Quest":{"Name":"Purge the Fanatic","Giver":"Doric Ironwood","Actions":["goto Eldergrove","kill Verdant Circle Fanatic","goto Eldergrove","report Doric Ironwood"]}};"A Verdant Circle Fanatic has gone rogue and is attacking anyone who enters Eldergrove. Doric Ironwood wants them dealt with permanently.";Kill enemies
{"NPCs":{"Seraphina Dawn":{"Name":"Seraphina Dawn","CurrentLocation":"Sunstone Temple","Faction":"The Sunstone Order","Relations":[{"Target":"Player","Favorability":2}]}},"Locations":{"Sunstone Temple":{"Name":"Sunstone Temple","Enemies":[],"Resources":["Sunstone Amulet","Health Potion"]},"Verdant Vale":{"Name":"Verdant Vale","Enemies":["Corrupted Treant","Forest Spider Matriarch"]}}};{"Quest":{"Name":"Supply Run","Giver":"Seraphina Dawn","Actions":["goto Sunstone Temple","defend Seraphina Dawn"]}};"Seraphina Dawn needs an escort to transport healing supplies from Sunstone Temple to Verdant Vale safely.";Guard entity
{"Factions":{"The Ember Forge Clan":{"Name":"The Ember Forge Clan","Relations":[{"Target":"Player","Favorability":2}],"Members":["Finnan Copperpot"],"Treasury":{"Mystic Ember":15,"Iron Ore":20}},"The Iron Concord":{"Name":"The Iron Concord","Relations":[{"Target":"Player","Favorability":2}]}},"Locations":{"Ember Forge":{"Name":"Ember Forge","Enemies":[],"Resources":["Mystic Ember","Iron Ore"]}},"Enemies":{"Iron Concord Deserter":{"Name":"Iron Concord Deserter","Loot":["Steel Shield","Iron Shortsword"]}},"NPCs":{"Finnan Copperpot":{"Name":"Finnan Copperpot","CurrentLocation":"Ember Forge"}}};{"Quest":{"Name":"The Ember Forge Contract","Giver":"The Ember Forge Clan","Actions":["goto Ember Forge","damage Iron Concord Deserter","goto Ember Forge","report Finnan Copperpot"]}};"The Ember Forge Clan's mining operation is being harassed by Iron Concord Deserters. They want you to drive them off.";Attack threatening entities
{"Factions":{"The Shadow Syndicate":{"Name":"The Shadow Syndicate","Relations":[{"Target":"Player","Favorability":-1},{"Target":"The Iron Concord","Favorability":-3}],"Members":["Thorne Blackwood"]}},"Locations":{"Ironhold Keep":{"Name":"Ironhold Keep","Enemies":["Iron Concord Deserter"],"Resources":["Iron Ore","Dwarven Ale"]},"Shadowfen":{"Name":"Shadowfen","Enemies":["Shadow Stalker","Goblin Scavenger"]}},"NPCs":{"Thorne Blackwood":{"Name":"Thorne Blackwood","CurrentLocation":"Shadowfen"}}};{"Quest":{"Name":"The Shadow's Debt","Giver":"The Shadow Syndicate","Actions":["goto Ironhold Keep","stealth Merchant","take Gold","goto Shadowfen","give Thorne Blackwood"]}};"A merchant in Ironhold Keep owes the Shadow Syndicate protection money. Thorne wants you to take payment from his private chest.";Steal stuff
{"NPCs":{"Eldrin Moonbrook":{"Name":"Eldrin Moonbrook","Species":"Elf","HomeLocation":"Verdant Vale","CurrentLocation":"Verdant Vale","Faction":"The Verdant Circle","OwnedItems":{"Healing Herb":5,"Mana Potion":2},"Role":"Healer","Relations":[{"Target":"Player","Favorability":3}]}},"Locations":{"Verdant Vale":{"Name":"Verdant Vale","Enemies":["Corrupted Treant","Forest Spider Matriarch"],"Resources":["Healing Herb","Iron Ore"]}},"Enemies":{"Corrupted Treant":{"Name":"Corrupted Treant","Loot":["Healing Herb","Iron Ore"]}}};{"Quest":{"Name":"Corrupted Heartwood","Giver":"Eldrin Moonbrook","Actions":["goto Verdant Vale","damage Corrupted Treant"]}};"A massive Corrupted Treant is blocking the main path through Verdant Vale. The Circle needs it damaged enough to retreat.";Attack enemy
{"NPCs":{"Eldrin Moonbrook":{"Name":"Eldrin Moonbrook","CurrentLocation":"Verdant Vale","OwnedItems":{"Healing Herb":5,"Mana Potion":2}}},"Locations":{"Glimmerwood":{"Name":"Glimmerwood","Enemies":["Forest Spider Matriarch"],"Resources":["Glimmerwood Bow","Healing Herb"]},"Verdant Vale":{"Name":"Verdant Vale","Resources":["Healing Herb","Iron Ore"]}}};{"Quest":{"Name":"The Healer's Request","Giver":"Eldrin Moonbrook","Actions":["goto Glimmerwood","gather Healing Herb","goto Verdant Vale","give Eldrin Moonbrook"]}};"Eldrin Moonbrook had a rare healing herb stolen by a Forest Spider. He needs it to save a patient.";Recover stolen item
{"NPCs":{"Kaelen Shadowstrider":{"Name":"Kaelen Shadowstrider","Species":"Tiefling","HomeLocation":"Shadowfen","CurrentLocation":"Verdant Vale","Faction":null,"OwnedItems":{"Lockpick Set":1},"Role":"Thief","Relations":[{"Target":"Player","Favorability":0}]}},"Locations":{"Mistwatch Tower":{"Name":"Mistwatch Tower","Enemies":[],"Resources":["Ancient Key"]}}};{"Quest":{"Name":"Mistwatch Investigation","Giver":"Kaelen Shadowstrider","Actions":["goto Mistwatch Tower","defend Kaelen Shadowstrider"]}};"Kaelen Shadowstrider believes someone is watching the tower. He wants backup while he investigates.";Guard entity
{"NPCs":{"Grundar Ironhand":{"Name":"Grundar Ironhand","HomeLocation":"Ironhold Keep","CurrentLocation":"Ember Forge","Relations":[{"Target":"Player","Favorability":2}]}},"Locations":{"Glimmerwood":{"Name":"Glimmerwood","Enemies":["Forest Spider Matriarch"],"Resources":["Glimmerwood Bow","Healing Herb"]},"Ironhold Keep":{"Name":"Ironhold Keep","Resources":["Iron Ore","Dwarven Ale"]}},"Enemies":{"Forest Spider Matriarch":{"Name":"Forest Spider Matriarch","Loot":["Spider Silk","Health Potion"]}}};{"Quest":{"Name":"Trophy Hunt","Giver":"Grundar Ironhand","Actions":["goto Glimmerwood","kill Forest Spider Matriarch","goto Ironhold Keep","report Grundar Ironhand"]}};"Grundar Ironhand wants the fangs of a Forest Spider Matriarch as proof for a bounty posted by the city guard.";Kill enemies
{"Factions":{"The Sunstone Order":{"Name":"The Sunstone Order","Relations":[{"Target":"Player","Favorability":2},{"Target":"The Shadow Syndicate","Favorability":-5}],"Members":["Seraphina Dawn"],"Treasury":{"Sunstone Amulet":3,"Health Potion":10}},"The Shadow Syndicate":{"Name":"The Shadow Syndicate","Relations":[{"Target":"The Sunstone Order","Favorability":-5}]}},"NPCs":{"Seraphina Dawn":{"Name":"Seraphina Dawn","CurrentLocation":"Sunstone Temple","Faction":"The Sunstone Order"}},"Locations":{"Sunstone Temple":{"Name":"Sunstone Temple","Enemies":[],"Resources":["Sunstone Amulet","Health Potion"]}},"Enemies":{"Shadow Stalker":{"Name":"Shadow Stalker","Loot":["Shadowfang Dagger"]}}};{"Quest":{"Name":"The Sunstone Conspiracy","Giver":"The Sunstone Order","Actions":["goto Sunstone Temple","damage Shadow Stalker","goto Sunstone Temple","report Seraphina Dawn"]}};"Seraphina Dawn has heard rumors that the Shadow Syndicate plans to attack the Sunstone Temple. She needs you to intercept their scouts.";Attack threatening entities
{"NPCs": {"Elara Greenhill": {"Name": "Elara Greenhill", "Species": "Elf", "HomeLocation": "Verdant Vale", "CurrentLocation": "Elder's Grove", "Faction": "The Verdant Circle", "OwnedItems": {"Mysterious Herb": 3, "Healing Potion": 1}, "Role": "Priest", "Relations": [{"Target": "Player", "Favorability": 2}]}, "Thorin Ironhand": {"Name": "Thorin Ironhand", "Species": "Dwarf", "HomeLocation": "Ironhold", "CurrentLocation": "Blackiron Forge", "Faction": "Ironhold Consortium", "OwnedItems": {"Iron Ore": 5, "Dwarven Ale": 2}, "Role": "Blacksmith", "Relations": [{"Target": "Player", "Favorability": 1}]}, "Mira Swiftarrow": {"Name": "Mira Swiftarrow", "Species": "Human", "HomeLocation": "Mistwood Outpost", "CurrentLocation": "The Rusty Nail Tavern", "Faction": "Mistwood Collective", "OwnedItems": {"Wooden Arrow": 20, "Gold Coin": 15}, "Role": "Ranger", "Relations": [{"Target": "Player", "Favorability": 3}]}, "Old Man Hemlock": {"Name": "Old Man Hemlock", "Species": "Human", "HomeLocation": "Verdant Vale", "CurrentLocation": "Verdant Vale", "Faction": "The Verdant Circle", "OwnedItems": {"Old Key": 1, "Mysterious Herb": 5}, "Role": "Alchemist", "Relations": [{"Target": "Player", "Favorability": 0}]}, "Sergeant Vex": {"Name": "Sergeant Vex", "Species": "Dragonborn", "HomeLocation": "Ironhold", "CurrentLocation": "Ironhold", "Faction": "Ironhold Consortium", "OwnedItems": {"Iron Sword": 1, "Gold Coin": 25}, "Role": "Guard", "Relations": []}, "Faelan Whisperwind": {"Name": "Faelan Whisperwind", "Species": "Gnome", "HomeLocation": "Mistwood Outpost", "CurrentLocation": "Glimmerstone Mines", "Faction": null, "OwnedItems": {"Spell Scroll: Fireball": 1, "Gold Coin": 8}, "Role": "Mage", "Relations": [{"Target": "Player", "Favorability": 1}]}, "Griselda": {"Name": "Griselda", "Species": "Orc", "HomeLocation": "Shadowfen Alley", "CurrentLocation": "Shadowfen Alley", "Faction": "The Crimson Claw", "OwnedItems": {"Gold Coin": 30, "Healing Potion": 2}, "Role": "Thief", "Relations": []}, "Brom Stonebrow": {"Name": "Brom Stonebrow", "Species": "Dwarf", "HomeLocation": "Ironhold", "CurrentLocation": "Glimmerstone Mines", "Faction": "Ironhold Consortium", "OwnedItems": {"Iron Ore": 10, "Gold Coin": 5}, "Role": "Lumberjack", "Relations": []}, "Lyra Brightwood": {"Name": "Lyra Brightwood", "Species": "Halfling", "HomeLocation": "Verdant Vale", "CurrentLocation": "The Rusty Nail Tavern", "Faction": null, "OwnedItems": {"Gold Coin": 50, "Bread Loaf": 4}, "Role": "Innkeeper", "Relations": [{"Target": "Player", "Favorability": 2}]}, "Kaelen Shadowdancer": {"Name": "Kaelen Shadowdancer", "Species": "Tiefling", "HomeLocation": "Shadowfen Alley", "CurrentLocation": "The Shattered Obelisk", "Faction": "The Crimson Claw", "OwnedItems": {"Gold Coin": 20, "Cultist Amulet": 1}, "Role": "Mage", "Relations": []}, "Hilda the Innkeeper": {"Name": "Hilda the Innkeeper", "Species": "Human", "HomeLocation": "Mistwood Outpost", "CurrentLocation": "The Rusty Nail Tavern", "Faction": "Mistwood Collective", "OwnedItems": {"Dwarven Ale": 10, "Bread Loaf": 8}, "Role": "Innkeeper", "Relations": []}, "Percival Grumble": {"Name": "Percival Grumble", "Species": "Gnome", "HomeLocation": "Ironhold", "CurrentLocation": "Blackiron Forge", "Faction": "Ironhold Consortium", "OwnedItems": {"Iron Ore": 3, "Gold Coin": 45}, "Role": "Merchant", "Relations": []}}, "Factions": {"Ironhold Consortium": {"Name": "Ironhold Consortium", "Relations": [{"Target": "Player", "Favorability": 1}], "Members": ["Thorin Ironhand", "Sergeant Vex", "Brom Stonebrow", "Percival Grumble"], "FactionLog": []}}, "Locations": {"Glimmerstone Mines": {"Name": "Glimmerstone Mines", "Enemies": ["Goblin Raider", "Iron Golem"], "Resources": ["Iron Ore", "Gold Coin"]}, "Ironhold": {"Name": "Ironhold", "Enemies": ["Iron Golem", "Bandit Thug"], "Resources": ["Iron Ore", "Dwarven Ale"]}}, "Enemies": {"Goblin Raider": {"Name": "Goblin Raider", "Loot": ["Goblin Ear", "Gold Coin"]}}};{"Quest": {"Name": "The Iron Supply Line", "Giver": "Ironhold Consortium", "Actions": ["goto Glimmerstone Mines", "damage Goblin Raider", "goto Ironhold", "report"]}};"The Ironhold Consortium's ore shipments from the Glimmerstone Mines have been ambushed by Goblin Raiders. They need you to clear out the raiders so their caravans can move safely again.";"Attack threatening entities"
{"NPCs": {"Old Man Hemlock": {"Name": "Old Man Hemlock", "Species": "Human", "HomeLocation": "Verdant Vale", "CurrentLocation": "Verdant Vale", "Faction": "The Verdant Circle", "OwnedItems": {"Old Key": 1, "Mysterious Herb": 5}, "Role": "Alchemist", "Relations": [{"Target": "Player", "Favorability": 0}]}}, "Locations": {"Shadowfen Alley": {"Name": "Shadowfen Alley", "Enemies": ["Bandit Thug", "Shadow Viper"], "Resources": ["Gold Coin", "Healing Potion"]}, "Verdant Vale": {"Name": "Verdant Vale", "Enemies": ["Forest Troll", "Corrupted Treant"], "Resources": ["Mysterious Herb", "Bread Loaf"]}}, "Enemies": {"Bandit Thug": {"Name": "Bandit Thug", "Loot": ["Gold Coin", "Iron Sword"]}}, "Items": {"Old Key": {"Type": "Key"}}};{"Quest": {"Name": "Hemlock's Stolen Key", "Giver": "Old Man Hemlock", "Actions": ["goto Shadowfen Alley", "stealth Bandit Thug", "take Old Key", "goto Verdant Vale", "give Old Man Hemlock"]}};"Old Man Hemlock had his cellar key stolen by a Bandit Thug in Shadowfen Alley. He needs it back to access his rare ingredient stores.";"Recover stolen item"
{"NPCs": {"Elara Greenhill": {"Name": "Elara Greenhill", "Species": "Elf", "HomeLocation": "Verdant Vale", "CurrentLocation": "Elder's Grove", "Faction": "The Verdant Circle", "OwnedItems": {"Mysterious Herb": 3, "Healing Potion": 1}, "Role": "Priest", "Relations": [{"Target": "Player", "Favorability": 2}]}}, "Locations": {"Elder's Grove": {"Name": "Elder's Grove", "Enemies": ["Forest Troll"], "Resources": ["Mysterious Herb"]}}, "Enemies": {"Forest Troll": {"Name": "Forest Troll", "Loot": ["Gold Coin", "Mysterious Herb"]}}};{"Quest": {"Name": "The Elder's Grove Vigil", "Giver": "Elara Greenhill", "Actions": ["goto Elder's Grove", "defend"]}};"A Forest Troll has been lurking near Elder's Grove. Elara Greenhill asks you to stand guard and protect the sacred area while she performs a ritual.";"Guard entity"
{"NPCs": {"Kaelen Shadowdancer": {"Name": "Kaelen Shadowdancer", "Species": "Tiefling", "HomeLocation": "Shadowfen Alley", "CurrentLocation": "The Shattered Obelisk", "Faction": "The Crimson Claw", "OwnedItems": {"Gold Coin": 20, "Cultist Amulet": 1}, "Role": "Mage", "Relations": []}}, "Locations": {"The Shattered Obelisk": {"Name": "The Shattered Obelisk", "Enemies": ["Cult Fanatic", "Skeleton Archer", "Corrupted Treant"], "Resources": ["Ancient Tablet Piece", "Cultist Amulet"]}}, "Enemies": {"Cult Fanatic": {"Name": "Cult Fanatic", "Loot": ["Cultist Amulet", "Gold Coin"]}}};{"Quest": {"Name": "Cult Activity at the Obelisk", "Giver": "Kaelen Shadowdancer", "Actions": ["goto The Shattered Obelisk", "damage Cult Fanatic"]}};"Kaelen Shadowdancer reports that Cult Fanatics from The Sunken Cult have been desecrating The Shattered Obelisk. He wants you to disrupt their activities.";"Attack enemy"
{"NPCs": {"Griselda": {"Name": "Griselda", "Species": "Orc", "HomeLocation": "Shadowfen Alley", "CurrentLocation": "Shadowfen Alley", "Faction": "The Crimson Claw", "OwnedItems": {"Gold Coin": 30, "Healing Potion": 2}, "Role": "Thief", "Relations": []}, "Percival Grumble": {"Name": "Percival Grumble", "Species": "Gnome", "HomeLocation": "Ironhold", "CurrentLocation": "Blackiron Forge", "Faction": "Ironhold Consortium", "OwnedItems": {"Iron Ore": 3, "Gold Coin": 45}, "Role": "Merchant", "Relations": []}}, "Locations": {"Blackiron Forge": {"Name": "Blackiron Forge", "Enemies": [], "Resources": ["Iron Sword", "Iron Ore"]}, "Shadowfen Alley": {"Name": "Shadowfen Alley", "Enemies": ["Bandit Thug", "Shadow Viper"], "Resources": ["Gold Coin", "Healing Potion"]}}};{"Quest": {"Name": "Consortium Ledger Heist", "Giver": "Griselda", "Actions": ["goto Blackiron Forge", "stealth Percival Grumble", "take Gold Coin", "goto Shadowfen Alley", "give Griselda"]}};"Griselda of The Crimson Claw wants you to steal a financial ledger from Percival Grumble at Blackiron Forge to find weaknesses in the Ironhold Consortium.";"Steal stuff"
{"Factions": {"Mistwood Collective": {"Name": "Mistwood Collective", "Relations": [{"Target": "Player", "Favorability": 2}], "Members": ["Mira Swiftarrow", "Hilda the Innkeeper"], "FactionLog": []}}, "Locations": {"Mistwood Outpost": {"Name": "Mistwood Outpost", "Enemies": ["Goblin Raider", "Dire Wolf"], "Resources": ["Wooden Arrow", "Healing Potion"]}}, "Enemies": {"Dire Wolf": {"Name": "Dire Wolf", "Loot": ["Mysterious Herb"]}}};{"Quest": {"Name": "The Dire Wolf Menace", "Giver": "Mistwood Collective", "Actions": ["goto Mistwood Outpost", "kill Dire Wolf", "goto Mistwood Outpost", "report"]}};"The Mistwood Collective has received complaints about a pack of Dire Wolves near Mistwood Outpost. Mira Swiftarrow asks you to cull the pack.";"Kill enemies"
{"NPCs": {"Thorin Ironhand": {"Name": "Thorin Ironhand", "Species": "Dwarf", "HomeLocation": "Ironhold", "CurrentLocation": "Blackiron Forge", "Faction": "Ironhold Consortium", "OwnedItems": {"Iron Ore": 5, "Dwarven Ale": 2}, "Role": "Blacksmith", "Relations": [{"Target": "Player", "Favorability": 1}]}}, "Locations": {"Glimmerstone Mines": {"Name": "Glimmerstone Mines", "Enemies": ["Goblin Raider", "Iron Golem"], "Resources": ["Iron Ore", "Gold Coin"]}}, "Enemies": {"Iron Golem": {"Name": "Iron Golem", "Loot": ["Iron Ore", "Enchanted Shield"]}}};{"Quest": {"Name": "Golem Heart for the Forge", "Giver": "Thorin Ironhand", "Actions": ["goto Glimmerstone Mines", "damage Iron Golem"]}};"Thorin Ironhand needs the core from an Iron Golem in Glimmerstone Mines to fuel his forge's magical properties.";"Attack enemy"
{"NPCs": {"Brom Stonebrow": {"Name": "Brom Stonebrow", "Species": "Dwarf", "HomeLocation": "Ironhold", "CurrentLocation": "Glimmerstone Mines", "Faction": "Ironhold Consortium", "OwnedItems": {"Iron Ore": 10, "Gold Coin": 5}, "Role": "Lumberjack", "Relations": []}}, "Locations": {"Shadowfen Alley": {"Name": "Shadowfen Alley", "Enemies": ["Bandit Thug", "Shadow Viper"], "Resources": ["Gold Coin", "Healing Potion"]}, "Glimmerstone Mines": {"Name": "Glimmerstone Mines", "Enemies": ["Goblin Raider", "Iron Golem"], "Resources": ["Iron Ore", "Gold Coin"]}}, "Enemies": {"Shadow Viper": {"Name": "Shadow Viper", "Loot": ["Mysterious Herb"]}}, "Items": {"Mysterious Herb": {"Type": "Ingredient"}}};{"Quest": {"Name": "The Shadow Viper Antidote", "Giver": "Brom Stonebrow", "Actions": ["goto Shadowfen Alley", "stealth Shadow Viper", "take Mysterious Herb", "goto Glimmerstone Mines", "give Brom Stonebrow"]}};"A Shadow Viper bit one of Brom Stonebrow's workers. The antidote requires venom glands, but a specific viper in Shadowfen Alley has the right potency.";"Recover stolen item"
{"Factions": {"The Verdant Circle": {"Name": "The Verdant Circle", "Relations": [{"Target": "Player", "Favorability": 2}], "Members": ["Elara Greenhill", "Old Man Hemlock"], "FactionLog": []}}, "Locations": {"Sunken Temple Ruins": {"Name": "Sunken Temple Ruins", "Enemies": ["Cult Fanatic", "Skeleton Archer", "Shadow Viper"], "Resources": ["Ancient Tablet Piece", "Gold Coin"]}, "Verdant Vale": {"Name": "Verdant Vale", "Enemies": ["Forest Troll", "Corrupted Treant"], "Resources": ["Mysterious Herb", "Bread Loaf"]}}, "Enemies": {"Skeleton Archer": {"Name": "Skeleton Archer", "Loot": ["Wooden Arrow", "Gold Coin"]}}};{"Quest": {"Name": "Sunken Temple Scouting", "Giver": "The Verdant Circle", "Actions": ["goto Sunken Temple Ruins", "damage Skeleton Archer", "goto Verdant Vale", "report"]}};"The Verdant Circle needs you to weaken the Skeleton Archers guarding the entrance to the Sunken Temple Ruins so their scouts can investigate.";"Attack threatening entities"
{"NPCs": {"Lyra Brightwood": {"Name": "Lyra Brightwood", "Species": "Halfling", "HomeLocation": "Verdant Vale", "CurrentLocation": "The Rusty Nail Tavern", "Faction": null, "OwnedItems": {"Gold Coin": 50, "Bread Loaf": 4}, "Role": "Innkeeper", "Relations": [{"Target": "Player", "Favorability": 2}]}}, "Locations": {"The Rusty Nail Tavern": {"Name": "The Rusty Nail Tavern", "Enemies": [], "Resources": ["Dwarven Ale", "Bread Loaf"]}}, "Factions": {"The Crimson Claw": {"Name": "The Crimson Claw", "Members": ["Griselda", "Kaelen Shadowdancer"]}}};{"Quest": {"Name": "A Thief in the Tavern", "Giver": "Lyra Brightwood", "Actions": ["goto The Rusty Nail Tavern", "defend"]}};"Lyra Brightwood suspects someone is stealing from patrons at The Rusty Nail Tavern. She wants you to keep watch during the busy evening hours.";"Guard entity"
{"NPCs": {"Old Man Hemlock": {"Name": "Old Man Hemlock", "Species": "Human", "HomeLocation": "Verdant Vale", "CurrentLocation": "Verdant Vale", "Faction": "The Verdant Circle", "OwnedItems": {"Old Key": 1, "Mysterious Herb": 5}, "Role": "Alchemist", "Relations": [{"Target": "Player", "Favorability": 0}]}}, "Locations": {"Verdant Vale": {"Name": "Verdant Vale", "Enemies": ["Forest Troll", "Corrupted Treant"], "Resources": ["Mysterious Herb", "Bread Loaf"]}}, "Enemies": {"Corrupted Treant": {"Name": "Corrupted Treant", "Loot": ["Mysterious Herb", "Ancient Tablet Piece"]}}};{"Quest": {"Name": "The Corrupted Treant's Heartwood", "Giver": "Old Man Hemlock", "Actions": ["goto Verdant Vale", "kill Corrupted Treant", "goto Verdant Vale", "report"]}};"A Corrupted Treant has been spreading blight near Verdant Vale. Old Man Hemlock wants it destroyed and its heartwood for his alchemy.";"Kill enemies"
{"NPCs": {"Sergeant Vex": {"Name": "Sergeant Vex", "Species": "Dragonborn", "HomeLocation": "Ironhold", "CurrentLocation": "Ironhold", "Faction": "Ironhold Consortium", "OwnedItems": {"Iron Sword": 1, "Gold Coin": 25}, "Role": "Guard", "Relations": []}, "Griselda": {"Name": "Griselda", "Species": "Orc", "HomeLocation": "Shadowfen Alley", "CurrentLocation": "Shadowfen Alley", "Faction": "The Crimson Claw", "OwnedItems": {"Gold Coin": 30, "Healing Potion": 2}, "Role": "Thief", "Relations": []}}, "Locations": {"Shadowfen Alley": {"Name": "Shadowfen Alley", "Enemies": ["Bandit Thug", "Shadow Viper"], "Resources": ["Gold Coin", "Healing Potion"]}, "Ironhold": {"Name": "Ironhold", "Enemies": ["Iron Golem", "Bandit Thug"], "Resources": ["Iron Ore", "Dwarven Ale"]}}, "Items": {"Cultist Amulet": {"Type": "QuestItem"}}};{"Quest": {"Name": "The Crimson Claw's Cargo", "Giver": "Sergeant Vex", "Actions": ["goto Shadowfen Alley", "stealth Griselda", "take Cultist Amulet", "goto Ironhold", "give Sergeant Vex"]}};"Sergeant Vex wants you to intercept a Crimson Claw supply cache hidden in Shadowfen Alley to weaken their operations.";"Steal stuff"
{"Factions": {"Ironhold Consortium": {"Name": "Ironhold Consortium", "Relations": [{"Target": "Player", "Favorability": 1}], "Members": ["Thorin Ironhand", "Sergeant Vex", "Brom Stonebrow", "Percival Grumble"], "FactionLog": []}}, "Locations": {"Verdant Vale": {"Name": "Verdant Vale", "Enemies": ["Forest Troll", "Corrupted Treant"], "Resources": ["Mysterious Herb", "Bread Loaf"]}}, "Enemies": {"Forest Troll": {"Name": "Forest Troll", "Loot": ["Gold Coin", "Mysterious Herb"]}}};{"Quest": {"Name": "Troll Blockade", "Giver": "Ironhold Consortium", "Actions": ["goto Verdant Vale", "damage Forest Troll"]}};"A Forest Troll has taken up residence on the main road to Ironhold, blocking trade. The Ironhold Consortium needs it driven off.";"Attack enemy"
{"NPCs": {"Faelan Whisperwind": {"Name": "Faelan Whisperwind", "Species": "Gnome", "HomeLocation": "Mistwood Outpost", "CurrentLocation": "Glimmerstone Mines", "Faction": null, "OwnedItems": {"Spell Scroll: Fireball": 1, "Gold Coin": 8}, "Role": "Mage", "Relations": [{"Target": "Player", "Favorability": 1}]}}, "Locations": {"Glimmerstone Mines": {"Name": "Glimmerstone Mines", "Enemies": ["Goblin Raider", "Iron Golem"], "Resources": ["Iron Ore", "Gold Coin"]}, "Mistwood Outpost": {"Name": "Mistwood Outpost", "Enemies": ["Goblin Raider", "Dire Wolf"], "Resources": ["Wooden Arrow", "Healing Potion"]}}, "Enemies": {"Goblin Raider": {"Name": "Goblin Raider", "Loot": ["Goblin Ear", "Gold Coin"]}}, "Items": {"Spell Scroll: Fireball": {"Type": "Scroll"}}};{"Quest": {"Name": "Faelan's Lost Scroll", "Giver": "Faelan Whisperwind", "Actions": ["goto Glimmerstone Mines", "stealth Goblin Raider", "take Spell Scroll: Fireball", "goto Mistwood Outpost", "give Faelan Whisperwind"]}};"Faelan Whisperwind had his prized Spell Scroll: Fireball stolen by a Goblin Raider in Glimmerstone Mines. He desperately wants it back.";"Recover stolen item"
{"Factions": {"The Verdant Circle": {"Name": "The Verdant Circle", "Relations": [{"Target": "The Sunken Cult", "Favorability": -5}, {"Target": "Player", "Favorability": 2}], "Members": ["Elara Greenhill", "Old Man Hemlock"], "FactionLog": []}, "The Sunken Cult": {"Name": "The Sunken Cult", "Relations": [{"Target": "The Verdant Circle", "Favorability": -5}, {"Target": "Player", "Favorability": -3}], "Members": [], "Treasury": {"Gold Coin": 75, "Ancient Tablet Piece": 3}}}, "Locations": {"Sunken Temple Ruins": {"Name": "Sunken Temple Ruins", "Enemies": ["Cult Fanatic", "Skeleton Archer", "Shadow Viper"], "Resources": ["Ancient Tablet Piece", "Gold Coin"]}, "Verdant Vale": {"Name": "Verdant Vale", "Enemies": ["Forest Troll", "Corrupted Treant"], "Resources": ["Mysterious Herb", "Bread Loaf"]}}, "Enemies": {"Cult Fanatic": {"Name": "Cult Fanatic", "Loot": ["Cultist Amulet", "Gold Coin"]}}};{"Quest": {"Name": "Purge the Sunken Cult", "Giver": "The Verdant Circle", "Actions": ["goto Sunken Temple Ruins", "kill Cult Fanatic", "goto Verdant Vale", "report"]}};"The Verdant Circle has identified the Sunken Temple Ruins as a major Cult Fanatic stronghold. They want you to eliminate the leadership there.";"Kill enemies"
{"NPCs": {"Hilda the Innkeeper": {"Name": "Hilda the Innkeeper", "Species": "Human", "HomeLocation": "Mistwood Outpost", "CurrentLocation": "The Rusty Nail Tavern", "Faction": "Mistwood Collective", "OwnedItems": {"Dwarven Ale": 10, "Bread Loaf": 8}, "Role": "Innkeeper", "Relations": []}}, "Locations": {"Elder's Grove": {"Name": "Elder's Grove", "Enemies": ["Forest Troll"], "Resources": ["Mysterious Herb"]}, "The Rusty Nail Tavern": {"Name": "The Rusty Nail Tavern", "Enemies": [], "Resources": ["Dwarven Ale", "Bread Loaf"]}}, "Enemies": {"Forest Troll": {"Name": "Forest Troll", "Loot": ["Gold Coin", "Mysterious Herb"]}}};{"Quest": {"Name": "The Rusty Nail Brew", "Giver": "Hilda the Innkeeper", "Actions": ["goto Elder's Grove", "damage Forest Troll", "goto The Rusty Nail Tavern", "report"]}};"Hilda's latest ale recipe requires a rare herb guarded by a Forest Troll. She needs you to drive the troll away so her gatherer can collect it.";"Attack threatening entities"
{"NPCs": {"Kaelen Shadowdancer": {"Name": "Kaelen Shadowdancer", "Species": "Tiefling", "HomeLocation": "Shadowfen Alley", "CurrentLocation": "The Shattered Obelisk", "Faction": "The Crimson Claw", "OwnedItems": {"Gold Coin": 20, "Cultist Amulet": 1}, "Role": "Mage", "Relations": []}}, "Locations": {"Sunken Temple Ruins": {"Name": "Sunken Temple Ruins", "Enemies": ["Cult Fanatic", "Skeleton Archer", "Shadow Viper"], "Resources": ["Ancient Tablet Piece", "Gold Coin"]}, "The Shattered Obelisk": {"Name": "The Shattered Obelisk", "Enemies": ["Cult Fanatic", "Skeleton Archer", "Corrupted Treant"], "Resources": ["Ancient Tablet Piece", "Cultist Amulet"]}}, "Enemies": {"Skeleton Archer": {"Name": "Skeleton Archer", "Loot": ["Wooden Arrow", "Gold Coin"]}}, "Items": {"Cultist Amulet": {"Type": "QuestItem"}}};{"Quest": {"Name": "The Cultist's Amulet", "Giver": "Kaelen Shadowdancer", "Actions": ["goto Sunken Temple Ruins", "stealth Skeleton Archer", "take Cultist Amulet", "goto The Shattered Obelisk", "give Kaelen Shadowdancer"]}};"Kaelen Shadowdancer wants you to steal a specific Cultist Amulet from a Skeleton Archer in the Sunken Temple Ruins. It's a family heirloom.";"Steal stuff"
{"NPCs": {"Percival Grumble": {"Name": "Percival Grumble", "Species": "Gnome", "HomeLocation": "Ironhold", "CurrentLocation": "Blackiron Forge", "Faction": "Ironhold Consortium", "OwnedItems": {"Iron Ore": 3, "Gold Coin": 45}, "Role": "Merchant", "Relations": []}}, "Locations": {"Shadowfen Alley": {"Name": "Shadowfen Alley", "Enemies": ["Bandit Thug", "Shadow Viper"], "Resources": ["Gold Coin", "Healing Potion"]}}, "Factions": {"The Crimson Claw": {"Name": "The Crimson Claw", "Relations": [{"Target": "Ironhold Consortium", "Favorability": -3}], "Members": ["Griselda", "Kaelen Shadowdancer"]}}, "Enemies": {"Bandit Thug": {"Name": "Bandit Thug", "Loot": ["Gold Coin", "Iron Sword"]}}};{"Quest": {"Name": "Defend the Caravan", "Giver": "Percival Grumble", "Actions": ["goto Shadowfen Alley", "defend"]}};"Percival Grumble's supply caravan to Mistwood Outpost is at risk of Bandit Thug attacks. He needs an escort to ensure safe passage.";"Guard entity"
{"Factions": {"Mistwood Collective": {"Name": "Mistwood Collective", "Relations": [{"Target": "Player", "Favorability": 2}], "Members": ["Mira Swiftarrow", "Hilda the Innkeeper"], "FactionLog": []}}, "Locations": {"The Shattered Obelisk": {"Name": "The Shattered Obelisk", "Enemies": ["Cult Fanatic", "Skeleton Archer", "Corrupted Treant"], "Resources": ["Ancient Tablet Piece", "Cultist Amulet"]}}, "Enemies": {"Corrupted Treant": {"Name": "Corrupted Treant", "Loot": ["Mysterious Herb", "Ancient Tablet Piece"]}}};{"Quest": {"Name": "The Shattered Obelisk Expedition", "Giver": "Mistwood Collective", "Actions": ["goto The Shattered Obelisk", "damage Corrupted Treant"]}};"The Mistwood Collective wants to explore The Shattered Obelisk but needs the Corrupted Treant outside cleared first.";"Attack enemy"
{"NPCs": {"Sergeant Vex": {"Name": "Sergeant Vex", "Species": "Dragonborn", "HomeLocation": "Ironhold", "CurrentLocation": "Ironhold", "Faction": "Ironhold Consortium", "OwnedItems": {"Iron Sword": 1, "Gold Coin": 25}, "Role": "Guard", "Relations": []}}, "Locations": {"Shadowfen Alley": {"Name": "Shadowfen Alley", "Enemies": ["Bandit Thug", "Shadow Viper"], "Resources": ["Gold Coin", "Healing Potion"]}, "Ironhold": {"Name": "Ironhold", "Enemies": ["Iron Golem", "Bandit Thug"], "Resources": ["Iron Ore", "Dwarven Ale"]}}, "Factions": {"The Crimson Claw": {"Name": "The Crimson Claw", "Relations": [{"Target": "The Verdant Circle", "Favorability": -4}], "Members": ["Griselda", "Kaelen Shadowdancer"]}, "The Verdant Circle": {"Name": "The Verdant Circle", "Relations": [{"Target": "The Crimson Claw", "Favorability": -4}], "Members": ["Elara Greenhill", "Old Man Hemlock"]}}, "Enemies": {"Bandit Thug": {"Name": "Bandit Thug", "Loot": ["Gold Coin", "Iron Sword"]}}};{"Quest": {"Name": "A Message for the Circle", "Giver": "Sergeant Vex", "Actions": ["goto Shadowfen Alley", "damage Bandit Thug", "goto Ironhold", "report"]}};"Sergeant Vex has intel about a planned attack by The Crimson Claw on The Verdant Circle. He needs you to intercept the messenger and report back.";"Attack threatening entities"
{"NPCs":{"Elara Vance":{"Name":"Elara Vance","Species":"Human","HomeLocation":"Havenwood","CurrentLocation":"Havenwood","Faction":"The Crimson Dawn","OwnedItems":{"Iron Dagger":1,"Health Potion":2,"Lockpick":3},"Role":"Black Market Merchant","Relations":[{"Target":"Player","Favorability":2},{"Target":"The Crimson Dawn","Favorability":4}]},"Garret Hale":{"Name":"Garret Hale","Species":"Human","HomeLocation":"Havenwood","CurrentLocation":"Havenwood","Faction":"The Crimson Dawn","OwnedItems":{"Throwing Knives":3,"Smoke Bomb":2,"Crate":1},"Role":"Infiltrator","Relations":[{"Target":"Player","Favorability":-2},{"Target":"The Crimson Dawn","Favorability":3}]}},"Factions":{"The Crimson Dawn":{"Name":"The Crimson Dawn","Relations":[{"Target":"Player","Favorability":1}],"Members":["Elara Vance","Garret Hale"]}},"Locations":{"Havenwood Sewers":{"Name":"Havenwood Sewers","Enemies":[],"Resources":[]},"Havenwood":{"Name":"Havenwood","Enemies":[],"Resources":[]}}};{"Quest":{"Name":"Smuggler's Debt","Giver":"Elara Vance","Actions":["goto Havenwood Sewers","stealth Garret Hale","take Crate","goto Elara Vance","give Crate"]}};"Elara Vance's last shipment of specialty goods was intercepted by Garret Hale, a rival in The Crimson Dawn, who is now hoarding them in the Havenwood Sewers. Retrieve the sealed crate for her.";"Recover stolen item"
{"NPCs":{"Thorold Ironhand":{"Name":"Thorold Ironhand","Species":"Dwarf","HomeLocation":"Stonehollow","CurrentLocation":"Stonehollow","Faction":"The Stonewardens","Role":"Forge Master","Relations":[{"Target":"Player","Favorability":3}],"OwnedItems":{"Steel Warhammer":1,"Iron Ore":5,"Ale":3}}},"Factions":{"The Stonewardens":{"Name":"The Stonewardens","Relations":[{"Target":"Player","Favorability":3}],"Members":["Thorold Ironhand","Grimstone","Finnegan"]},"The Iron Pact":{"Name":"The Iron Pact","Relations":[{"Target":"Player","Favorability":-5}],"Members":["Viktor Kane"]}},"Locations":{"Stonehollow East Gate":{"Name":"Stonehollow East Gate","Enemies":["Iron Pact Soldier"],"Resources":[]}},"Enemies":{"Iron Pact Soldier":{"Name":"Iron Pact Soldier","Loot":["Iron Sword","Chainmail Scrap","Ration"]}}};{"Quest":{"Name":"The Iron Pact Incursion","Giver":"Thorold Ironhand","Actions":["goto Stonehollow East Gate","damage Iron Pact Soldier","damage Iron Pact Soldier","damage Iron Pact Soldier","goto Thorold Ironhand","report"]}};"The Stonewardens report that an Iron Pact war party has set up a forward camp near Stonehollow's eastern entrance. Weaken their siege engines so the Stonewardens can drive them back.";"Attack threatening entities"
{"NPCs":{"Morgaine the Ancient":{"Name":"Morgaine the Ancient","Species":"Elf","HomeLocation":"The Whispering Woods","CurrentLocation":"The Whispering Woods","Faction":"The Verdant Circle","Role":"Archdruid","Relations":[{"Target":"Player","Favorability":4}],"OwnedItems":{"Arcane Tome":1,"Mana Potion":3}}},"Factions":{"The Verdant Circle":{"Name":"The Verdant Circle","Relations":[{"Target":"Player","Favorability":4}],"Members":["Lyra Whisperwind","Morgaine the Ancient"]}},"Locations":{"The Whispering Woods":{"Name":"The Whispering Woods","Enemies":["Corrupted Treant"],"Resources":["Healing Herb"]}}};{"Quest":{"Name":"The Ancient Seed","Giver":"Morgaine the Ancient","Actions":["goto Whispering Woods","defend Morgaine the Ancient"]}};"Morgaine the Ancient has discovered a dormant Ancient Seed in the Whispering Woods. While she performs the ritual to awaken it, you must ensure no corrupted creatures interrupt.";"Guard entity"
{"Factions":{"The Verdant Circle":{"Name":"The Verdant Circle","Relations":[{"Target":"Player","Favorability":4}],"Members":["Lyra Whisperwind","Morgaine the Ancient"]},"The Iron Pact":{"Name":"The Iron Pact","Relations":[{"Target":"Player","Favorability":-5}],"Members":["Viktor Kane"]}},"Locations":{"Silvergrove Outskirts":{"Name":"Silvergrove Outskirts","Enemies":["Iron Pact Soldier"],"Resources":[]}},"Enemies":{"Iron Pact Soldier":{"Name":"Iron Pact Soldier","Loot":["Iron Sword","Chainmail Scrap","Ration"]}}};{"Quest":{"Name":"Blood for Blood","Giver":"The Verdant Circle","Actions":["goto Silvergrove Outskirts","kill Iron Pact Soldier","kill Iron Pact Soldier","goto The Verdant Circle","report"]}};"Viktor Kane of The Iron Pact has been ambushing The Verdant Circle's supply lines. The Circle wants you to eliminate his forward scouts operating near Silvergrove.";"Kill enemies"
{"NPCs":{"Finnegan":{"Name":"Finnegan","Species":"Gnome","HomeLocation":"Stonehollow","CurrentLocation":"Stonehollow","Faction":"The Stonewardens","Role":"Tinkerer","Relations":[{"Target":"Player","Favorability":1}],"OwnedItems":{"Gadget":4,"Battery":2}}},"Factions":{"The Stonewardens":{"Name":"The Stonewardens","Relations":[{"Target":"Player","Favorability":3}],"Members":["Thorold Ironhand","Grimstone","Finnegan"]}},"Locations":{"Cinderfall Mine":{"Name":"Cinderfall Mine","Enemies":["Goblin Raider"],"Resources":["Iron Ore"]}},"Enemies":{"Goblin Raider":{"Name":"Goblin Raider","Loot":["Copper Coin","Short Sword","Rotten Food"]}}};{"Quest":{"Name":"Cinderfall's Bounty","Giver":"Finnegan","Actions":["goto Cinderfall Mine","stealth Goblin Raider","take Power Core","goto Finnegan","give Power Core"]}};"Finnegan needs a rare power core from an old mining mech in Cinderfall Mine. The mech is guarded by goblins who've claimed it as a shiny throne. Retrieve it discreetly.";"Steal stuff"
{"NPCs":{"Kade Silvertongue":{"Name":"Kade Silvertongue","Species":"Human","HomeLocation":"Port Ferox","CurrentLocation":"Port Ferox","Faction":"The Free Captains","Role":"Smuggler","Relations":[{"Target":"Player","Favorability":0}],"OwnedItems":{"Cutlass":1,"Rum":2}}},"Locations":{"Port Ferox Docks":{"Name":"Port Ferox Docks","Enemies":["Bandit Cutthroat"],"Resources":[]}},"Enemies":{"Bandit Cutthroat":{"Name":"Bandit Cutthroat","Loot":["Gold","Health Potion","Lockpick"]}}};{"Quest":{"Name":"The Assassination Contract","Giver":"Kade Silvertongue","Actions":["goto Port Ferox Docks","damage Bandit Cutthroat"]}};"Kade Silvertongue has a problem: a rival smuggler named One-Eyed Moll has been sinking his ships. He wants you to find her at Port Ferox and make an example of her.";"Attack enemy"
{"NPCs":{"Grimstone":{"Name":"Grimstone","Species":"Orc","HomeLocation":"Cinderfall Mine","CurrentLocation":"Cinderfall Mine","Faction":"The Stonewardens","Role":"Mercenary","Relations":[{"Target":"Player","Favorability":1}],"OwnedItems":{"Two-Handed Axe":1,"Raw Meat":3}}},"Factions":{"The Stonewardens":{"Name":"The Stonewardens","Relations":[{"Target":"Player","Favorability":3}],"Members":["Thorold Ironhand","Grimstone","Finnegan"]}},"Locations":{"Stonehollow Reservoir":{"Name":"Stonehollow Reservoir","Enemies":["Goblin Raider"],"Resources":[]}},"Enemies":{"Goblin Raider":{"Name":"Goblin Raider","Loot":["Copper Coin","Short Sword","Rotten Food"]}}};{"Quest":{"Name":"Poisoned Wells","Giver":"Grimstone","Actions":["goto Stonehollow Reservoir","kill Goblin Raider","take Purification Crystal","goto Grimstone","give Purification Crystal"]}};"Someone has stolen the purification crystal from Stonehollow's main well, and the water is becoming tainted. Grimstone suspects the goblins who've been lurking near the old reservoir.";"Recover stolen item"
{"NPCs":{"Garret Hale":{"Name":"Garret Hale","Species":"Human","HomeLocation":"Havenwood","CurrentLocation":"Havenwood","Faction":"The Crimson Dawn","Role":"Infiltrator","Relations":[{"Target":"Player","Favorability":-2}],"OwnedItems":{"Throwing Knives":3,"Smoke Bomb":2}},"Thorold Ironhand":{"Name":"Thorold Ironhand","Species":"Dwarf","HomeLocation":"Stonehollow","CurrentLocation":"Stonehollow","Faction":"The Stonewardens","Role":"Forge Master","Relations":[{"Target":"Player","Favorability":3}],"OwnedItems":{"Steel Warhammer":1,"Iron Ore":5,"Ale":3,"Tribute Chest":1}}},"Factions":{"The Crimson Dawn":{"Name":"The Crimson Dawn","Relations":[{"Target":"Player","Favorability":1}],"Members":["Elara Vance","Garret Hale"]},"The Stonewardens":{"Name":"The Stonewardens","Relations":[{"Target":"Player","Favorability":3}],"Members":["Thorold Ironhand","Grimstone","Finnegan"]}},"Locations":{"Stonehollow Treasury":{"Name":"Stonehollow Treasury","Enemies":[],"Resources":[]}}};{"Quest":{"Name":"The Crimson Tithe","Giver":"Garret Hale","Actions":["goto Stonehollow Treasury","stealth Thorold Ironhand","take Tribute Chest","goto Garret Hale","give Tribute Chest"]}};"Garret Hale wants to prove himself to The Crimson Dawn. He's tasked you with stealing a tribute chest from The Stonewardens' treasury vault. He'll handle the fence.";"Steal stuff"
{"NPCs":{"Lyra Whisperwind":{"Name":"Lyra Whisperwind","Species":"Elf","HomeLocation":"Silvergrove","CurrentLocation":"Silvergrove","Faction":"The Verdant Circle","Role":"Ranger","Relations":[{"Target":"Player","Favorability":1}],"OwnedItems":{"Elven Bow":1,"Healing Herb":4}}},"Factions":{"The Verdant Circle":{"Name":"The Verdant Circle","Relations":[{"Target":"Player","Favorability":4}],"Members":["Lyra Whisperwind","Morgaine the Ancient"]}},"Locations":{"Silkwood Pass":{"Name":"Silkwood Pass","Enemies":["Forest Spider"],"Resources":[]}},"Enemies":{"Forest Spider":{"Name":"Forest Spider","Loot":["Spider Silk","Venom Gland"]}}};{"Quest":{"Name":"Web of Deceit","Giver":"Lyra Whisperwind","Actions":["goto Silkwood Pass","damage Forest Spider","goto Lyra Whisperwind","report"]}};"A massive Forest Spider has taken up residence in the main trade route between Havenwood and Silvergrove. Lyra Whisperwind wants you to weaken it so she can relocate it safely.";"Attack threatening entities"
{"Factions":{"The Stonewardens":{"Name":"The Stonewardens","Relations":[{"Target":"Player","Favorability":3}],"Members":["Thorold Ironhand","Grimstone","Finnegan"]},"The Iron Pact":{"Name":"The Iron Pact","Relations":[{"Target":"Player","Favorability":-5}],"Members":["Viktor Kane"]}},"NPCs":{"Viktor Kane":{"Name":"Viktor Kane","Species":"Human","HomeLocation":"Fort Drakon","CurrentLocation":"Fort Drakon","Faction":"The Iron Pact","Role":"Warlord","Relations":[{"Target":"Player","Favorability":-3}],"OwnedItems":{"Greatsword":1,"Plate Armor":1,"Attack Plans":1}}},"Locations":{"Fort Drakon":{"Name":"Fort Drakon","Enemies":["Iron Pact Soldier"],"Resources":[]}}};{"Quest":{"Name":"Fort Drakon Intel","Giver":"The Stonewardens","Actions":["goto Fort Drakon","stealth Viktor Kane","take Attack Plans","goto The Stonewardens","give Attack Plans"]}};"The Stonewardens need the Iron Pact's attack plans from Fort Drakon. The plans are kept in Viktor Kane's personal quarters. Get in and out without raising the alarm.";"Steal stuff"
{"NPCs":{"Seraphina":{"Name":"Seraphina","Species":"Aasimar","HomeLocation":"Havenwood","CurrentLocation":"Havenwood","Faction":"None","Role":"Healer","Relations":[{"Target":"Player","Favorability":5}],"OwnedItems":{"Healing Potion":5,"Holy Symbol":1}}},"Locations":{"Seraphina's Garden":{"Name":"Seraphina's Garden","Enemies":["Goblin Raider"],"Resources":["Healing Herb"]}},"Enemies":{"Goblin Raider":{"Name":"Goblin Raider","Loot":["Copper Coin","Short Sword","Rotten Food"]}}};{"Quest":{"Name":"The Herbalist's Plight","Giver":"Seraphina","Actions":["goto Seraphina's Garden","kill Goblin Raider","kill Goblin Raider","goto Seraphina","report"]}};"Seraphina's supply of rare herbs has been overrun by goblins who are using her garden as a campsite. Clear them out so she can resume her healing work.";"Kill enemies"
{"NPCs":{"Morgaine the Ancient":{"Name":"Morgaine the Ancient","Species":"Elf","HomeLocation":"The Whispering Woods","CurrentLocation":"The Whispering Woods","Faction":"The Verdant Circle","Role":"Archdruid","Relations":[{"Target":"Player","Favorability":4}],"OwnedItems":{"Arcane Tome":1,"Mana Potion":3}}},"Factions":{"The Verdant Circle":{"Name":"The Verdant Circle","Relations":[{"Target":"Player","Favorability":4}],"Members":["Lyra Whisperwind","Morgaine the Ancient"]}},"Locations":{"The Whispering Woods":{"Name":"The Whispering Woods","Enemies":["Corrupted Treant"],"Resources":["Healing Herb"]}},"Enemies":{"Corrupted Treant":{"Name":"Corrupted Treant","Loot":["Elder Wood","Corrupted Sap","Life Essence","Moonstone":1]}}};{"Quest":{"Name":"Stolen Artifact","Giver":"Morgaine the Ancient","Actions":["goto Whispering Woods","kill Corrupted Treant","take Moonstone","goto Morgaine the Ancient","give Moonstone"]}};"The Verdant Circle's ceremonial Moonstone was stolen by a rogue member who fled to the Whispering Woods. Morgaine wants it back before the next full moon.";"Recover stolen item"
{"NPCs":{"Elara Vance":{"Name":"Elara Vance","Species":"Human","HomeLocation":"Havenwood","CurrentLocation":"Havenwood","Faction":"The Crimson Dawn","Role":"Black Market Merchant","Relations":[{"Target":"Player","Favorability":2}],"OwnedItems":{"Iron Dagger":1,"Health Potion":2,"Lockpick":3}}},"Factions":{"The Crimson Dawn":{"Name":"The Crimson Dawn","Relations":[{"Target":"Player","Favorability":1}],"Members":["Elara Vance","Garret Hale"]}},"Locations":{"Havenwood Back Alleys":{"Name":"Havenwood Back Alleys","Enemies":["Bandit Cutthroat"],"Resources":[]}}};{"Quest":{"Name":"Merchant's Worry","Giver":"Elara Vance","Actions":["goto Havenwood Back Alleys","defend Elara Vance"]}};"Elara Vance has a high-value client arriving at Havenwood tonight. She needs you to escort them through the city's back alleys, where Crimson Dawn rivals may be lying in wait.";"Guard entity"
{"NPCs":{"Thorold Ironhand":{"Name":"Thorold Ironhand","Species":"Dwarf","HomeLocation":"Stonehollow","CurrentLocation":"Stonehollow","Faction":"The Stonewardens","Role":"Forge Master","Relations":[{"Target":"Player","Favorability":3}],"OwnedItems":{"Steel Warhammer":1,"Iron Ore":5,"Ale":3}}},"Factions":{"The Stonewardens":{"Name":"The Stonewardens","Relations":[{"Target":"Player","Favorability":3}],"Members":["Thorold Ironhand","Grimstone","Finnegan"]}},"Locations":{"Cinderfall Mine":{"Name":"Cinderfall Mine","Enemies":["Goblin Raider"],"Resources":["Iron Ore"]}},"Enemies":{"Goblin Raider":{"Name":"Goblin Raider","Loot":["Copper Coin","Short Sword","Rotten Food"]}}};{"Quest":{"Name":"The Goblin Chieftain","Giver":"Thorold Ironhand","Actions":["goto Cinderfall Mine","kill Goblin Raider","kill Goblin Raider","kill Goblin Raider","goto Thorold Ironhand","report"]}};"A Goblin Chieftain has united several tribes near Cinderfall Mine and is attacking mining operations. Thorold Ironhand wants you to eliminate the chieftain and scatter his forces.";"Kill enemies"
{"NPCs":{"Kade Silvertongue":{"Name":"Kade Silvertongue","Species":"Human","HomeLocation":"Port Ferox","CurrentLocation":"Port Ferox","Faction":"The Free Captains","Role":"Smuggler","Relations":[{"Target":"Player","Favorability":0}],"OwnedItems":{"Cutlass":1,"Rum":2}}},"Factions":{"The Iron Pact":{"Name":"The Iron Pact","Relations":[{"Target":"Player","Favorability":-5}],"Members":["Viktor Kane"]}},"Locations":{"Fort Drakon Armory":{"Name":"Fort Drakon Armory","Enemies":["Iron Pact Soldier"],"Resources":[]}},"Enemies":{"Iron Pact Soldier":{"Name":"Iron Pact Soldier","Loot":["Iron Sword","Chainmail Scrap","Ration","Weapon Cache":1]}}};{"Quest":{"Name":"Fence's Errand","Giver":"Kade Silvertongue","Actions":["goto Fort Drakon Armory","stealth Iron Pact Soldier","take Weapon Cache","goto Kade Silvertongue","give Weapon Cache"]}};"Kade Silvertongue has a buyer for some unmarked Iron Pact weapons currently stored at Fort Drakon's armory. Retrieve them without leaving evidence.";"Steal stuff"
{"Factions":{"The Verdant Circle":{"Name":"The Verdant Circle","Relations":[{"Target":"Player","Favorability":4}],"Members":["Lyra Whisperwind","Morgaine the Ancient"]}},"Locations":{"Verdant Grove":{"Name":"Verdant Grove","Enemies":["Corrupted Treant"],"Resources":["Healing Herb"]}},"Enemies":{"Corrupted Treant":{"Name":"Corrupted Treant","Loot":["Elder Wood","Corrupted Sap","Life Essence"]}}};{"Quest":{"Name":"The Corrupted Grove","Giver":"The Verdant Circle","Actions":["goto Verdant Grove","damage Corrupted Treant","goto The Verdant Circle","report"]}};"The Verdant Circle has detected a powerful Corrupted Treant that is spreading blight through a sacred grove. Weaken it so their druids can perform a cleansing ritual.";"Attack threatening entities"
{"NPCs":{"Garret Hale":{"Name":"Garret Hale","Species":"Human","HomeLocation":"Havenwood","CurrentLocation":"Havenwood","Faction":"The Crimson Dawn","Role":"Infiltrator","Relations":[{"Target":"Player","Favorability":-2}],"OwnedItems":{"Throwing Knives":3,"Smoke Bomb":2}},"Elara Vance":{"Name":"Elara Vance","Species":"Human","HomeLocation":"Havenwood","CurrentLocation":"Havenwood","Faction":"The Crimson Dawn","Role":"Black Market Merchant","Relations":[{"Target":"Player","Favorability":2}],"OwnedItems":{"Iron Dagger":1,"Health Potion":2,"Lockpick":3,"Ledger":1}}},"Factions":{"The Crimson Dawn":{"Name":"The Crimson Dawn","Relations":[{"Target":"Player","Favorability":1}],"Members":["Elara Vance","Garret Hale"]}},"Locations":{"Havenwood":{"Name":"Havenwood","Enemies":[],"Resources":[]}}};{"Quest":{"Name":"Blackmail Material","Giver":"Garret Hale","Actions":["goto Havenwood","stealth Elara Vance","take Ledger","goto Garret Hale","give Ledger"]}};"Garret Hale wants leverage over a Crimson Dawn captain who's been skimming from the faction's coffers. He needs you to steal the captain's ledger from his home in Havenwood.";"Steal stuff"
{"NPCs":{"Lyra Whisperwind":{"Name":"Lyra Whisperwind","Species":"Elf","HomeLocation":"Silvergrove","CurrentLocation":"Silvergrove","Faction":"The Verdant Circle","Role":"Ranger","Relations":[{"Target":"Player","Favorability":1}],"OwnedItems":{"Elven Bow":1,"Healing Herb":4}}},"Factions":{"The Verdant Circle":{"Name":"The Verdant Circle","Relations":[{"Target":"Player","Favorability":4}],"Members":["Lyra Whisperwind","Morgaine the Ancient"]}},"Locations":{"Silvergrove":{"Name":"Silvergrove","Enemies":["Goblin Raider","Forest Spider"],"Resources":["Healing Herb"]}},"Enemies":{"Goblin Raider":{"Name":"Goblin Raider","Loot":["Copper Coin","Short Sword","Rotten Food"]},"Forest Spider":{"Name":"Forest Spider","Loot":["Spider Silk","Venom Gland"]}}};{"Quest":{"Name":"The Forest's Cry","Giver":"Lyra Whisperwind","Actions":["goto Silvergrove","kill Goblin Raider","kill Forest Spider","kill Goblin Raider","goto Lyra Whisperwind","report"]}};"A pack of goblins has been using Forest Spider venom to poison the Silvergrove wildlife. Lyra Whisperwind wants you to eliminate both threats to restore balance.";"Kill enemies"
{"NPCs":{"Grimstone":{"Name":"Grimstone","Species":"Orc","HomeLocation":"Cinderfall Mine","CurrentLocation":"Cinderfall Mine","Faction":"The Stonewardens","Role":"Mercenary","Relations":[{"Target":"Player","Favorability":1}],"OwnedItems":{"Two-Handed Axe":1,"Raw Meat":3}}},"Factions":{"The Stonewardens":{"Name":"The Stonewardens","Relations":[{"Target":"Player","Favorability":3}],"Members":["Thorold Ironhand","Grimstone","Finnegan"]},"The Crimson Dawn":{"Name":"The Crimson Dawn","Relations":[{"Target":"Player","Favorability":1}],"Members":["Elara Vance","Garret Hale"]}},"Locations":{"Port Ferox Hideout":{"Name":"Port Ferox Hideout","Enemies":["Bandit Cutthroat"],"Resources":[]}},"Enemies":{"Bandit Cutthroat":{"Name":"Bandit Cutthroat","Loot":["Gold","Health Potion","Lockpick","Iron Ingots":5]}}};{"Quest":{"Name":"Under the Table","Giver":"Grimstone","Actions":["goto Port Ferox Hideout","kill Bandit Cutthroat","take Iron Ingots","goto Grimstone","give Iron Ingots"]}};"A shipment of Iron Ingots destined for The Stonewardens was stolen by bandits working for The Crimson Dawn. Grimstone wants you to recover the ingots from their hideout in Port Ferox.";"Recover stolen item"
{"NPCs":{"Finnegan":{"Name":"Finnegan","Species":"Gnome","HomeLocation":"Stonehollow","CurrentLocation":"Stonehollow","Faction":"The Stonewardens","Role":"Tinkerer","Relations":[{"Target":"Player","Favorability":1}],"OwnedItems":{"Gadget":4,"Battery":2}}},"Factions":{"The Stonewardens":{"Name":"The Stonewardens","Relations":[{"Target":"Player","Favorability":3}],"Members":["Thorold Ironhand","Grimstone","Finnegan"]},"The Iron Pact":{"Name":"The Iron Pact","Relations":[{"Target":"Player","Favorability":-5}],"Members":["Viktor Kane"]}},"Locations":{"Stonehollow Main Gate":{"Name":"Stonehollow Main Gate","Enemies":["Iron Pact Soldier"],"Resources":[]}},"Enemies":{"Iron Pact Soldier":{"Name":"Iron Pact Soldier","Loot":["Iron Sword","Chainmail Scrap","Ration"]}}};{"Quest":{"Name":"A Show of Force","Giver":"Finnegan","Actions":["goto Stonehollow Main Gate","damage Iron Pact Soldier"]}};"The Iron Pact has been harassing Stonehollow's outer patrols. Finnegan wants you to send a message by publicly defeating one of their soldiers near the main gate.";"Attack enemy"
{"NPCs":{"Elara Nightshade":{"Name":"Elara Nightshade","Species":"Elf","HomeLocation":"Whispering Pines Inn","CurrentLocation":"Whispering Pines Inn","Faction":"The Verdant Circle","OwnedItems":{"Mysterious Herb":3,"Healing Poultice":2},"Role":"Apothecary","Relations":[{"Target":"Kaelen","Favorability":2},{"Target":"The Iron Covenant","Favorability":-2}]},"Lyra Swiftarrow":{"Name":"Lyra Swiftarrow","Species":"Elf","HomeLocation":"Glimmerdale","CurrentLocation":"Murkwood Forest","Faction":"The Verdant Circle","OwnedItems":{},"Role":"Ranger","Relations":[{"Target":"Kaelen","Favorability":3}]},"Faelan Moonshadow":{"Name":"Faelan Moonshadow","Species":"Elf","HomeLocation":"Glimmerdale","CurrentLocation":"Shadowfen Marsh","Faction":"The Verdant Circle","OwnedItems":{"Obsidian Arrowhead":4},"Role":"Ranger","Relations":[{"Target":"Kaelen","Favorability":2},{"Target":"The Ashen Claw","Favorability":-1}]}},"Factions":{"The Verdant Circle":{"Name":"The Verdant Circle","Relations":[{"Target":"Kaelen","Favorability":3}],"Members":["Elara Nightshade","Lyra Swiftarrow","Faelan Moonshadow"],"Treasury":{"Mysterious Herb":10,"Healing Poultice":5},"FactionLog":[]}},"Locations":{"Murkwood Forest":{"Name":"Murkwood Forest","Enemies":["Forest Goblin","Corrupted Treant"],"Resources":["Mysterious Herb","Elven Bread"]}},"Enemies":{"Corrupted Treant":{"Name":"Corrupted Treant","Loot":["Elven Bread","Mysterious Herb"]}}};{"Quest":{"Name":"Root of Corruption","Giver":"The Verdant Circle","Actions":["goto Murkwood Forest","damage Corrupted Treant","goto The Verdant Circle","report"]}};"The Verdant Circle warns that a Corrupted Treant in Murkwood Forest is spreading decay, threatening the local wildlife. Weaken it so their rangers can finish the purification ritual.";"Attack threatening entities"
{"NPCs":{"Mira Thornwood":{"Name":"Mira Thornwood","Species":"Human","HomeLocation":"Whispering Pines Inn","CurrentLocation":"Whispering Pines Inn","Faction":null,"OwnedItems":{"Dwarven Ale":5,"Elven Bread":3},"Role":"Innkeeper","Relations":[{"Target":"Kaelen","Favorability":4}],"NPCLog":[]}},"Locations":{"Murkwood Forest":{"Name":"Murkwood Forest","Enemies":["Forest Goblin","Corrupted Treant"],"Resources":["Mysterious Herb","Elven Bread"]},"Whispering Pines Inn":{"Name":"Whispering Pines Inn","Enemies":[],"Resources":["Dwarven Ale","Elven Bread"]}},"Items":{"Dwarven Ale":{"Type":"Item"}}};{"Quest":{"Name":"Stolen Dwarven Ale","Giver":"Mira Thornwood","Actions":["goto Murkwood Forest","gather Dwarven Ale","goto Whispering Pines Inn","give Mira Thornwood Dwarven Ale"]}};"Mira Thornwood's prized cask of Dwarven Ale was stolen by Forest Goblins in Murkwood Forest. Retrieve it for her before the festival.";"Recover stolen item"
{"NPCs":{"Grimgar the Old":{"Name":"Grimgar the Old","Species":"Human","HomeLocation":"Northwatch Tower","CurrentLocation":"Northwatch Tower","Faction":"Sunspear Militia","OwnedItems":{"Scroll of Fireball":1},"Role":"Wizard","Relations":[{"Target":"Kaelen","Favorability":2},{"Target":"The Ashen Claw","Favorability":-3}],"NPCLog":[]}},"Locations":{"Northwatch Tower":{"Name":"Northwatch Tower","Enemies":[],"Resources":[]}}};{"Quest":{"Name":"The Watchtower Vigil","Giver":"Grimgar the Old","Actions":["goto Northwatch Tower","defend"]}};"Grimgar the Old needs someone to guard Northwatch Tower while he studies ancient texts. Defend the tower from any threats.";"Guard entity"
{"NPCs":{"Faelan Moonshadow":{"Name":"Faelan Moonshadow","Species":"Elf","HomeLocation":"Glimmerdale","CurrentLocation":"Shadowfen Marsh","Faction":"The Verdant Circle","OwnedItems":{"Obsidian Arrowhead":4},"Role":"Ranger","Relations":[{"Target":"Kaelen","Favorability":2},{"Target":"The Ashen Claw","Favorability":-1}],"NPCLog":[]}},"Locations":{"Shadowfen Marsh":{"Name":"Shadowfen Marsh","Enemies":["Marsh Troll","Shadow Viper"],"Resources":["Healing Poultice"]}},"Enemies":{"Marsh Troll":{"Name":"Marsh Troll","Loot":["Mysterious Herb","Healing Poultice"]}}};{"Quest":{"Name":"The Marsh Troll Menace","Giver":"Faelan Moonshadow","Actions":["goto Shadowfen Marsh","damage Marsh Troll"]}};"Faelan Moonshadow reports a Marsh Troll has been blocking the southern pass through Shadowfen Marsh. Drive it back so trade routes can reopen.";"Attack enemy"
{"NPCs":{"Sera Goldleaf":{"Name":"Sera Goldleaf","Species":"Halfling","HomeLocation":"Glimmerdale","CurrentLocation":"Glimmerdale","Faction":null,"OwnedItems":{"Lockpick Set":1,"Silver Key":1},"Role":"Merchant","Relations":[{"Target":"Kaelen","Favorability":0}],"NPCLog":[]}},"Locations":{"Murkwood Forest":{"Name":"Murkwood Forest","Enemies":["Forest Goblin","Corrupted Treant"],"Resources":["Mysterious Herb","Elven Bread"]},"Glimmerdale":{"Name":"Glimmerdale","Enemies":[],"Resources":[]}},"Enemies":{"Cultist Fanatic":{"Name":"Cultist Fanatic","Loot":["Scroll of Fireball","Silver Key"]}},"Items":{"Silver Key":{"Type":"Key"}}};{"Quest":{"Name":"The Cultist's Key","Giver":"Sera Goldleaf","Actions":["goto Murkwood Forest","stealth Cultist Fanatic","take Silver Key","goto Glimmerdale","give Sera Goldleaf Silver Key"]}};"Sera Goldleaf lost a valuable Silver Key to a Cultist Fanatic hiding near Murkwood Forest. Retrieve it for her discreetly, by any means necessary.";"Steal stuff"
{"NPCs":{"Aldric the Wise":{"Name":"Aldric the Wise","Species":"Human","HomeLocation":"Sunstone Keep","CurrentLocation":"Sunstone Keep","Faction":"Sunspear Militia","OwnedItems":{},"Role":"GuardCaptain","Relations":[{"Target":"Kaelen","Favorability":1},{"Target":"The Ashen Claw","Favorability":-4}],"NPCLog":[]}},"Factions":{"The Iron Covenant":{"Name":"The Iron Covenant","Relations":[{"Target":"The Verdant Circle","Favorability":-3},{"Target":"Sunspear Militia","Favorability":-2},{"Target":"Kaelen","Favorability":-1}],"Members":["Borin Ironfoot","Torvin Stonehand"],"Treasury":{"Iron Sword":5,"Iron Shield":4},"FactionLog":[]}},"Locations":{"Sunstone Keep":{"Name":"Sunstone Keep","Enemies":[],"Resources":["Lockpick Set"]}},"Enemies":{"Iron Covenant Raider":{"Name":"Iron Covenant Raider","Loot":["Iron Sword","Iron Shield"]}}};{"Quest":{"Name":"Iron Covenant Raiders","Giver":"Aldric the Wise","Actions":["goto Sunstone Keep","kill Iron Covenant Raider","goto Aldric the Wise","report"]}};"Aldric the Wise wants you to eliminate the Iron Covenant Raiders harassing travelers near Sunstone Keep. Bring proof of their demise.";"Kill enemies"
{"NPCs":{"Elara Nightshade":{"Name":"Elara Nightshade","Species":"Elf","HomeLocation":"Whispering Pines Inn","CurrentLocation":"Whispering Pines Inn","Faction":"The Verdant Circle","OwnedItems":{"Mysterious Herb":3,"Healing Poultice":2},"Role":"Apothecary","Relations":[{"Target":"Kaelen","Favorability":2},{"Target":"The Iron Covenant","Favorability":-2}],"NPCLog":[]}},"Locations":{"Shadowfen Marsh":{"Name":"Shadowfen Marsh","Enemies":["Marsh Troll","Shadow Viper"],"Resources":["Healing Poultice"]},"Whispering Pines Inn":{"Name":"Whispering Pines Inn","Enemies":[],"Resources":["Dwarven Ale","Elven Bread"]}},"Items":{"Mysterious Herb":{"Type":"Ingredient"}}};{"Quest":{"Name":"Herbs for the Apothecary","Giver":"Elara Nightshade","Actions":["goto Shadowfen Marsh","gather Mysterious Herb","goto Whispering Pines Inn","give Elara Nightshade Mysterious Herb"]}};"Elara Nightshade's supply of Mysterious Herbs was taken by Shadow Vipers in Shadowfen Marsh. Recover them before her patient runs out of medicine.";"Recover stolen item"
{"NPCs":{"Lyra Swiftarrow":{"Name":"Lyra Swiftarrow","Species":"Elf","HomeLocation":"Glimmerdale","CurrentLocation":"Murkwood Forest","Faction":"The Verdant Circle","OwnedItems":{},"Role":"Ranger","Relations":[{"Target":"Kaelen","Favorability":3}],"NPCLog":[]}},"Locations":{"Murkwood Forest":{"Name":"Murkwood Forest","Enemies":["Forest Goblin","Corrupted Treant"],"Resources":["Mysterious Herb","Elven Bread"]}}};{"Quest":{"Name":"Protect the Ranger","Giver":"Lyra Swiftarrow","Actions":["goto Murkwood Forest","defend"]}};"Lyra Swiftarrow is tracking a goblin warband in Murkwood Forest. She needs someone to watch her back while she scouts ahead.";"Guard entity"
{"NPCs":{"Borin Ironfoot":{"Name":"Borin Ironfoot","Species":"Dwarf","HomeLocation":"The Rusty Anvil","CurrentLocation":"The Rusty Anvil","Faction":"The Iron Covenant","OwnedItems":{"Iron Sword":1,"Steel Gauntlets":1},"Role":"Blacksmith","Relations":[{"Target":"Kaelen","Favorability":1},{"Target":"The Verdant Circle","Favorability":-1}],"NPCLog":[]}},"Locations":{"Murkwood Forest":{"Name":"Murkwood Forest","Enemies":["Forest Goblin","Corrupted Treant"],"Resources":["Mysterious Herb","Elven Bread"]}},"Enemies":{"Corrupted Treant":{"Name":"Corrupted Treant","Loot":["Elven Bread","Mysterious Herb"]}}};{"Quest":{"Name":"The Blacksmith's Challenge","Giver":"Borin Ironfoot","Actions":["goto Murkwood Forest","damage Corrupted Treant"]}};"Borin Ironfoot heard a Corrupted Treant destroyed his cousin's forge. Prove your strength by damaging the beast and bring back a sample of its bark.";"Attack enemy"
{"NPCs":{"Greta Honeywell":{"Name":"Greta Honeywell","Species":"Human","HomeLocation":"Whispering Pines Inn","CurrentLocation":"Whispering Pines Inn","Faction":null,"OwnedItems":{},"Role":"Bard","Relations":[{"Target":"Kaelen","Favorability":1}],"NPCLog":[]}},"Locations":{"Shadowfen Marsh":{"Name":"Shadowfen Marsh","Enemies":["Marsh Troll","Shadow Viper"],"Resources":["Healing Poultice"]},"Whispering Pines Inn":{"Name":"Whispering Pines Inn","Enemies":[],"Resources":["Dwarven Ale","Elven Bread"]}},"Enemies":{"Shadow Viper":{"Name":"Shadow Viper","Loot":["Obsidian Arrowhead"]}}};{"Quest":{"Name":"Viper Venom","Giver":"Greta Honeywell","Actions":["goto Shadowfen Marsh","kill Shadow Viper","goto Whispering Pines Inn","report"]}};"Greta Honeywell needs Shadow Viper venom for a new song—she claims it inspires courage. She wants proof of the kill.";"Kill enemies"
{"NPCs":{"Torvin Stonehand":{"Name":"Torvin Stonehand","Species":"Dwarf","HomeLocation":"The Rusty Anvil","CurrentLocation":"The Rusty Anvil","Faction":"The Iron Covenant","OwnedItems":{"Iron Shield":2},"Role":"Blacksmith","Relations":[{"Target":"Kaelen","Favorability":0}],"NPCLog":[]}},"Locations":{"Murkwood Forest":{"Name":"Murkwood Forest","Enemies":["Forest Goblin","Corrupted Treant"],"Resources":["Mysterious Herb","Elven Bread"]},"The Rusty Anvil":{"Name":"The Rusty Anvil","Enemies":[],"Resources":["Iron Sword","Iron Shield","Steel Gauntlets"]}},"Items":{"Iron Shield":{"Type":"Armor"}}};{"Quest":{"Name":"Stolen Shield","Giver":"Torvin Stonehand","Actions":["goto Murkwood Forest","gather Iron Shield","goto The Rusty Anvil","give Torvin Stonehand Iron Shield"]}};"Torvin Stonehand's finest Iron Shield was stolen by a Forest Goblin in Murkwood Forest. Retrieve it for him.";"Recover stolen item"
{"NPCs":{"Aldric the Wise":{"Name":"Aldric the Wise","Species":"Human","HomeLocation":"Sunstone Keep","CurrentLocation":"Sunstone Keep","Faction":"Sunspear Militia","OwnedItems":{},"Role":"GuardCaptain","Relations":[{"Target":"Kaelen","Favorability":1},{"Target":"The Ashen Claw","Favorability":-4}],"NPCLog":[]}},"Factions":{"The Ashen Claw":{"Name":"The Ashen Claw","Relations":[{"Target":"The Verdant Circle","Favorability":-3},{"Target":"Sunspear Militia","Favorability":-5},{"Target":"Kaelen","Favorability":-2}],"Members":[],"Treasury":{},"FactionLog":[]}},"Locations":{"Sunstone Keep":{"Name":"Sunstone Keep","Enemies":[],"Resources":["Lockpick Set"]}},"Enemies":{"Cultist Fanatic":{"Name":"Cultist Fanatic","Loot":["Scroll of Fireball","Silver Key"]}}};{"Quest":{"Name":"Eliminate the Cult Cell","Giver":"Aldric the Wise","Actions":["goto Sunstone Keep","kill Cultist Fanatic","goto Aldric the Wise","report"]}};"The Ashen Claw has been spotted near Sunstone Keep. Aldric the Wise wants them eliminated before they can complete their ritual.";"Kill enemies"
{"NPCs":{"Grimgar the Old":{"Name":"Grimgar the Old","Species":"Human","HomeLocation":"Northwatch Tower","CurrentLocation":"Northwatch Tower","Faction":"Sunspear Militia","OwnedItems":{"Scroll of Fireball":1},"Role":"Wizard","Relations":[{"Target":"Kaelen","Favorability":2},{"Target":"The Ashen Claw","Favorability":-3}],"NPCLog":[]}},"Locations":{"Shadowfen Marsh":{"Name":"Shadowfen Marsh","Enemies":["Marsh Troll","Shadow Viper"],"Resources":["Healing Poultice"]},"Northwatch Tower":{"Name":"Northwatch Tower","Enemies":[],"Resources":[]}},"Enemies":{"Marsh Troll":{"Name":"Marsh Troll","Loot":["Mysterious Herb","Healing Poultice"]}},"Items":{"Scroll of Fireball":{"Type":"Item"}}};{"Quest":{"Name":"The Troll's Loot","Giver":"Grimgar the Old","Actions":["goto Shadowfen Marsh","stealth Marsh Troll","take Scroll of Fireball","goto Northwatch Tower","give Grimgar the Old Scroll of Fireball"]}};"A Marsh Troll near Shadowfen Marsh has been hoarding treasure, including a valuable scroll that belonged to Grimgar. Retrieve it without drawing too much attention.";"Steal stuff"
{"NPCs":{"Sera Goldleaf":{"Name":"Sera Goldleaf","Species":"Halfling","HomeLocation":"Glimmerdale","CurrentLocation":"Glimmerdale","Faction":null,"OwnedItems":{"Lockpick Set":1,"Silver Key":1},"Role":"Merchant","Relations":[{"Target":"Kaelen","Favorability":0}],"NPCLog":[]}},"Locations":{"Murkwood Forest":{"Name":"Murkwood Forest","Enemies":["Forest Goblin","Corrupted Treant"],"Resources":["Mysterious Herb","Elven Bread"]}}};{"Quest":{"Name":"Guard the Caravan","Giver":"Sera Goldleaf","Actions":["goto Murkwood Forest","defend"]}};"Sera Goldleaf is moving valuable goods through Murkwood Forest. She needs an escort to protect against Forest Goblins.";"Guard entity"
{"Factions":{"The Verdant Circle":{"Name":"The Verdant Circle","Relations":[{"Target":"Kaelen","Favorability":3}],"Members":["Elara Nightshade","Lyra Swiftarrow","Faelan Moonshadow"],"Treasury":{"Mysterious Herb":10,"Healing Poultice":5},"FactionLog":[]}},"Locations":{"Shadowfen Marsh":{"Name":"Shadowfen Marsh","Enemies":["Marsh Troll","Shadow Viper"],"Resources":["Healing Poultice"]}},"Enemies":{"Shadow Viper":{"Name":"Shadow Viper","Loot":["Obsidian Arrowhead"]}}};{"Quest":{"Name":"Poison in the Marsh","Giver":"The Verdant Circle","Actions":["goto Shadowfen Marsh","damage Shadow Viper","goto The Verdant Circle","report"]}};"The Verdant Circle believes Shadow Vipers are growing too numerous, poisoning the waters. Thin their numbers so the marsh can heal.";"Attack threatening entities"
{"NPCs":{"Lyra Swiftarrow":{"Name":"Lyra Swiftarrow","Species":"Elf","HomeLocation":"Glimmerdale","CurrentLocation":"Murkwood Forest","Faction":"The Verdant Circle","OwnedItems":{},"Role":"Ranger","Relations":[{"Target":"Kaelen","Favorability":3}],"NPCLog":[]}},"Locations":{"Murkwood Forest":{"Name":"Murkwood Forest","Enemies":["Forest Goblin","Corrupted Treant"],"Resources":["Mysterious Herb","Elven Bread"]}},"Enemies":{"Forest Goblin":{"Name":"Forest Goblin","Loot":["Iron Sword","Health Potion"]}}};{"Quest":{"Name":"Goblin Warleader","Giver":"Lyra Swiftarrow","Actions":["goto Murkwood Forest","kill Forest Goblin","goto Lyra Swiftarrow","report"]}};"A particularly cunning Forest Goblin has been organizing attacks. Lyra Swiftarrow wants it eliminated to disrupt the goblin forces.";"Kill enemies"
{"NPCs":{"Faelan Moonshadow":{"Name":"Faelan Moonshadow","Species":"Elf","HomeLocation":"Glimmerdale","CurrentLocation":"Shadowfen Marsh","Faction":"The Verdant Circle","OwnedItems":{"Obsidian Arrowhead":4},"Role":"Ranger","Relations":[{"Target":"Kaelen","Favorability":2},{"Target":"The Ashen Claw","Favorability":-1}],"NPCLog":[]}},"Factions":{"The Iron Covenant":{"Name":"The Iron Covenant","Relations":[{"Target":"The Verdant Circle","Favorability":-3},{"Target":"Sunspear Militia","Favorability":-2},{"Target":"Kaelen","Favorability":-1}],"Members":["Borin Ironfoot","Torvin Stonehand"],"Treasury":{"Iron Sword":5,"Iron Shield":4},"FactionLog":[]}},"Locations":{"Murkwood Forest":{"Name":"Murkwood Forest","Enemies":["Forest Goblin","Corrupted Treant"],"Resources":["Mysterious Herb","Elven Bread"]}},"Enemies":{"Iron Covenant Raider":{"Name":"Iron Covenant Raider","Loot":["Iron Sword","Iron Shield"]}},"Items":{"Obsidian Arrowhead":{"Type":"Item"}}};{"Quest":{"Name":"The Hidden Cache","Giver":"Faelan Moonshadow","Actions":["goto Murkwood Forest","stealth Iron Covenant Raider","take Obsidian Arrowhead","goto Faelan Moonshadow","give Faelan Moonshadow Obsidian Arrowhead"]}};"Faelan Moonshadow discovered an Iron Covenant Raider stash near Murkwood Forest. Retrieve the Obsidian Arrowheads inside without alerting the raiders.";"Steal stuff"
{"NPCs":{"Mira Thornwood":{"Name":"Mira Thornwood","Species":"Human","HomeLocation":"Whispering Pines Inn","CurrentLocation":"Whispering Pines Inn","Faction":null,"OwnedItems":{"Dwarven Ale":5,"Elven Bread":3},"Role":"Innkeeper","Relations":[{"Target":"Kaelen","Favorability":4}],"NPCLog":[]}},"Locations":{"Whispering Pines Inn":{"Name":"Whispering Pines Inn","Enemies":[],"Resources":["Dwarven Ale","Elven Bread"]}}};{"Quest":{"Name":"Protect the Inn","Giver":"Mira Thornwood","Actions":["goto Whispering Pines Inn","defend"]}};"Mira Thornwood heard rumors of a goblin raid targeting Whispering Pines Inn. Guard the inn through the night.";"Guard entity"
{"NPCs":{"Elara Nightshade":{"Name":"Elara Nightshade","Species":"Elf","HomeLocation":"Whispering Pines Inn","CurrentLocation":"Whispering Pines Inn","Faction":"The Verdant Circle","OwnedItems":{"Mysterious Herb":3,"Healing Poultice":2},"Role":"Apothecary","Relations":[{"Target":"Kaelen","Favorability":2},{"Target":"The Iron Covenant","Favorability":-2}],"NPCLog":[]}},"Locations":{"Murkwood Forest":{"Name":"Murkwood Forest","Enemies":["Forest Goblin","Corrupted Treant"],"Resources":["Mysterious Herb","Elven Bread"]},"Whispering Pines Inn":{"Name":"Whispering Pines Inn","Enemies":[],"Resources":["Dwarven Ale","Elven Bread"]}},"Enemies":{"Corrupted Treant":{"Name":"Corrupted Treant","Loot":["Elven Bread","Mysterious Herb"]}}};{"Quest":{"Name":"The Corrupted Heart","Giver":"Elara Nightshade","Actions":["goto Murkwood Forest","damage Corrupted Treant","goto Whispering Pines Inn","report"]}};"Elara Nightshade discovered that a Corrupted Treant is the source of blight in Murkwood Forest. Weaken it so her purifying salves can take effect.";"Attack threatening entities"
{"NPCs":{"Aldric the Wise":{"Name":"Aldric the Wise","Species":"Human","HomeLocation":"Sunstone Keep","CurrentLocation":"Sunstone Keep","Faction":"Sunspear Militia","OwnedItems":{},"Role":"GuardCaptain","Relations":[{"Target":"Kaelen","Favorability":1},{"Target":"The Ashen Claw","Favorability":-4}],"NPCLog":[]}},"Factions":{"The Ashen Claw":{"Name":"The Ashen Claw","Relations":[{"Target":"The Verdant Circle","Favorability":-3},{"Target":"Sunspear Militia","Favorability":-5},{"Target":"Kaelen","Favorability":-2}],"Members":[],"Treasury":{},"FactionLog":[]}},"Locations":{"Sunstone Keep":{"Name":"Sunstone Keep","Enemies":[],"Resources":["Lockpick Set"]}},"Enemies":{"Cultist Fanatic":{"Name":"Cultist Fanatic","Loot":["Scroll of Fireball","Silver Key"]}}};{"Quest":{"Name":"Silence the Cult","Giver":"Aldric the Wise","Actions":["goto Sunstone Keep","kill Cultist Fanatic","goto Aldric the Wise","report"]}};"The Ashen Claw has been spreading propaganda near Sunstone Keep. Aldric the Wise wants the Cultist Fanatics dealt with permanently.";"Kill enemies"
{"NPCs": {"Lyra Dawnweaver": {"Name": "Lyra Dawnweaver", "Species": "Human", "HomeLocation": "Verdant Grove", "CurrentLocation": "Verdant Grove", "Faction": "The Verdant Court", "OwnedItems": {"Mystic Scroll": 1, "Mana Potion": 2}, "Role": "Mage", "Relations": [{"Target": "Player", "Favorability": 4}, {"Target": "The Silver Hand", "Favorability": -1}]}, "Ancient Treant": {"Name": "Ancient Treant", "Species": "Treant", "HomeLocation": "Verdant Grove", "CurrentLocation": "Verdant Grove", "Faction": null, "OwnedItems": {}, "Role": "Guardian", "Relations": []}}, "Locations": {"Verdant Grove": {"Name": "Verdant Grove", "Enemies": ["Ancient Treant"], "Resources": ["Healing Potion", "Elven Bread"]}}, "Enemies": {"Ancient Treant": {"Name": "Ancient Treant", "Loot": ["Elven Bread", "Healing Potion"]}}};{"Quest": {"Name": "The Heartwood Rot", "Giver": "Lyra Dawnweaver", "Actions": ["goto Verdant Grove", "damage Ancient Treant", "goto Lyra Dawnweaver", "report"]}};"Lyra Dawnweaver of the Verdant Court has detected a blight spreading from a corrupted Ancient Treant in the Verdant Grove. She needs you to weaken the creature so she can cleanse the area with a ritual.";Attack threatening entities
{"NPCs": {"Thorin Ironhand": {"Name": "Thorin Ironhand", "Species": "Dwarf", "HomeLocation": "Ironhold Keep", "CurrentLocation": "Ironhold Keep", "Faction": "The Silver Hand", "OwnedItems": {"Iron Sword": 1, "Iron Ore": 5}, "Role": "Blacksmith", "Relations": [{"Target": "Player", "Favorability": 2}, {"Target": "The Silver Hand", "Favorability": 4}]}}, "Locations": {"Sunken Temple": {"Name": "Sunken Temple", "Enemies": ["Animated Armor", "Cultist Fanatic"], "Resources": ["Earth-Splitter", "Mystic Scroll"]}}};{"Quest": {"Name": "Stolen Family Heirloom", "Giver": "Thorin Ironhand", "Actions": ["goto Sunken Temple", "gather Earth-Splitter", "goto Thorin Ironhand", "give"]}};"Thorin Ironhand's grandfather's hammer, 'The Earth-Splitter,' was stolen by a rogue Gnome tinkerer named Wizzlebolt, last seen near the Sunken Temple. Thorin wants it back.";Recover stolen item
{"NPCs": {"Brom Copperpot": {"Name": "Brom Copperpot", "Species": "Gnome", "HomeLocation": "Mistwood Village", "CurrentLocation": "Mistwood Village", "Faction": null, "OwnedItems": {"Iron Ore": 2, "Rusty Gear": 4}, "Role": "Merchant", "Relations": [{"Target": "Player", "Favorability": 2}]}}, "Locations": {"Crimson Expanse": {"Name": "Crimson Expanse", "Enemies": ["Cultist Fanatic", "Shadow Wolf"], "Resources": ["Cultist Robe", "Mystic Scroll"]}}, "Enemies": {"Cultist Fanatic": {"Name": "Cultist Fanatic", "Loot": ["Cultist Robe", "Mystic Scroll"]}}};{"Quest": {"Name": "Caravan Through the Crimson Expanse", "Giver": "Brom Copperpot", "Actions": ["goto Crimson Expanse", "defend Brom Copperpot"]}};"A merchant caravan led by Brom Copperpot needs protection from the Cultist Fanatics of the Ashen Circle while traveling through the Crimson Expanse.";Guard entity
{"NPCs": {"Garrick Stone": {"Name": "Garrick Stone", "Species": "Human", "HomeLocation": "Ironhold Keep", "CurrentLocation": "Ironhold Keep", "Faction": "The Silver Hand", "OwnedItems": {"Leather Armor": 1}, "Role": "Guard", "Relations": [{"Target": "Player", "Favorability": 0}, {"Target": "The Ashen Circle", "Favorability": -3}]}}, "Locations": {"Ironhold Keep": {"Name": "Ironhold Keep", "Enemies": ["Shadow Wolf Alpha", "Goblin Stalker"], "Resources": ["Iron Ore", "Iron Sword"]}}, "Enemies": {"Shadow Wolf Alpha": {"Name": "Shadow Wolf Alpha", "Loot": ["Wolf Fang", "Leather Armor"]}}};{"Quest": {"Name": "Hunt the Shadow Wolf Alpha", "Giver": "Garrick Stone", "Actions": ["goto Ironhold Keep", "damage Shadow Wolf Alpha"]}};"Garrick Stone reports that a particularly large Shadow Wolf Alpha has been attacking livestock near Ironhold Keep. He asks you to drive it off or kill it.";Attack enemy
{"NPCs": {"Lyra Dawnweaver": {"Name": "Lyra Dawnweaver", "Species": "Human", "HomeLocation": "Verdant Grove", "CurrentLocation": "Verdant Grove", "Faction": "The Verdant Court", "Relations": [{"Target": "Player", "Favorability": 4}]}, "Seraphina": {"Name": "Seraphina", "Species": "Tiefling", "HomeLocation": "Crimson Expanse", "CurrentLocation": "Crimson Expanse", "Faction": "The Ashen Circle", "OwnedItems": {"Cultist Robe": 1, "Mystic Scroll": 1}, "Role": "Priest", "Relations": [{"Target": "Player", "Favorability": -2}, {"Target": "The Silver Hand", "Favorability": -4}]}}, "Locations": {"Crimson Expanse": {"Name": "Crimson Expanse", "Enemies": ["Cultist Fanatic"], "Resources": ["Ashen Circle Orders", "Mystic Scroll"]}}, "Factions": {"The Ashen Circle": {"Name": "The Ashen Circle", "Relations": [{"Target": "The Silver Hand", "Favorability": -4}, {"Target": "The Verdant Court", "Favorability": -3}], "Members": ["Seraphina"]}}};{"Quest": {"Name": "Ashen Circle Plans", "Giver": "Lyra Dawnweaver", "Actions": ["goto Crimson Expanse", "goto Seraphina", "stealth", "take Ashen Circle Orders", "goto Lyra Dawnweaver", "give"]}};"Seraphina of the Ashen Circle has been acting suspiciously. Lyra Dawnweaver wants you to steal a sealed letter from Seraphina's quarters in the Crimson Expanse to learn their true intentions.";Steal stuff
{"Factions": {"The Silver Hand": {"Name": "The Silver Hand", "Relations": [{"Target": "The Ashen Circle", "Favorability": -4}, {"Target": "The Verdant Court", "Favorability": 2}], "Members": ["Thorin Ironhand", "Garrick Stone", "Grimm Jawbreaker"], "Treasury": {"Iron Ore": 10, "Iron Sword": 2}}}, "Locations": {"Sunken Temple": {"Name": "Sunken Temple", "Enemies": ["Renegade Cultist", "Animated Armor"], "Resources": ["Mystic Scroll"]}}, "Enemies": {"Renegade Cultist": {"Name": "Renegade Cultist", "Loot": ["Cultist Robe", "Mystic Scroll"]}}};{"Quest": {"Name": "The Renegade Cultist", "Giver": "The Silver Hand", "Actions": ["goto Sunken Temple", "kill Renegade Cultist", "goto The Silver Hand", "report"]}};"A rogue Cultist Fanatic, who broke from the Ashen Circle, is now terrorizing travelers near the Sunken Temple. The Silver Hand wants them eliminated.";Kill enemies
{"NPCs": {"Orin Mistwalker": {"Name": "Orin Mistwalker", "Species": "Dragonborn", "HomeLocation": "Sunken Temple", "CurrentLocation": "Sunken Temple", "Faction": null, "OwnedItems": {"Healing Potion": 1}, "Role": "Ranger", "Relations": [{"Target": "Player", "Favorability": 1}]}}, "Locations": {"Sunken Temple": {"Name": "Sunken Temple", "Enemies": ["Animated Armor"], "Resources": ["Rusty Gear", "Iron Sword"]}}, "Enemies": {"Animated Armor": {"Name": "Animated Armor", "Loot": ["Rusty Gear", "Iron Sword"]}}};{"Quest": {"Name": "Secrets of the Sunken Temple", "Giver": "Orin Mistwalker", "Actions": ["goto Sunken Temple", "damage Animated Armor", "goto Orin Mistwalker", "report"]}};"Orin Mistwalker believes the Animated Armors in the Sunken Temple are guarding a forgotten vault. He wants you to clear them out so he can investigate.";Attack threatening entities
{"NPCs": {"Elara Nightwood": {"Name": "Elara Nightwood", "Species": "Elf", "HomeLocation": "Verdant Grove", "CurrentLocation": "Verdant Grove", "Faction": "The Verdant Court", "OwnedItems": {"Healing Potion": 2, "Elven Bread": 3}, "Role": "Ranger", "Relations": [{"Target": "Player", "Favorability": 3}, {"Target": "The Verdant Court", "Favorability": 5}]}}, "Locations": {"Verdant Grove": {"Name": "Verdant Grove", "Enemies": ["Goblin Stalker"], "Resources": ["Elara's Cache", "Elven Bread"]}}, "Enemies": {"Goblin Stalker": {"Name": "Goblin Stalker", "Loot": ["Goblin Ear", "Rusty Gear"]}}};{"Quest": {"Name": "Elara's Lost Cache", "Giver": "Elara Nightwood", "Actions": ["goto Verdant Grove", "gather Elara's Cache", "goto Elara Nightwood", "give"]}};"A band of Goblins stole Elara Nightwood's supply cache containing rare Elven bread and healing salves. The Goblins are hiding in the Verdant Grove.";Recover stolen item
{"NPCs": {"Mira Willowisp": {"Name": "Mira Willowisp", "Species": "Halfling", "HomeLocation": "Mistwood Village", "CurrentLocation": "Mistwood Village", "Faction": "The Verdant Court", "OwnedItems": {"Elven Bread": 2}, "Role": "Bard", "Relations": [{"Target": "Player", "Favorability": 3}, {"Target": "The Ashen Circle", "Favorability": -1}]}}, "Locations": {"Mistwood Village": {"Name": "Mistwood Village", "Enemies": [], "Resources": ["Elven Bread", "Thief's Lockpick"]}}, "Factions": {"The Ashen Circle": {"Name": "The Ashen Circle", "Relations": [{"Target": "The Verdant Court", "Favorability": -3}]}}};{"Quest": {"Name": "A Dangerous Performance", "Giver": "Mira Willowisp", "Actions": ["goto Mistwood Village", "defend Mira Willowisp"]}};"Mira Willowisp is set to perform a controversial song at the Mistwood Village tavern. She fears the Ashen Circle might send someone to silence her and asks you to stand guard.";Guard entity
{"NPCs": {"Finnian Swift": {"Name": "Finnian Swift", "Species": "Halfling", "HomeLocation": "Mistwood Village", "CurrentLocation": "Mistwood Village", "Faction": null, "OwnedItems": {"Thief's Lockpick": 3, "Healing Potion": 1}, "Role": "Thief", "Relations": [{"Target": "Player", "Favorability": 1}, {"Target": "The Ashen Circle", "Favorability": -2}]}, "Greedy Merchant": {"Name": "Greedy Merchant", "Species": "Human", "HomeLocation": "Mistwood Village", "CurrentLocation": "Mistwood Village", "Faction": null, "OwnedItems": {"Stolen Silver": 1}, "Role": "Merchant"}}, "Locations": {"Mistwood Village": {"Name": "Mistwood Village", "Enemies": [], "Resources": ["Stolen Silver", "Thief's Lockpick"]}}};{"Quest": {"Name": "The Greedy Merchant", "Giver": "Finnian Swift", "Actions": ["goto Mistwood Village", "goto Greedy Merchant", "stealth", "take Stolen Silver", "goto Finnian Swift", "give"]}};"Finnian Swift has a rival, a dishonest merchant who overcharges the poor. Finnian wants you to steal back a bag of silver coins the merchant swindled from a local family.";Steal stuff
{"NPCs": {"Elara Nightwood": {"Name": "Elara Nightwood", "Species": "Elf", "HomeLocation": "Verdant Grove", "CurrentLocation": "Verdant Grove", "Faction": "The Verdant Court", "Relations": [{"Target": "Player", "Favorability": 3}]}}, "Locations": {"Verdant Grove": {"Name": "Verdant Grove", "Enemies": ["Forest Troll"], "Resources": ["Healing Potion", "Elven Bread"]}}, "Enemies": {"Forest Troll": {"Name": "Forest Troll", "Loot": ["Troll Hide", "Healing Potion"]}}};{"Quest": {"Name": "Troll Trouble at the Grove", "Giver": "Elara Nightwood", "Actions": ["goto Verdant Grove", "damage Forest Troll"]}};"A Forest Troll has wandered too close to the Verdant Grove's borders, scaring off the wildlife. Elara Nightwood asks you to deal with it before it causes more harm.";Attack enemy
{"Factions": {"The Silver Hand": {"Name": "The Silver Hand", "Relations": [{"Target": "The Ashen Circle", "Favorability": -4}], "Members": ["Thorin Ironhand", "Garrick Stone", "Grimm Jawbreaker"]}, "The Ashen Circle": {"Name": "The Ashen Circle", "Relations": [{"Target": "The Silver Hand", "Favorability": -4}], "Members": ["Seraphina"]}}, "Locations": {"Crimson Expanse": {"Name": "Crimson Expanse", "Enemies": ["The Viper", "Cultist Fanatic"], "Resources": ["Cultist Robe"]}}, "Enemies": {"The Viper": {"Name": "The Viper", "Loot": ["Cultist Robe", "Mystic Scroll"]}}};{"Quest": {"Name": "The Ashen Circle's Assassin", "Giver": "The Silver Hand", "Actions": ["goto Crimson Expanse", "kill The Viper", "goto The Silver Hand", "report"]}};"The Silver Hand has learned that the Ashen Circle dispatched an assassin named 'The Viper' to eliminate a key ally. They want you to intercept and neutralize the threat.";Kill enemies
{"NPCs": {"Grimm Jawbreaker": {"Name": "Grimm Jawbreaker", "Species": "Dwarf", "HomeLocation": "Ironhold Keep", "CurrentLocation": "Ironhold Keep", "Faction": "The Silver Hand", "OwnedItems": {"Iron Sword": 1}, "Role": "Guard", "Relations": [{"Target": "Player", "Favorability": 1}]}}, "Locations": {"Ironhold Keep": {"Name": "Ironhold Keep", "Enemies": ["Goblin Stalker"], "Resources": ["Stolen Iron Ore", "Iron Ore"]}}, "Enemies": {"Goblin Stalker": {"Name": "Goblin Stalker", "Loot": ["Goblin Ear", "Rusty Gear"]}}};{"Quest": {"Name": "Weapon for a Cause", "Giver": "Grimm Jawbreaker", "Actions": ["goto Ironhold Keep", "gather Stolen Iron Ore", "goto Grimm Jawbreaker", "give"]}};"Grimm Jawbreaker was commissioned to forge a special sword for a militia, but the raw materials (pure iron ore) were stolen by Goblins on the way to Ironhold Keep.";Recover stolen item
{"Factions": {"The Verdant Court": {"Name": "The Verdant Court", "Relations": [{"Target": "The Silver Hand", "Favorability": 2}, {"Target": "The Ashen Circle", "Favorability": -3}], "Members": ["Elara Nightwood", "Lyra Dawnweaver", "Mira Willowisp"]}}, "Locations": {"Sunken Temple": {"Name": "Sunken Temple", "Enemies": ["Flesh Golem", "Animated Armor"], "Resources": ["Mystic Scroll"]}}, "Enemies": {"Flesh Golem": {"Name": "Flesh Golem", "Loot": ["Cultist Robe", "Healing Potion"]}}};{"Quest": {"Name": "The Blighted Creature", "Giver": "The Verdant Court", "Actions": ["goto Sunken Temple", "damage Flesh Golem", "goto The Verdant Court", "report"]}};"A creature warped by dark magic, a 'Flesh Golem,' has been spotted near the Sunken Temple. The Verdant Court fears its corruption will spread and asks you to weaken it for a ritual.";Attack threatening entities
{"NPCs": {"Finnian Swift": {"Name": "Finnian Swift", "Species": "Halfling", "HomeLocation": "Mistwood Village", "CurrentLocation": "Mistwood Village", "Faction": null, "OwnedItems": {"Thief's Lockpick": 3}, "Role": "Thief", "Relations": [{"Target": "Player", "Favorability": 1}, {"Target": "The Ashen Circle", "Favorability": -2}]}, "Ashen Smuggler": {"Name": "Ashen Smuggler", "Species": "Human", "HomeLocation": "Mistwood Village", "CurrentLocation": "Mistwood Village", "Faction": "The Ashen Circle", "OwnedItems": {"Smuggled Weapons": 1}, "Role": "Thief"}}, "Locations": {"Mistwood Village": {"Name": "Mistwood Village", "Enemies": [], "Resources": ["Smuggled Weapons", "Thief's Lockpick"]}}, "Factions": {"The Ashen Circle": {"Name": "The Ashen Circle", "Members": ["Seraphina", "Ashen Smuggler"]}}};{"Quest": {"Name": "Smugglers in the Night", "Giver": "Finnian Swift", "Actions": ["goto Mistwood Village", "goto Ashen Smuggler", "stealth", "take Smuggled Weapons", "goto Finnian Swift", "give"]}};"Finnian Swift has heard rumors of the Ashen Circle smuggling weapons through Mistwood Village. He wants you to intercept one of their shipments and take the contraband to disrupt their operations.";Steal stuff
{"NPCs": {"Orin Mistwalker": {"Name": "Orin Mistwalker", "Species": "Dragonborn", "HomeLocation": "Sunken Temple", "CurrentLocation": "Sunken Temple", "Faction": null, "OwnedItems": {"Healing Potion": 1}, "Role": "Ranger", "Relations": [{"Target": "Player", "Favorability": 1}]}}, "Locations": {"Sunken Temple": {"Name": "Sunken Temple", "Enemies": ["Rogue Animated Armor", "Animated Armor"], "Resources": ["Rusty Gear"]}}, "Enemies": {"Rogue Animated Armor": {"Name": "Rogue Animated Armor", "Loot": ["Rusty Gear", "Iron Sword"]}}};{"Quest": {"Name": "The Escaped Experiment", "Giver": "Orin Mistwalker", "Actions": ["goto Sunken Temple", "kill Rogue Animated Armor", "goto Orin Mistwalker", "report"]}};"An Animated Armor, a failed experiment from the Sunken Temple, has gone rogue and is attacking anyone who approaches. Orin Mistwalker needs it destroyed.";Kill enemies
{"NPCs": {"Thorin Ironhand": {"Name": "Thorin Ironhand", "Species": "Dwarf", "HomeLocation": "Ironhold Keep", "CurrentLocation": "Ironhold Keep", "Faction": "The Silver Hand", "OwnedItems": {"Iron Sword": 1, "Iron Ore": 5}, "Role": "Blacksmith", "Relations": [{"Target": "Player", "Favorability": 2}]}}, "Locations": {"Ironhold Keep": {"Name": "Ironhold Keep", "Enemies": ["Goblin Stalker"], "Resources": ["Iron Ore", "Iron Sword"]}}, "Enemies": {"Goblin Stalker": {"Name": "Goblin Stalker", "Loot": ["Goblin Ear", "Rusty Gear"]}}};{"Quest": {"Name": "Iron for the Forge", "Giver": "Thorin Ironhand", "Actions": ["goto Ironhold Keep", "defend Thorin Ironhand"]}};"Thorin Ironhand needs to escort a shipment of valuable Iron Ore from the mines to his forge, but Goblins have been ambushing supply lines. He needs a guard.";Guard entity
{"NPCs": {"Lyra Dawnweaver": {"Name": "Lyra Dawnweaver", "Species": "Human", "HomeLocation": "Verdant Grove", "CurrentLocation": "Verdant Grove", "Faction": "The Verdant Court", "Relations": [{"Target": "Player", "Favorability": 4}]}}, "Locations": {"Crimson Expanse": {"Name": "Crimson Expanse", "Enemies": ["Cultist Fanatic"], "Resources": ["Focus Crystal", "Mystic Scroll"]}}, "Factions": {"The Ashen Circle": {"Name": "The Ashen Circle", "Members": ["Seraphina"]}}};{"Quest": {"Name": "Sabotage the Ritual", "Giver": "Lyra Dawnweaver", "Actions": ["goto Crimson Expanse", "damage Focus Crystal"]}};"The Ashen Circle is preparing a dark ritual in the Crimson Expanse. Lyra Dawnweaver wants you to disrupt it by destroying a key focus crystal they're using.";Attack enemy
{"NPCs": {"Garrick Stone": {"Name": "Garrick Stone", "Species": "Human", "HomeLocation": "Ironhold Keep", "CurrentLocation": "Ironhold Keep", "Faction": "The Silver Hand", "OwnedItems": {"Leather Armor": 1}, "Role": "Guard", "Relations": [{"Target": "Player", "Favorability": 0}]}, "Captain Stone": {"Name": "Captain Stone", "Species": "Human", "HomeLocation": "Ironhold Keep", "CurrentLocation": "Ironhold Keep", "Faction": "The Silver Hand", "OwnedItems": {"Secret Ledger": 1}, "Role": "Guard"}}, "Locations": {"Ironhold Keep": {"Name": "Ironhold Keep", "Enemies": [], "Resources": ["Secret Ledger", "Leather Armor"]}}, "Factions": {"The Silver Hand": {"Name": "The Silver Hand", "Members": ["Thorin Ironhand", "Garrick Stone", "Grimm Jawbreaker", "Captain Stone"]}}};{"Quest": {"Name": "The Informant's Ledger", "Giver": "Garrick Stone", "Actions": ["goto Ironhold Keep", "goto Captain Stone", "stealth", "take Secret Ledger", "goto Garrick Stone", "give"]}};"Garrick Stone suspects there's a traitor in the Ironhold Keep guard. He wants you to steal a secret ledger from the captain's office that might contain coded messages.";Steal stuff
{"NPCs": {"Brom Copperpot": {"Name": "Brom Copperpot", "Species": "Gnome", "HomeLocation": "Mistwood Village", "CurrentLocation": "Mistwood Village", "Faction": null, "OwnedItems": {"Iron Ore": 2, "Rusty Gear": 4}, "Role": "Merchant", "Relations": [{"Target": "Player", "Favorability": 2}]}}, "Locations": {"Mistwood Village": {"Name": "Mistwood Village", "Enemies": ["Goblin Stalker"], "Resources": ["Rusty Gear", "Healing Potion"]}}, "Enemies": {"Goblin Stalker": {"Name": "Goblin Stalker", "Loot": ["Goblin Ear", "Rusty Gear"]}}};{"Quest": {"Name": "Pest Control", "Giver": "Brom Copperpot", "Actions": ["goto Mistwood Village", "kill Goblin Stalker", "goto Brom Copperpot", "report"]}};"A pack of Goblins has infested the old tunnels beneath Mistwood Village. Brom Copperpot is worried about his supply cellar and asks you to clear them out.";Kill enemies
{"NPCs": {"Elara Greenhollow": {"Name": "Elara Greenhollow", "Species": "Elf", "HomeLocation": "Whisperwind Glade", "CurrentLocation": "Whisperwind Glade", "Faction": "The Verdant Circle", "OwnedItems": {"Healing Herb": 5, "Silver Necklace": 1, "Gold Coin": 20}, "Role": "Alchemist", "Relations": [{"Target": "Kaelen", "Favorability": 4}, {"Target": "The Verdant Circle", "Favorability": 5}, {"Target": "The Ember Veil", "Favorability": -3}], "NPCLog": []}, "Mira Whisperwind": {"Name": "Mira Whisperwind", "Species": "Gnome", "HomeLocation": "Mages' Quarter", "CurrentLocation": "Mages' Quarter", "Faction": "The Verdant Circle", "OwnedItems": {"Spell Scroll: Fireball": 2, "Ancient Tome": 1, "Gold Coin": 85}, "Role": "Mage", "Relations": [{"Target": "Kaelen", "Favorability": 3}, {"Target": "The Verdant Circle", "Favorability": 4}, {"Target": "Silent Sun Brotherhood", "Favorability": -2}], "NPCLog": []}}, "Factions": {"The Verdant Circle": {"Name": "The Verdant Circle", "Relations": [{"Target": "The Ember Veil", "Favorability": -5}, {"Target": "The Crown's Hand", "Favorability": 4}, {"Target": "Kaelen", "Favorability": 4}], "Members": ["Elara Greenhollow", "Mira Whisperwind"], "Treasury": {"Gold Coin": 950, "Healing Herb": 30, "Silver Necklace": 3}, "FactionLog": []}}, "Locations": {"Whisperwind Glade": {"Name": "Whisperwind Glade", "Enemies": ["Corrupted Treant"], "Resources": ["Healing Herb", "Silver Necklace"]}}, "Enemies": {"Corrupted Treant": {"Name": "Corrupted Treant", "Loot": ["Healing Herb", "Iron Ore"]}}};{"Quest": {"Name": "The Corrupted Heartwood", "Giver": "The Verdant Circle", "Actions": ["goto Whisperwind Glade", "damage Corrupted Treant", "goto The Verdant Circle", "report"]}};The Verdant Circle needs the heart of the Whisperwind Glade cleansed. A Corrupted Treant has taken root, poisoning the ancient wellspring. They need you to weaken it so their druids can perform a purification ritual.;Attack threatening entities
{"NPCs": {"Thorin Ironfoot": {"Name": "Thorin Ironfoot", "Species": "Dwarf", "HomeLocation": "Ironpeak Mine", "CurrentLocation": "Ironpeak Mine", "Faction": "Ironmonger's Guild", "OwnedItems": {"Steel Ingot": 10, "Iron Sword": 2, "Dwarven Ale": 5, "Gold Coin": 150}, "Role": "Blacksmith", "Relations": [{"Target": "Kaelen", "Favorability": 3}, {"Target": "Ironmonger's Guild", "Favorability": 5}, {"Target": "The Crown's Hand", "Favorability": 2}], "NPCLog": []}}, "Locations": {"Shadowfen Marsh": {"Name": "Shadowfen Marsh", "Enemies": ["Forest Goblin", "Plague Rat"], "Resources": ["Iron Ore", "Poison Vial"]}}, "Items": {"Steel Ingot": {"Name": "Steel Ingot", "Type": "Material"}}};{"Quest": {"Name": "Stolen Ingots", "Giver": "Thorin Ironfoot", "Actions": ["goto Shadowfen Marsh", "gather Steel Ingot", "goto Thorin Ironfoot", "give Steel Ingot"]}};Thorin Ironfoot's latest shipment of steel ingots was stolen by goblins and taken to Shadowfen Marsh. Recover the ingots and return them to him.;Recover stolen item
{"NPCs": {"Captain Seraphina Vane": {"Name": "Captain Seraphina Vane", "Species": "Human", "HomeLocation": "Old Docks", "CurrentLocation": "Old Docks", "Faction": "Silent Sun Brotherhood", "OwnedItems": {"Poison Vial": 3, "Lockpick": 5, "Gold Coin": 500}, "Role": "Rogue", "Relations": [{"Target": "Kaelen", "Favorability": -1}, {"Target": "Silent Sun Brotherhood", "Favorability": 5}, {"Target": "The Crown's Hand", "Favorability": -4}], "NPCLog": []}}, "Locations": {"Greywatch Keep": {"Name": "Greywatch Keep", "Enemies": ["Bandit Marauder", "Skeletal Warrior"], "Resources": ["Iron Sword", "Gold Coin"]}}, "Enemies": {"Bandit Marauder": {"Name": "Bandit Marauder", "Loot": ["Gold Coin", "Lockpick", "Iron Sword"]}}};{"Quest": {"Name": "The Silent Sun Caravan", "Giver": "Captain Seraphina Vane", "Actions": ["goto Greywatch Keep", "stealth Bandit Marauder", "take Gold Coin", "goto Captain Seraphina Vane", "give Gold Coin"]}};Captain Seraphina Vane of the Silent Sun Brotherhood wants you to intercept a Crown's Hand supply caravan near Greywatch Keep. Steal the gold and bring it to her.;Steal stuff
{"NPCs": {"Brom Stoneshield": {"Name": "Brom Stoneshield", "Species": "Human", "HomeLocation": "Greywatch Keep", "CurrentLocation": "Greywatch Keep", "Faction": "The Crown's Hand", "OwnedItems": {"Iron Sword": 1, "Gold Coin": 30}, "Role": "Guard Captain", "Relations": [{"Target": "Kaelen", "Favorability": 2}, {"Target": "The Crown's Hand", "Favorability": 5}, {"Target": "Bandit Marauder", "Favorability": -5}], "NPCLog": []}}, "Locations": {"Greywatch Keep": {"Name": "Greywatch Keep", "Enemies": ["Bandit Marauder", "Skeletal Warrior", "Cave Troll"], "Resources": ["Iron Sword", "Gold Coin"]}}, "Enemies": {"Cave Troll": {"Name": "Cave Troll", "Loot": ["Gold Coin", "Iron Ore"]}}};{"Quest": {"Name": "The Troll Under the Bridge", "Giver": "Brom Stoneshield", "Actions": ["goto Greywatch Keep", "kill Cave Troll", "goto Brom Stoneshield", "report"]}};Brom Stoneshield reports a Cave Troll has taken up residence under the main bridge leading to Greywatch Keep, attacking travelers. Eliminate the threat.;Kill enemies
{"NPCs": {"Finnick Tumblefoot": {"Name": "Finnick Tumblefoot", "Species": "Halfling", "HomeLocation": "The Rusty Nail Inn", "CurrentLocation": "The Rusty Nail Inn", "Faction": null, "OwnedItems": {"Bread Loaf": 10, "Dwarven Ale": 15, "Gold Coin": 200}, "Role": "Innkeeper", "Relations": [{"Target": "Kaelen", "Favorability": 5}, {"Target": "Thorin Ironfoot", "Favorability": 3}], "NPCLog": []}}, "Locations": {"The Rusty Nail Inn": {"Name": "The Rusty Nail Inn", "Enemies": ["Forest Goblin", "Plague Rat"], "Resources": ["Bread Loaf", "Dwarven Ale"]}}};{"Quest": {"Name": "Protect the Brewery", "Giver": "Finnick Tumblefoot", "Actions": ["goto The Rusty Nail Inn", "defend"]}};Finnick Tumblefoot is worried that the recent goblin activity near The Rusty Nail Inn will escalate into an attack on his supply shed. Stand guard until his new locks arrive.;Guard entity
{"NPCs": {"Grimble Snaggletooth": {"Name": "Grimble Snaggletooth", "Species": "Goblin", "HomeLocation": "Shadowfen Marsh", "CurrentLocation": "Shadowfen Marsh", "Faction": null, "OwnedItems": {"Goblin Ear": 1, "Gold Coin": 5}, "Role": "Farmer", "Relations": [{"Target": "Kaelen", "Favorability": 0}, {"Target": "Forest Goblin", "Favorability": 1}], "NPCLog": []}}, "Locations": {"Darkwood Forest": {"Name": "Darkwood Forest", "Enemies": ["Forest Goblin", "Shadow Wolf", "Dark Elf Assassin"], "Resources": ["Wolf Pelt", "Healing Herb"]}}, "Enemies": {"Shadow Wolf": {"Name": "Shadow Wolf", "Loot": ["Wolf Pelt", "Gold Coin"]}}};{"Quest": {"Name": "The Shadow Wolf Alpha", "Giver": "Grimble Snaggletooth", "Actions": ["goto Darkwood Forest", "damage Shadow Wolf", "goto Grimble Snaggletooth", "report"]}};Grimble Snaggletooth's livestock is being hunted by a particularly vicious Shadow Wolf Alpha. He asks you to hunt it down in Darkwood Forest and wound it badly enough to drive the pack away.;Attack enemy
{"NPCs": {"Aldric the Wise": {"Name": "Aldric the Wise", "Species": "Human", "HomeLocation": "Temple of the Sun", "CurrentLocation": "Temple of the Sun", "Faction": "The Crown's Hand", "OwnedItems": {"Health Potion": 4, "Gold Coin": 75}, "Role": "Priest", "Relations": [{"Target": "Kaelen", "Favorability": 4}, {"Target": "The Crown's Hand", "Favorability": 4}, {"Target": "Cultist Fanatic", "Favorability": -5}], "NPCLog": []}}, "Locations": {"Temple of the Sun": {"Name": "Temple of the Sun", "Enemies": ["Cultist Fanatic", "Skeletal Warrior"], "Resources": ["Health Potion", "Ancient Tome"]}}, "Enemies": {"Cultist Fanatic": {"Name": "Cultist Fanatic", "Loot": ["Mysterious Key", "Gold Coin", "Poison Vial"]}}, "Items": {"Ancient Tome": {"Name": "Ancient Tome", "Type": "Scroll"}}};{"Quest": {"Name": "Aldric's Stolen Tome", "Giver": "Aldric the Wise", "Actions": ["goto Temple of the Sun", "kill Cultist Fanatic", "take Ancient Tome", "goto Aldric the Wise", "give Ancient Tome"]}};A sacred tome was stolen from the Temple of the Sun by a Cultist Fanatic seen fleeing into the old crypts. Aldric the Wise wants it back before its knowledge is misused.;Recover stolen item
{"NPCs": {"Doran Hammerfell": {"Name": "Doran Hammerfell", "Species": "Dwarf", "HomeLocation": "Ironpeak Mine", "CurrentLocation": "Ironpeak Mine", "Faction": "Ironmonger's Guild", "OwnedItems": {"Iron Ore": 20, "Steel Ingot": 5, "Gold Coin": 300}, "Role": "Merchant", "Relations": [{"Target": "Kaelen", "Favorability": 2}, {"Target": "Ironmonger's Guild", "Favorability": 5}, {"Target": "Thorin Ironfoot", "Favorability": 4}], "NPCLog": []}}, "Locations": {"Ironpeak Mine": {"Name": "Ironpeak Mine", "Enemies": ["Forest Goblin", "Cave Troll"], "Resources": ["Iron Ore", "Steel Ingot"]}}, "Items": {"Iron Ore": {"Name": "Iron Ore", "Type": "Material"}}};{"Quest": {"Name": "Iron for the War Effort", "Giver": "Doran Hammerfell", "Actions": ["goto Ironpeak Mine", "gather Iron Ore", "goto Doran Hammerfell", "give Iron Ore"]}};Doran Hammerfell's mine cart, filled with high-grade Iron Ore, was stolen by goblins on the way to Ironpeak Mine. Recover the ore to keep the Ironmonger's Guild's forges running.;Recover stolen item
{"NPCs": {"Lyra Swiftarrow": {"Name": "Lyra Swiftarrow", "Species": "Half-Elf", "HomeLocation": "Rivershire", "CurrentLocation": "Darkwood Forest", "Faction": "The Crown's Hand", "OwnedItems": {"Enchanted Bow": 1, "Wolf Pelt": 3, "Gold Coin": 45}, "Role": "Hunter", "Relations": [{"Target": "Kaelen", "Favorability": 4}, {"Target": "The Crown's Hand", "Favorability": 4}, {"Target": "Forest Goblin", "Favorability": -5}], "NPCLog": []}}, "Factions": {"The Crown's Hand": {"Name": "The Crown's Hand", "Relations": [{"Target": "The Ember Veil", "Favorability": -4}, {"Target": "Ironmonger's Guild", "Favorability": 3}, {"Target": "The Verdant Circle", "Favorability": 4}, {"Target": "Kaelen", "Favorability": 3}], "Members": ["Lyra Swiftarrow", "Brom Stoneshield", "Aldric the Wise", "Sylas Greymane"], "Treasury": {"Gold Coin": 2500, "Iron Sword": 10, "Health Potion": 15}, "FactionLog": []}}, "Locations": {"Darkwood Forest": {"Name": "Darkwood Forest", "Enemies": ["Forest Goblin", "Shadow Wolf", "Dark Elf Assassin"], "Resources": ["Wolf Pelt", "Healing Herb"]}}, "Enemies": {"Dark Elf Assassin": {"Name": "Dark Elf Assassin", "Loot": ["Poison Vial", "Gold Coin", "Lockpick"]}}};{"Quest": {"Name": "Break the Veil's Supply Line", "Giver": "Lyra Swiftarrow", "Actions": ["goto Darkwood Forest", "damage Dark Elf Assassin", "goto Lyra Swiftarrow", "report"]}};Maeve Nightshade's alchemical supplies, guarded by her Ember Veil operatives, are being transported through Darkwood Forest. The Crown's Hand wants you to intercept and damage the shipment.;Attack enemy
{"NPCs": {"Mira Whisperwind": {"Name": "Mira Whisperwind", "Species": "Gnome", "HomeLocation": "Mages' Quarter", "CurrentLocation": "Mages' Quarter", "Faction": "The Verdant Circle", "OwnedItems": {"Spell Scroll: Fireball": 2, "Ancient Tome": 1, "Gold Coin": 85}, "Role": "Mage", "Relations": [{"Target": "Kaelen", "Favorability": 3}, {"Target": "The Verdant Circle", "Favorability": 4}, {"Target": "Silent Sun Brotherhood", "Favorability": -2}], "NPCLog": []}}, "Locations": {"Mages' Quarter": {"Name": "Mages' Quarter", "Enemies": ["Skeletal Warrior", "Cultist Fanatic"], "Resources": ["Spell Scroll: Fireball", "Ancient Tome", "Mana Potion"]}}, "Enemies": {"Skeletal Warrior": {"Name": "Skeletal Warrior", "Loot": ["Gold Coin", "Iron Sword"]}}, "Items": {"Spell Scroll: Fireball": {"Name": "Spell Scroll: Fireball", "Type": "Scroll"}}};{"Quest": {"Name": "The Mages' Quarter Heist", "Giver": "Mira Whisperwind", "Actions": ["goto Mages' Quarter", "stealth Skeletal Warrior", "take Spell Scroll: Fireball", "goto Mira Whisperwind", "give Spell Scroll: Fireball"]}};Mira Whisperwind wants you to steal a rare "Spell Scroll: Fireball" from a rival mage's study in the Mages' Quarter. She insists it was rightfully hers.;Steal stuff
{"NPCs": {"Sylas Greymane": {"Name": "Sylas Greymane", "Species": "Human", "HomeLocation": "Greywatch Keep", "CurrentLocation": "Rivershire", "Faction": "The Crown's Hand", "OwnedItems": {"Gold Coin": 50, "Health Potion": 1}, "Role": "Guard Captain", "Relations": [{"Target": "Kaelen", "Favorability": 3}, {"Target": "The Crown's Hand", "Favorability": 5}], "NPCLog": []}}, "Locations": {"Rivershire": {"Name": "Rivershire", "Enemies": ["Bandit Marauder", "Dark Elf Assassin"], "Resources": ["Gold Coin", "Health Potion", "Bread Loaf"]}}, "Enemies": {"Dark Elf Assassin": {"Name": "Dark Elf Assassin", "Loot": ["Poison Vial", "Gold Coin", "Lockpick"]}}};{"Quest": {"Name": "Hunt the Brotherhood's Spy", "Giver": "Sylas Greymane", "Actions": ["goto Rivershire", "kill Dark Elf Assassin", "goto Sylas Greymane", "report"]}};Captain Sylas Greymane has identified a Silent Sun Brotherhood spy operating out of Rivershire. Eliminate the spy before they report back.;Kill enemies
{"NPCs": {"Elara Greenhollow": {"Name": "Elara Greenhollow", "Species": "Elf", "HomeLocation": "Whisperwind Glade", "CurrentLocation": "Whisperwind Glade", "Faction": "The Verdant Circle", "OwnedItems": {"Healing Herb": 5, "Silver Necklace": 1, "Gold Coin": 20}, "Role": "Alchemist", "Relations": [{"Target": "Kaelen", "Favorability": 4}, {"Target": "The Verdant Circle", "Favorability": 5}, {"Target": "The Ember Veil", "Favorability": -3}], "NPCLog": []}}, "Locations": {"Shadowfen Marsh": {"Name": "Shadowfen Marsh", "Enemies": ["Forest Goblin", "Plague Rat"], "Resources": ["Iron Ore", "Poison Vial"]}}, "Enemies": {"Cultist Fanatic": {"Name": "Cultist Fanatic", "Loot": ["Mysterious Key", "Gold Coin", "Poison Vial"]}}, "Items": {"Healing Herb": {"Name": "Healing Herb", "Type": "Ingredient"}}};{"Quest": {"Name": "Ember Veil's Alchemical Cache", "Giver": "Elara Greenhollow", "Actions": ["goto Shadowfen Marsh", "kill Cultist Fanatic", "take Healing Herb", "goto Elara Greenhollow", "give Healing Herb"]}};A Verdant Circle scout was ambushed and lost a pouch of rare Healing Herbs to The Ember Veil near Shadowfen Marsh. Elara Greenhollow wants them retrieved before they can be weaponized.;Recover stolen item
{"NPCs": {"Captain Seraphina Vane": {"Name": "Captain Seraphina Vane", "Species": "Human", "HomeLocation": "Old Docks", "CurrentLocation": "Old Docks", "Faction": "Silent Sun Brotherhood", "OwnedItems": {"Poison Vial": 3, "Lockpick": 5, "Gold Coin": 500}, "Role": "Rogue", "Relations": [{"Target": "Kaelen", "Favorability": -1}, {"Target": "Silent Sun Brotherhood", "Favorability": 5}, {"Target": "The Crown's Hand", "Favorability": -4}], "NPCLog": []}}, "Locations": {"Old Docks": {"Name": "Old Docks", "Enemies": ["Bandit Marauder", "Plague Rat"], "Resources": ["Gold Coin", "Lockpick"]}}, "Enemies": {"Bandit Marauder": {"Name": "Bandit Marauder", "Loot": ["Gold Coin", "Lockpick", "Iron Sword"]}}};{"Quest": {"Name": "The Dockside Racket", "Giver": "Captain Seraphina Vane", "Actions": ["goto Old Docks", "damage Bandit Marauder", "goto Captain Seraphina Vane", "report"]}};The Silent Sun Brotherhood is shaking down merchants in the Old Docks. Captain Seraphina Vane (secretly wanting to undermine a rival within the Brotherhood) asks you to damage their operation by attacking their enforcers.;Attack enemy
{"NPCs": {"Doran Hammerfell": {"Name": "Doran Hammerfell", "Species": "Dwarf", "HomeLocation": "Ironpeak Mine", "CurrentLocation": "Ironpeak Mine", "Faction": "Ironmonger's Guild", "OwnedItems": {"Iron Ore": 20, "Steel Ingot": 5, "Gold Coin": 300}, "Role": "Merchant", "Relations": [{"Target": "Kaelen", "Favorability": 2}, {"Target": "Ironmonger's Guild", "Favorability": 5}, {"Target": "Thorin Ironfoot", "Favorability": 4}], "NPCLog": []}}, "Locations": {"Ironpeak Mine": {"Name": "Ironpeak Mine", "Enemies": ["Forest Goblin", "Cave Troll", "Shadow Wolf"], "Resources": ["Iron Ore", "Steel Ingot"]}}};{"Quest": {"Name": "Secure the Mine Entrance", "Giver": "Doran Hammerfell", "Actions": ["goto Ironpeak Mine", "defend"]}};A pack of Shadow Wolves has been seen near the Ironpeak Mine entrance. Doran Hammerfell needs you to keep the path clear so his workers can return safely.;Guard entity
{"NPCs": {"Lyra Swiftarrow": {"Name": "Lyra Swiftarrow", "Species": "Half-Elf", "HomeLocation": "Rivershire", "CurrentLocation": "Darkwood Forest", "Faction": "The Crown's Hand", "OwnedItems": {"Enchanted Bow": 1, "Wolf Pelt": 3, "Gold Coin": 45}, "Role": "Hunter", "Relations": [{"Target": "Kaelen", "Favorability": 4}, {"Target": "The Crown's Hand", "Favorability": 4}, {"Target": "Forest Goblin", "Favorability": -5}], "NPCLog": []}}, "Locations": {"Rivershire": {"Name": "Rivershire", "Enemies": ["Bandit Marauder", "Dark Elf Assassin"], "Resources": ["Gold Coin", "Health Potion", "Bread Loaf", "Silver Necklace"]}}, "Enemies": {"Bandit Marauder": {"Name": "Bandit Marauder", "Loot": ["Gold Coin", "Lockpick", "Iron Sword"]}}, "Items": {"Silver Necklace": {"Name": "Silver Necklace", "Type": "Trinket"}}};{"Quest": {"Name": "Recover the Silver Necklace", "Giver": "Lyra Swiftarrow", "Actions": ["goto Rivershire", "kill Bandit Marauder", "take Silver Necklace", "goto Lyra Swiftarrow", "give Silver Necklace"]}};A young noble's Silver Necklace was stolen by a rogue Bandit Marauder in Rivershire. Lyra Swiftarrow, who is friends with the noble, asks you to get it back.;Recover stolen item
{"NPCs": {"Mira Whisperwind": {"Name": "Mira Whisperwind", "Species": "Gnome", "HomeLocation": "Mages' Quarter", "CurrentLocation": "Mages' Quarter", "Faction": "The Verdant Circle", "OwnedItems": {"Spell Scroll: Fireball": 2, "Ancient Tome": 1, "Gold Coin": 85}, "Role": "Mage", "Relations": [{"Target": "Kaelen", "Favorability": 3}, {"Target": "The Verdant Circle", "Favorability": 4}, {"Target": "Silent Sun Brotherhood", "Favorability": -2}], "NPCLog": []}}, "Locations": {"Whisperwind Glade": {"Name": "Whisperwind Glade", "Enemies": ["Fire Elemental", "Corrupted Treant"], "Resources": ["Healing Herb", "Silver Necklace"]}}, "Enemies": {"Fire Elemental": {"Name": "Fire Elemental", "Loot": ["Gold Coin", "Mana Potion"]}}};{"Quest": {"Name": "The Corrupted Grove", "Giver": "Mira Whisperwind", "Actions": ["goto Whisperwind Glade", "damage Fire Elemental", "goto Mira Whisperwind", "report"]}};A Fire Elemental has been summoned in Whisperwind Glade by rogue mages, threatening to burn the sacred grove. Mira Whisperwind asks you to weaken it.;Attack threatening entities
{"NPCs": {"Brom Stoneshield": {"Name": "Brom Stoneshield", "Species": "Human", "HomeLocation": "Greywatch Keep", "CurrentLocation": "Greywatch Keep", "Faction": "The Crown's Hand", "OwnedItems": {"Iron Sword": 1, "Gold Coin": 30}, "Role": "Guard Captain", "Relations": [{"Target": "Kaelen", "Favorability": 2}, {"Target": "The Crown's Hand", "Favorability": 5}, {"Target": "Bandit Marauder", "Favorability": -5}], "NPCLog": []}}, "Factions": {"The Crown's Hand": {"Name": "The Crown's Hand", "Relations": [{"Target": "The Ember Veil", "Favorability": -4}, {"Target": "Ironmonger's Guild", "Favorability": 3}, {"Target": "The Verdant Circle", "Favorability": 4}, {"Target": "Kaelen", "Favorability": 3}], "Members": ["Lyra Swiftarrow", "Brom Stoneshield", "Aldric the Wise", "Sylas Greymane"], "Treasury": {"Gold Coin": 2500, "Iron Sword": 10, "Health Potion": 15}, "FactionLog": []}}, "Locations": {"Darkwood Forest": {"Name": "Darkwood Forest", "Enemies": ["Forest Goblin", "Shadow Wolf", "Dark Elf Assassin"], "Resources": ["Wolf Pelt", "Healing Herb", "Gold Coin"]}}, "Enemies": {"Forest Goblin": {"Name": "Forest Goblin", "Loot": ["Goblin Ear", "Gold Coin"]}}, "Items": {"Gold Coin": {"Name": "Gold Coin", "Type": "Currency"}}};{"Quest": {"Name": "The Crown's Stolen Tithe", "Giver": "Brom Stoneshield", "Actions": ["goto Darkwood Forest", "kill Forest Goblin", "take Gold Coin", "goto Brom Stoneshield", "give Gold Coin"]}};A chest of Gold Coin, the annual tithe from Rivershire to The Crown's Hand, was stolen by goblins on the road. Brom Stoneshield tasks you with recovering it.;Recover stolen item
{"NPCs": {"Aldric the Wise": {"Name": "Aldric the Wise", "Species": "Human", "HomeLocation": "Temple of the Sun", "CurrentLocation": "Temple of the Sun", "Faction": "The Crown's Hand", "OwnedItems": {"Health Potion": 4, "Gold Coin": 75}, "Role": "Priest", "Relations": [{"Target": "Kaelen", "Favorability": 4}, {"Target": "The Crown's Hand", "Favorability": 4}, {"Target": "Cultist Fanatic", "Favorability": -5}], "NPCLog": []}}, "Locations": {"Darkwood Forest": {"Name": "Darkwood Forest", "Enemies": ["Forest Goblin", "Shadow Wolf", "Dark Elf Assassin", "Cultist Fanatic"], "Resources": ["Wolf Pelt", "Healing Herb"]}}, "Enemies": {"Cultist Fanatic": {"Name": "Cultist Fanatic", "Loot": ["Mysterious Key", "Gold Coin", "Poison Vial"]}}};{"Quest": {"Name": "Sabotage the Ember Ritual", "Giver": "Aldric the Wise", "Actions": ["goto Darkwood Forest", "damage Cultist Fanatic", "goto Aldric the Wise", "report"]}};Maeve Nightshade is preparing a dangerous ritual in Darkwood Forest that could poison the nearby water source. Aldric the Wise wants you to disrupt it by attacking her guards.;Attack enemy
{"Factions": {"The Crown's Hand": {"Name": "The Crown's Hand", "Relations": [{"Target": "The Ember Veil", "Favorability": -4}, {"Target": "Ironmonger's Guild", "Favorability": 3}, {"Target": "The Verdant Circle", "Favorability": 4}, {"Target": "Kaelen", "Favorability": 3}], "Members": ["Lyra Swiftarrow", "Brom Stoneshield", "Aldric the Wise", "Sylas Greymane"], "Treasury": {"Gold Coin": 2500, "Iron Sword": 10, "Health Potion": 15}, "FactionLog": []}}, "Locations": {"Shadowfen Marsh": {"Name": "Shadowfen Marsh", "Enemies": ["Forest Goblin", "Plague Rat"], "Resources": ["Iron Ore", "Poison Vial"]}}, "Enemies": {"Forest Goblin": {"Name": "Forest Goblin", "Loot": ["Goblin Ear", "Gold Coin"]}}};{"Quest": {"Name": "The Goblin Culling", "Giver": "The Crown's Hand", "Actions": ["goto Shadowfen Marsh", "kill Forest Goblin", "goto The Crown's Hand", "report"]}};The goblin population near Shadowfen Marsh has exploded, threatening trade routes. The Crown's Hand offers a bounty per goblin ear.;Kill enemies
{"NPCs": {"Sylas Greymane": {"Name": "Sylas Greymane", "Species": "Human", "HomeLocation": "Greywatch Keep", "CurrentLocation": "Rivershire", "Faction": "The Crown's Hand", "OwnedItems": {"Gold Coin": 50, "Health Potion": 1}, "Role": "Guard Captain", "Relations": [{"Target": "Kaelen", "Favorability": 3}, {"Target": "The Crown's Hand", "Favorability": 5}], "NPCLog": []}}, "Factions": {"The Ember Veil": {"Name": "The Ember Veil", "Relations": [{"Target": "The Crown's Hand", "Favorability": -4}, {"Target": "The Verdant Circle", "Favorability": -5}, {"Target": "Silent Sun Brotherhood", "Favorability": 2}, {"Target": "Kaelen", "Favorability": -2}], "Members": ["Maeve Nightshade"], "Treasury": {"Gold Coin": 1800, "Poison Vial": 8, "Lockpick": 12}, "FactionLog": []}}, "Locations": {"Mages' Quarter": {"Name": "Mages' Quarter", "Enemies": ["Skeletal Warrior", "Cultist Fanatic", "Dark Elf Assassin"], "Resources": ["Spell Scroll: Fireball", "Ancient Tome", "Mana Potion"]}}, "Enemies": {"Dark Elf Assassin": {"Name": "Dark Elf Assassin", "Loot": ["Poison Vial", "Gold Coin", "Lockpick"]}}};{"Quest": {"Name": "The Ember Veil's Spy", "Giver": "Sylas Greymane", "Actions": ["goto Mages' Quarter", "kill Dark Elf Assassin", "goto Sylas Greymane", "report"]}};Sylas Greymane has received word that an Ember Veil spy is hiding in the Mages' Quarter, disguised as a scribe. Eliminate the threat quietly.;Kill enemies
{"NPCs":{"Lyra Mosswood":{"Name":"Lyra Mosswood","Species":"Halfling","HomeLocation":"Mistywood","CurrentLocation":"Mistywood","Faction":null,"Role":"Ranger","Relations":[{"Target":"Player","Favorability":2}]}},"Locations":{"Mistywood":{"Name":"Mistywood","Enemies":["Forest Wolf","Goblin Scrapper"],"Resources":["Elven Bread","Spider Silk"]}},"Enemies":{"Forest Wolf":{"Name":"Forest Wolf","Loot":["Wolf Pelt"]}}};{"Quest":{"Name":"Wolf Problem at Mistywood","Giver":"Lyra Mosswood","Actions":["goto Mistywood","kill Forest Wolf","goto Lyra Mosswood","report"]}};"Lyra Mosswood reports that wolves are encroaching too close to the Mistywood paths, scaring travelers. She asks you to thin their numbers.";"Kill enemies"
{"NPCs":{"Seraphina Dawn":{"Name":"Seraphina Dawn","Species":"Human","HomeLocation":"Hawk's Peak","CurrentLocation":"Hawk's Peak","Faction":"The Silver Hand","OwnedItems":{"Silver Amulet":1},"Role":"Priest","Relations":[{"Target":"Player","Favorability":5}]}},"Locations":{"Old Mill Ruins":{"Name":"Old Mill Ruins","Enemies":[],"Resources":[]}},"Enemies":{"Dark Cultist":{"Name":"Dark Cultist","Loot":["Mysterious Key","Silver Amulet"]}},"Items":{"Silver Amulet":{"Name":"Silver Amulet","Type":"QuestItem"}}};{"Quest":{"Name":"Recover Stolen Amulet","Giver":"Seraphina Dawn","Actions":["goto Old Mill Ruins","kill Dark Cultist","take Silver Amulet","goto Seraphina Dawn","give Silver Amulet"]}};"Seraphina Dawn's Silver Amulet was stolen by a Dark Cultist who fled to the Old Mill Ruins. She wants it back.";"Recover stolen item"
{"NPCs":{"Rurik the Tinker":{"Name":"Rurik the Tinker","Species":"Gnome","HomeLocation":"Ironhold","CurrentLocation":"Old Mill Ruins","Faction":null,"OwnedItems":{"Thunderbrew":1},"Role":"Merchant","Relations":[{"Target":"Player","Favorability":0}]}},"Locations":{"The Glimmering Caves":{"Name":"The Glimmering Caves","Enemies":["Goblin Scrapper","Cave Troll"],"Resources":["Spider Silk","Mysterious Key"]}},"Enemies":{"Goblin Scrapper":{"Name":"Goblin Scrapper","Loot":["Goblin Ear","Lockpick Set"]}}};{"Quest":{"Name":"Clear the Glimmering Caves","Giver":"Rurik the Tinker","Actions":["goto The Glimmering Caves","damage Goblin Scrapper","goto Rurik the Tinker","report"]}};"Rurik the Tinker has been unable to retrieve his Thunderbrew from the Glimmering Caves due to a growing Goblin presence. He wants you to weaken them so he can get through.";"Attack threatening entities"
{"NPCs":{"Thorin Ironfoot":{"Name":"Thorin Ironfoot","Species":"Dwarf","HomeLocation":"Ironhold","CurrentLocation":"Ironhold","Faction":"The Silver Hand","OwnedItems":{"Iron Sword":2,"Dwarven Ale":10},"Role":"Blacksmith","Relations":[{"Target":"Player","Favorability":2}]}}};{"Quest":{"Name":"Guard the Blacksmith's Delivery","Giver":"Thorin Ironfoot","Actions":["goto Thorin Ironfoot","defend Thorin Ironfoot"]}};"Thorin Ironfoot is transporting a shipment of weapons to Rivertown but fears a Crimson Coalition ambush. He asks you to accompany and protect him.";"Guard entity"
{"Factions":{"The Silver Hand":{"Name":"The Silver Hand","Relations":[{"Target":"The Crimson Coalition","Favorability":-5}],"Members":["Thorin Ironfoot","Seraphina Dawn","Bram Stonewall"],"FactionLog":[{"Originator":"The Silver Hand","Type":"EventTypes","Target":["The Crimson Coalition"],"For":"The Silver Hand"}]}},"NPCs":{"Orin Nightshade":{"Name":"Orin Nightshade","Species":"Tiefling","HomeLocation":"Shadowfen","CurrentLocation":"Shadowfen","Faction":"The Crimson Coalition","Role":"Thief","Relations":[{"Target":"Player","Favorability":-3},{"Target":"The Silver Hand","Favorability":-2}]}},"Locations":{"Shadowfen":{"Name":"Shadowfen","Enemies":[],"Resources":[]}}};{"Quest":{"Name":"Bounty on Orin Nightshade","Giver":"The Silver Hand","Actions":["goto Shadowfen","kill Orin Nightshade","goto The Silver Hand","report"]}};"Bram Stonewall has placed a bounty on Orin Nightshade, a notorious Crimson Coalition thief causing trouble in Ironhold.";"Kill enemies"
{"Factions":{"The Silver Hand":{"Name":"The Silver Hand","Relations":[{"Target":"The Crimson Coalition","Favorability":-5}]},"The Crimson Coalition":{"Name":"The Crimson Coalition","Relations":[{"Target":"The Silver Hand","Favorability":-5}],"Members":["Garret Blackwood","Orin Nightshade"]}},"NPCs":{"Garret Blackwood":{"Name":"Garret Blackwood","Species":"Human","HomeLocation":"Shadowfen","CurrentLocation":"Shadowfen","Faction":"The Crimson Coalition","OwnedItems":{"Bandit Mask":1},"Role":"Merchant","Relations":[{"Target":"Player","Favorability":-1}]}},"Locations":{"Shadowfen":{"Name":"Shadowfen","Enemies":[],"Resources":[]}},"Items":{"Bandit Mask":{"Name":"Bandit Mask","Type":"Valuables"}}};{"Quest":{"Name":"Steal Coalition Plans","Giver":"The Silver Hand","Actions":["goto Shadowfen","stealth Garret Blackwood","take Bandit Mask","goto The Silver Hand","give Bandit Mask"]}};"Garret Blackwood is a Crimson Coalition courier. The Silver Hand wants you to steal the coalition movement plans he carries.";"Steal stuff"
{"NPCs":{"Elara Greenhill":{"Name":"Elara Greenhill","Species":"Elf","HomeLocation":"Mistywood","CurrentLocation":"Mistywood","Faction":"The Verdant Circle","OwnedItems":{"Healing Potion":3,"Elven Bread":5},"Role":"Alchemist","Relations":[{"Target":"Player","Favorability":3}]}},"Locations":{"Shadowfen":{"Name":"Shadowfen","Enemies":[],"Resources":[]}},"Enemies":{"Moss Serpent":{"Name":"Moss Serpent","Loot":[]}},"Items":{"Mysterious Key":{"Name":"Mysterious Key","Type":"QuestItem"}}};{"Quest":{"Name":"The Verdant Circle's Message","Giver":"Elara Greenhill","Actions":["goto Shadowfen","kill Moss Serpent","take Mysterious Key","goto Elara Greenhill","give Mysterious Key"]}};"A Verdant Circle scroll was stolen by a Moss Serpent in Shadowfen. Elara Greenhill wants you to retrieve it.";"Recover stolen item"
{"NPCs":{"Mira Cloudweaver":{"Name":"Mira Cloudweaver","Species":"Gnome","HomeLocation":"The Glimmering Caves","CurrentLocation":"The Glimmering Caves","Faction":"The Verdant Circle","OwnedItems":{"Spider Silk":4},"Role":"Mage","Relations":[{"Target":"Player","Favorability":1}]}},"Factions":{"The Verdant Circle":{"Name":"The Verdant Circle","Relations":[{"Target":"The Crimson Coalition","Favorability":-3}]}}};{"Quest":{"Name":"Guard the Grove","Giver":"Mira Cloudweaver","Actions":["goto Mira Cloudweaver","defend Mira Cloudweaver"]}};"A Dark Cultist has been seen near the Old Mill Ruins, threatening the Verdant Circle's sacred grove. Mira Cloudweaver asks you to help her defend it.";"Guard entity"
{"NPCs":{"Bram Stonewall":{"Name":"Bram Stonewall","Species":"Half-Orc","HomeLocation":"Ironhold","CurrentLocation":"Ironhold","Faction":"The Silver Hand","Role":"GuardCaptain","Relations":[{"Target":"Player","Favorability":0}]}},"Locations":{"The Glimmering Caves":{"Name":"The Glimmering Caves","Enemies":["Goblin Scrapper","Cave Troll"],"Resources":["Spider Silk","Mysterious Key"]}},"Enemies":{"Cave Troll":{"Name":"Cave Troll","Loot":["Troll Tooth","Dwarven Ale"]}}};{"Quest":{"Name":"Hunt the Cave Troll","Giver":"Bram Stonewall","Actions":["goto The Glimmering Caves","damage Cave Troll","goto Bram Stonewall","report"]}};"The Glimmering Caves have become too dangerous for prospectors. Bram Stonewall wants you to weaken the Cave Troll to discourage further attacks.";"Attack threatening entities"
{"Factions":{"The Crimson Coalition":{"Name":"The Crimson Coalition","Relations":[{"Target":"The Silver Hand","Favorability":-5}],"Members":["Garret Blackwood","Orin Nightshade"]},"The Silver Hand":{"Name":"The Silver Hand","Relations":[{"Target":"The Crimson Coalition","Favorability":-5}],"Members":["Thorin Ironfoot","Seraphina Dawn","Bram Stonewall"]}},"NPCs":{"Bram Stonewall":{"Name":"Bram Stonewall","Species":"Half-Orc","HomeLocation":"Ironhold","CurrentLocation":"Ironhold","Faction":"The Silver Hand","Role":"GuardCaptain","Relations":[{"Target":"Player","Favorability":0}]}},"Locations":{"Ironhold":{"Name":"Ironhold","Enemies":[],"Resources":["Iron Sword","Dwarven Ale"]}},"Items":{"Iron Sword":{"Name":"Iron Sword","Type":"Weapon"}}};{"Quest":{"Name":"Steal the Silver Hand Ledger","Giver":"The Crimson Coalition","Actions":["goto Ironhold","stealth Bram Stonewall","take Iron Sword","goto The Crimson Coalition","give Iron Sword"]}};"The Crimson Coalition wants a copy of The Silver Hand's supply ledger to find weaknesses. Garret Blackwood is willing to pay for it.";"Steal stuff"
{"NPCs":{"Seraphina Dawn":{"Name":"Seraphina Dawn","Species":"Human","HomeLocation":"Hawk's Peak","CurrentLocation":"Hawk's Peak","Faction":"The Silver Hand","Role":"Priest","Relations":[{"Target":"Player","Favorability":5}]}},"Locations":{"Hawk's Peak":{"Name":"Hawk's Peak","Enemies":[],"Resources":[]}},"Enemies":{"Bandit Cutthroat":{"Name":"Bandit Cutthroat","Loot":["Bandit Mask","Healing Potion"]}}};{"Quest":{"Name":"Hawk's Peak Bandits","Giver":"Seraphina Dawn","Actions":["goto Hawk's Peak","kill Bandit Cutthroat","goto Seraphina Dawn","report"]}};"Seraphina Dawn reports that Bandit Cutthroats have set up camp near Hawk's Peak, harassing pilgrims. She wants them dealt with.";"Kill enemies"
{"NPCs":{"Thorin Ironfoot":{"Name":"Thorin Ironfoot","Species":"Dwarf","HomeLocation":"Ironhold","CurrentLocation":"Ironhold","Faction":"The Silver Hand","OwnedItems":{"Iron Sword":2,"Dwarven Ale":10},"Role":"Blacksmith","Relations":[{"Target":"Player","Favorability":2}]}},"Locations":{"Mistywood":{"Name":"Mistywood","Enemies":["Forest Wolf","Goblin Scrapper"],"Resources":["Elven Bread","Spider Silk"]}},"Enemies":{"Goblin Scrapper":{"Name":"Goblin Scrapper","Loot":["Goblin Ear","Lockpick Set"]}},"Items":{"Dwarven Ale":{"Name":"Dwarven Ale","Type":"Valuables"}}};{"Quest":{"Name":"Recover Thorin's Ale","Giver":"Thorin Ironfoot","Actions":["goto Mistywood","kill Goblin Scrapper","take Dwarven Ale","goto Thorin Ironfoot","give Dwarven Ale"]}};"Goblins raided Thorin Ironfoot's cellar and made off with a cask of his finest Dwarven Ale. He wants it back.";"Recover stolen item"
{"NPCs":{"Elara Greenhill":{"Name":"Elara Greenhill","Species":"Elf","HomeLocation":"Mistywood","CurrentLocation":"Mistywood","Faction":"The Verdant Circle","OwnedItems":{"Healing Potion":3,"Elven Bread":5},"Role":"Alchemist","Relations":[{"Target":"Player","Favorability":3}]}},"Factions":{"The Verdant Circle":{"Name":"The Verdant Circle","Relations":[{"Target":"The Crimson Coalition","Favorability":-3}]}}};{"Quest":{"Name":"Guard the Alchemist's Delivery","Giver":"Elara Greenhill","Actions":["goto Elara Greenhill","defend Elara Greenhill"]}};"Elara Greenhill needs to deliver potions to Rivertown but fears a Crimson Coalition ambush. She asks for your protection.";"Guard entity"
{"Factions":{"The Silver Hand":{"Name":"The Silver Hand","Relations":[{"Target":"The Crimson Coalition","Favorability":-5}]}},"Locations":{"Old Mill Ruins":{"Name":"Old Mill Ruins","Enemies":[],"Resources":[]}},"Enemies":{"Dark Cultist":{"Name":"Dark Cultist","Loot":["Mysterious Key","Silver Amulet"]}}};{"Quest":{"Name":"Dark Cultist Threat","Giver":"The Silver Hand","Actions":["goto Old Mill Ruins","damage Dark Cultist","goto The Silver Hand","report"]}};"The Silver Hand has reports of Dark Cultist activity near the Old Mill Ruins. They want you to weaken their presence.";"Attack threatening entities"
{"Factions":{"The Crimson Coalition":{"Name":"The Crimson Coalition","Relations":[{"Target":"The Verdant Circle","Favorability":-3}],"Members":["Garret Blackwood","Orin Nightshade"]},"The Verdant Circle":{"Name":"The Verdant Circle","Relations":[{"Target":"The Crimson Coalition","Favorability":-3}],"Members":["Elara Greenhill","Mira Cloudweaver"]}},"NPCs":{"Mira Cloudweaver":{"Name":"Mira Cloudweaver","Species":"Gnome","HomeLocation":"The Glimmering Caves","CurrentLocation":"The Glimmering Caves","Faction":"The Verdant Circle","OwnedItems":{"Spider Silk":4},"Role":"Mage","Relations":[{"Target":"Player","Favorability":1}]}},"Locations":{"Mistywood":{"Name":"Mistywood","Enemies":["Forest Wolf","Goblin Scrapper"],"Resources":["Elven Bread","Spider Silk"]}},"Items":{"Spider Silk":{"Name":"Spider Silk","Type":"Ingredient"}}};{"Quest":{"Name":"Steal from the Verdant Circle","Giver":"The Crimson Coalition","Actions":["goto Mistywood","stealth Mira Cloudweaver","take Spider Silk","goto The Crimson Coalition","give Spider Silk"]}};"The Crimson Coalition wants you to steal rare herbs from the Verdant Circle's greenhouse to disrupt their potion production.";"Steal stuff"
{"NPCs":{"Rurik the Tinker":{"Name":"Rurik the Tinker","Species":"Gnome","HomeLocation":"Ironhold","CurrentLocation":"Old Mill Ruins","Faction":null,"OwnedItems":{"Thunderbrew":1},"Role":"Merchant","Relations":[{"Target":"Player","Favorability":0}]}},"Locations":{"Old Mill Ruins":{"Name":"Old Mill Ruins","Enemies":[],"Resources":[]}},"Enemies":{"Bandit Cutthroat":{"Name":"Bandit Cutthroat","Loot":["Bandit Mask","Healing Potion"]}}};{"Quest":{"Name":"Clear the Old Mill Ruins","Giver":"Rurik the Tinker","Actions":["goto Old Mill Ruins","kill Bandit Cutthroat","goto Rurik the Tinker","report"]}};"Rurik the Tinker wants to salvage parts from the Old Mill Ruins but a group of Bandit Cutthroats have claimed it as their hideout.";"Kill enemies"
{"NPCs":{"Bram Stonewall":{"Name":"Bram Stonewall","Species":"Half-Orc","HomeLocation":"Ironhold","CurrentLocation":"Ironhold","Faction":"The Silver Hand","Role":"GuardCaptain","Relations":[{"Target":"Player","Favorability":0}]}},"Factions":{"The Silver Hand":{"Name":"The Silver Hand","Members":["Thorin Ironfoot","Seraphina Dawn","Bram Stonewall"]}},"Locations":{"Mistywood":{"Name":"Mistywood","Enemies":["Forest Wolf","Goblin Scrapper"],"Resources":["Elven Bread","Spider Silk"]}},"Enemies":{"Goblin Scrapper":{"Name":"Goblin Scrapper","Loot":["Goblin Ear","Lockpick Set"]}},"Items":{"Iron Sword":{"Name":"Iron Sword","Type":"Weapon"}}};{"Quest":{"Name":"Recover the Silver Hand Badge","Giver":"Bram Stonewall","Actions":["goto Mistywood","kill Goblin Scrapper","take Iron Sword","goto Bram Stonewall","give Iron Sword"]}};"A Goblin Scrapper stole a ceremonial badge from a Silver Hand patrol. Bram Stonewall wants it back.";"Recover stolen item"
{"NPCs":{"Lyra Mosswood":{"Name":"Lyra Mosswood","Species":"Halfling","HomeLocation":"Mistywood","CurrentLocation":"Mistywood","Faction":null,"Role":"Ranger","Relations":[{"Target":"Player","Favorability":2}]}},"Locations":{"Mistywood":{"Name":"Mistywood","Enemies":["Forest Wolf","Goblin Scrapper"],"Resources":["Elven Bread","Spider Silk"]}},"Enemies":{"Forest Wolf":{"Name":"Forest Wolf","Loot":["Wolf Pelt"]}}};{"Quest":{"Name":"Guard the Forest Path","Giver":"Lyra Mosswood","Actions":["goto Lyra Mosswood","defend Lyra Mosswood"]}};"Lyra Mosswood is setting up a new ranger post in Mistywood and fears a Forest Wolf attack. She asks for your help guarding the site.";"Guard entity"
{"Factions":{"The Silver Hand":{"Name":"The Silver Hand","Relations":[{"Target":"The Crimson Coalition","Favorability":-5}]},"The Crimson Coalition":{"Name":"The Crimson Coalition","Relations":[{"Target":"The Silver Hand","Favorability":-5}],"Members":["Garret Blackwood","Orin Nightshade"]}},"NPCs":{"Garret Blackwood":{"Name":"Garret Blackwood","Species":"Human","HomeLocation":"Shadowfen","CurrentLocation":"Shadowfen","Faction":"The Crimson Coalition","Role":"Merchant","Relations":[{"Target":"Player","Favorability":-1}]}},"Locations":{"Shadowfen":{"Name":"Shadowfen","Enemies":[],"Resources":[]}}};{"Quest":{"Name":"Weaken the Crimson Coalition","Giver":"The Silver Hand","Actions":["goto Shadowfen","damage Garret Blackwood","goto The Silver Hand","report"]}};"The Silver Hand wants you to disrupt Crimson Coalition operations by attacking their supply lines.";"Attack threatening entities"
{"NPCs":{"Finnian Swift":{"Name":"Finnian Swift","Species":"Halfling","HomeLocation":"Rivertown","CurrentLocation":"Rivertown","Faction":null,"OwnedItems":{"Lockpick Set":1,"Old Map Fragment":1},"Role":"Thief","Relations":[{"Target":"Player","Favorability":4}]}},"Locations":{"The Glimmering Caves":{"Name":"The Glimmering Caves","Enemies":["Goblin Scrapper","Cave Troll"],"Resources":["Spider Silk","Mysterious Key"]}},"Enemies":{"Cave Troll":{"Name":"Cave Troll","Loot":["Troll Tooth","Dwarven Ale"]}},"Items":{"Troll Tooth":{"Name":"Troll Tooth","Type":"Ingredient"}}};{"Quest":{"Name":"Steal the Troll's Treasure","Giver":"Finnian Swift","Actions":["goto The Glimmering Caves","stealth Cave Troll","take Troll Tooth","goto Finnian Swift","give Troll Tooth"]}};"The Cave Troll in The Glimmering Caves is hoarding valuables. Finnian Swift wants you to help him retrieve a specific gemstone from the pile.";"Steal stuff"
{"NPCs":{"Elara the Innkeeper":{"Name":"Elara the Innkeeper","Species":"Halfling","HomeLocation":"Rivershire","CurrentLocation":"Rivershire","Faction":"Free Traders Consortium","Role":"Innkeeper","Relations":[{"Target":"Player","Favorability":2}]},"Free Traders Consortium":{"Name":"Free Traders Consortium","Relations":[{"Target":"Player","Favorability":1}]}},"Locations":{"Rivershire":{"Name":"Rivershire","Enemies":["Goblin Scavenger"],"Resources":["Rations","Dwarven Ale"]}},"Enemies":{"Goblin Scavenger":{"Name":"Goblin Scavenger","Loot":["Goblin Ear","Rusty Dagger","Rations"]}}};{"Quest":{"Name":"Goblin Menace at Rivershire","Giver":"Elara the Innkeeper","Actions":["goto Rivershire outskirts","damage Goblin Scavenger","goto Elara the Innkeeper","report"]}};"Elara the Innkeeper reports that Goblins have been raiding the outskirts of Rivershire. She wants you to weaken the Goblin Scavengers so the local militia can finish them off.";"Attack threatening entities"
{"NPCs":{"Sera Whisperwind":{"Name":"Sera Whisperwind","Species":"Gnome","HomeLocation":"Highmarket","CurrentLocation":"Highmarket","Faction":"Free Traders Consortium","Role":"Merchant","OwnedItems":{"Mysterious Amulet":1,"Silver Ring":3},"Relations":[{"Target":"Player","Favorability":1}]},"Thorn":{"Name":"Thorn","Species":"Tiefling","HomeLocation":"Shadowfen Marsh","CurrentLocation":"Shadowfen Marsh","Faction":"The Veiled Syndicate","Role":"Thief","OwnedItems":{"Lockpick":10,"Thieves' Tools":1},"Relations":[{"Target":"Player","Favorability":-2}]}},"Factions":{"The Veiled Syndicate":{"Name":"The Veiled Syndicate","Relations":[{"Target":"Player","Favorability":-2}]}},"Locations":{"Shadowfen Marsh":{"Name":"Shadowfen Marsh","Enemies":["Bandit Cutthroat"],"Resources":["Healing Herbs"]}},"Items":["Mysterious Amulet","Silver Ring"]};{"Quest":{"Name":"The Stolen Amulet","Giver":"Sera Whisperwind","Actions":["goto Shadowfen Marsh","stealth Thorn","take Mysterious Amulet","goto Sera Whisperwind","give Mysterious Amulet"]}};"Sera Whisperwind's Mysterious Amulet was stolen by Thorn of the Veiled Syndicate. Recover it and return it to her.";"Recover stolen item"
{"NPCs":{"Grom Ironfist":{"Name":"Grom Ironfist","Species":"Dwarf","HomeLocation":"Ironhold Keep","CurrentLocation":"Ironhold Keep","Faction":"The Silver Hand","Role":"Blacksmith","OwnedItems":{"Steel Ingot":8,"Iron Sword":1,"Shield of Fortitude":1},"Relations":[{"Target":"Player","Favorability":1},{"Target":"The Veiled Syndicate","Favorability":-3}]}},"Factions":{"The Silver Hand":{"Name":"The Silver Hand","Relations":[{"Target":"The Veiled Syndicate","Favorability":-5}],"FactionLog":[{"Originator":"The Silver Hand","Type":"FACTION_DECLARED_WAR","Target":["The Veiled Syndicate"],"For":"The Silver Hand"}]},"The Veiled Syndicate":{"Name":"The Veiled Syndicate","Relations":[{"Target":"The Silver Hand","Favorability":-5}]}},"Locations":{"Ironhold Keep":{"Name":"Ironhold Keep","Enemies":["Stone Golem","Skeleton Warrior"],"Resources":["Steel Ingot","Iron Sword"]}}};{"Quest":{"Name":"Guard the Blacksmith","Giver":"Grom Ironfist","Actions":["goto Ironhold Keep","defend Grom Ironfist"]}};"Grom Ironfist fears the Veiled Syndicate will sabotage his forge. Stand guard at Ironhold Keep to protect him.";"Guard entity"
{"NPCs":{"Old Man Hemlock":{"Name":"Old Man Hemlock","Species":"Human","HomeLocation":"Whispering Woods","CurrentLocation":"Whispering Woods","Faction":null,"Role":"Alchemist","OwnedItems":{"Healing Herbs":8,"Wolf Pelt":2},"Relations":[{"Target":"Player","Favorability":2}]}},"Locations":{"Whispering Woods":{"Name":"Whispering Woods","Enemies":["Dire Wolf Alpha","Forest Spider Queen"],"Resources":["Healing Herbs","Wolf Pelt"]}},"Enemies":{"Dire Wolf Alpha":{"Name":"Dire Wolf Alpha","Loot":["Wolf Pelt","Wolf Fang","Raw Meat"]}}};{"Quest":{"Name":"The Dire Wolf Attack","Giver":"Old Man Hemlock","Actions":["goto Whispering Woods","damage Dire Wolf Alpha"]}};"Old Man Hemlock's cabin is being stalked by a Dire Wolf Alpha. He needs you to drive it off by damaging it.";"Attack enemy"
{"NPCs":{"Captain Vex":{"Name":"Captain Vex","Species":"Human","HomeLocation":"Ironhold Keep","CurrentLocation":"Ironhold Keep","Faction":"The Silver Hand","Role":"Guard","Relations":[{"Target":"Player","Favorability":0},{"Target":"Thorn","Favorability":-4}]},"Finn the Dealer":{"Name":"Finn the Dealer","Species":"Halfling","HomeLocation":"Highmarket","CurrentLocation":"Highmarket","Faction":"The Veiled Syndicate","Role":"Merchant","OwnedItems":{"Mana Potion":4,"Lockpick":5},"Relations":[{"Target":"Player","Favorability":1},{"Target":"Captain Vex","Favorability":-2}]}},"Factions":{"The Silver Hand":{"Name":"The Silver Hand","Relations":[{"Target":"The Veiled Syndicate","Favorability":-5}]},"The Veiled Syndicate":{"Name":"The Veiled Syndicate","Relations":[{"Target":"The Silver Hand","Favorability":-5}],"Treasury":{"Lockpick":30,"Gold":500,"Mysterious Amulet":1}}},"Locations":{"Highmarket":{"Name":"Highmarket","Enemies":["Bandit Cutthroat"],"Resources":["Silver Ring","Lockpick"]}}};{"Quest":{"Name":"Steal Syndicate Ledger","Giver":"Captain Vex","Actions":["goto Highmarket","goto Finn the Dealer","stealth Finn the Dealer","take Syndicate Ledger","goto Captain Vex","give Syndicate Ledger"]}};"The Silver Hand wants you to steal the Veiled Syndicate's secret ledger from Finn the Dealer in Highmarket.";"Steal stuff"
{"NPCs":{"Master Aldric":{"Name":"Master Aldric","Species":"Human","HomeLocation":"The Veiled Tower","CurrentLocation":"The Veiled Tower","Faction":null,"Role":"Mage","OwnedItems":{"Spell Scroll: Fireball":3,"Ancient Tome":2},"Relations":[{"Target":"Player","Favorability":4}]}},"Locations":{"The Veiled Tower":{"Name":"The Veiled Tower","Enemies":["Cultist Acolyte","Shadow Wraith"],"Resources":["Spell Scroll: Fireball","Ancient Tome"]}},"Enemies":{"Cultist Acolyte":{"Name":"Cultist Acolyte","Loot":["Spell Scroll: Fireball","Cultist Robe","Mana Potion"]}}};{"Quest":{"Name":"Clear the Cultists","Giver":"Master Aldric","Actions":["goto The Veiled Tower","kill Cultist Acolyte","goto Master Aldric","report"]}};"Master Aldric has detected Cultist Acolytes near The Veiled Tower. Kill them and report back.";"Kill enemies"
{"Factions":{"Free Traders Consortium":{"Name":"Free Traders Consortium","Relations":[{"Target":"Player","Favorability":1},{"Target":"The Veiled Syndicate","Favorability":-1}],"Members":["Elara the Innkeeper","Sera Whisperwind"],"Treasury":{"Dwarven Ale":50,"Rations":30,"Silver Ring":5}}},"Locations":{"Highmarket":{"Name":"Highmarket","Enemies":["Bandit Cutthroat"],"Resources":["Silver Ring","Lockpick"]}},"Enemies":{"Bandit Cutthroat":{"Name":"Bandit Cutthroat","Loot":["Gold","Lockpick","Short Sword"]}}};{"Quest":{"Name":"Bandits on the Road","Giver":"Free Traders Consortium","Actions":["goto Highmarket road","damage Bandit Cutthroat","goto Free Traders Consortium","report"]}};"Free Traders Consortium reports Bandit Cutthroats are attacking caravans near Highmarket. Weaken them so their guards can finish the job.";"Attack threatening entities"
{"NPCs":{"Grom Ironfist":{"Name":"Grom Ironfist","Species":"Dwarf","HomeLocation":"Ironhold Keep","CurrentLocation":"Ironhold Keep","Faction":"The Silver Hand","Role":"Blacksmith","OwnedItems":{"Steel Ingot":8},"Relations":[{"Target":"The Veiled Syndicate","Favorability":-3}]},"Thorn":{"Name":"Thorn","Species":"Tiefling","HomeLocation":"Shadowfen Marsh","CurrentLocation":"Shadowfen Marsh","Faction":"The Veiled Syndicate","Role":"Thief","Relations":[{"Target":"The Silver Hand","Favorability":-4}]}},"Factions":{"The Silver Hand":{"Name":"The Silver Hand","Relations":[{"Target":"The Veiled Syndicate","Favorability":-5}]},"The Veiled Syndicate":{"Name":"The Veiled Syndicate","Relations":[{"Target":"The Silver Hand","Favorability":-5}]}},"Locations":{"Shadowfen Marsh":{"Name":"Shadowfen Marsh","Enemies":["Bandit Cutthroat"],"Resources":["Healing Herbs"]}},"Items":["Steel Ingot"]};{"Quest":{"Name":"Recover Stolen Steel","Giver":"Grom Ironfist","Actions":["goto Shadowfen Marsh","goto Thorn","kill Thorn","take Steel Ingot","goto Grom Ironfist","give Steel Ingot"]}};"Thorn stole a shipment of Steel Ingots from Grom Ironfist. Find the ingots and return them.";"Recover stolen item"
{"NPCs":{"Mara the Healer":{"Name":"Mara the Healer","Species":"Elf","HomeLocation":"Sunstone Village","CurrentLocation":"Sunstone Village","Faction":"The Circle of Thorns","Role":"Priest","OwnedItems":{"Health Potion":10,"Healing Herbs":12},"Relations":[{"Target":"Player","Favorability":3},{"Target":"The Veiled Syndicate","Favorability":-3}]}},"Factions":{"The Circle of Thorns":{"Name":"The Circle of Thorns","Relations":[{"Target":"The Veiled Syndicate","Favorability":-3}],"Members":["Lyra Swiftarrow","Mara the Healer"]},"The Veiled Syndicate":{"Name":"The Veiled Syndicate","Relations":[{"Target":"The Circle of Thorns","Favorability":-3}]}},"Locations":{"Sunstone Village":{"Name":"Sunstone Village","Enemies":["Bandit Cutthroat"],"Resources":["Health Potion","Healing Herbs"]}}};{"Quest":{"Name":"Guard the Healer","Giver":"Mara the Healer","Actions":["goto Sunstone Village","defend Mara the Healer"]}};"Mara the Healer is treating wounded soldiers near Sunstone Village but fears Veiled Syndicate assassins. Protect her.";"Guard entity"
{"Factions":{"The Circle of Thorns":{"Name":"The Circle of Thorns","Relations":[{"Target":"Player","Favorability":3}],"Members":["Lyra Swiftarrow","Mara the Healer"],"Treasury":{"Healing Herbs":40,"Ancient Tome":3,"Wolf Pelt":10}}},"Locations":{"Mistfall Lake":{"Name":"Mistfall Lake","Enemies":["Shadow Wraith","Forest Spider Queen"],"Resources":["Wolf Pelt","Healing Herbs"]}},"Enemies":{"Shadow Wraith":{"Name":"Shadow Wraith","Loot":["Ectoplasm","Soul Essence","Mysterious Amulet"]}}};{"Quest":{"Name":"Assassinate the Wraith","Giver":"The Circle of Thorns","Actions":["goto Mistfall Lake","kill Shadow Wraith","goto The Circle of Thorns","report"]}};"The Circle of Thorns wants you to destroy the Shadow Wraith haunting Mistfall Lake. Kill it and report back.";"Kill enemies"
{"NPCs":{"Finn the Dealer":{"Name":"Finn the Dealer","Species":"Halfling","HomeLocation":"Highmarket","CurrentLocation":"Highmarket","Faction":"The Veiled Syndicate","Role":"Merchant","Relations":[{"Target":"Player","Favorability":1}]},"Lyra Swiftarrow":{"Name":"Lyra Swiftarrow","Species":"Elf","HomeLocation":"Glimmerwood Forest","CurrentLocation":"Glimmerwood Forest","Faction":"The Circle of Thorns","Role":"Ranger","OwnedItems":{"Enchanted Bow":1,"Healing Herbs":5},"Relations":[{"Target":"Player","Favorability":3}]}},"Factions":{"The Veiled Syndicate":{"Name":"The Veiled Syndicate","Relations":[{"Target":"The Circle of Thorns","Favorability":-3}]},"The Circle of Thorns":{"Name":"The Circle of Thorns","Relations":[{"Target":"The Veiled Syndicate","Favorability":-3}]}},"Locations":{"Glimmerwood Forest":{"Name":"Glimmerwood Forest","Enemies":["Dire Wolf Alpha","Forest Spider Queen"],"Resources":["Healing Herbs","Wolf Pelt"]}},"Items":["Enchanted Bow"]};{"Quest":{"Name":"Steal the Enchanted Bow","Giver":"Finn the Dealer","Actions":["goto Glimmerwood Forest","stealth Lyra Swiftarrow","take Enchanted Bow","goto Finn the Dealer","give Enchanted Bow"]}};"A rogue collector wants Lyra Swiftarrow's Enchanted Bow. Steal it from her in Glimmerwood Forest.";"Steal stuff"
{"Factions":{"The Royal Expedition":{"Name":"The Royal Expedition","Relations":[{"Target":"Player","Favorability":0}],"Members":[],"Treasury":{"Rations":25,"Torch":15,"Iron Sword":3}}},"Locations":{"Dustwind Canyon":{"Name":"Dustwind Canyon","Enemies":["Forest Spider Queen","Stone Golem"],"Resources":["Steel Ingot","Rations"]}},"Enemies":{"Forest Spider Queen":{"Name":"Forest Spider Queen","Loot":["Spider Silk","Venom Sac","Chitin"]}}};{"Quest":{"Name":"Spider Queen Threat","Giver":"The Royal Expedition","Actions":["goto Dustwind Canyon","damage Forest Spider Queen","goto The Royal Expedition","report"]}};"The Royal Expedition reports a Forest Spider Queen near Dustwind Canyon. Weaken it so their soldiers can finish it off.";"Attack threatening entities"
{"NPCs":{"Master Aldric":{"Name":"Master Aldric","Species":"Human","HomeLocation":"The Veiled Tower","CurrentLocation":"The Veiled Tower","Faction":null,"Role":"Mage","OwnedItems":{"Ancient Tome":2},"Relations":[{"Target":"Player","Favorability":4}]}},"Locations":{"The Veiled Tower":{"Name":"The Veiled Tower","Enemies":["Skeleton Warrior","Cultist Acolyte"],"Resources":["Ancient Tome","Spell Scroll: Fireball"]}},"Enemies":{"Skeleton Warrior":{"Name":"Skeleton Warrior","Loot":["Ancient Coin","Rusted Sword","Bone Dust"]}},"Items":["Ancient Tome"]};{"Quest":{"Name":"Recover the Ancient Tome","Giver":"Master Aldric","Actions":["goto The Veiled Tower catacombs","kill Skeleton Warrior","take Ancient Tome","goto Master Aldric","give Ancient Tome"]}};"A Skeleton Warrior has stolen an Ancient Tome from Master Aldric's tower. Recover it.";"Recover stolen item"
{"NPCs":{"Sera Whisperwind":{"Name":"Sera Whisperwind","Species":"Gnome","HomeLocation":"Highmarket","CurrentLocation":"Highmarket","Faction":"Free Traders Consortium","Role":"Merchant","Relations":[{"Target":"The Veiled Syndicate","Favorability":-1}]}},"Factions":{"Free Traders Consortium":{"Name":"Free Traders Consortium","Relations":[{"Target":"The Veiled Syndicate","Favorability":-1}]},"The Veiled Syndicate":{"Name":"The Veiled Syndicate","Relations":[{"Target":"Free Traders Consortium","Favorability":-1}]}},"Locations":{"Shadowfen Marsh":{"Name":"Shadowfen Marsh","Enemies":["Bandit Cutthroat"],"Resources":["Healing Herbs"]}}};{"Quest":{"Name":"Guard the Caravan","Giver":"Sera Whisperwind","Actions":["goto Shadowfen Marsh road","defend Sera Whisperwind"]}};"Sera Whisperwind is moving goods through Shadowfen Marsh and needs protection from the Veiled Syndicate.";"Guard entity"
{"NPCs":{"Kaelen the Guard":{"Name":"Kaelen the Guard","Species":"Human","HomeLocation":"Ironhold Keep","CurrentLocation":"Ironhold Keep","Faction":"The Silver Hand","Role":"Guard","Relations":[{"Target":"Player","Favorability":1}]}},"Locations":{"Ironhold Keep":{"Name":"Ironhold Keep","Enemies":["Stone Golem","Skeleton Warrior"],"Resources":["Steel Ingot","Iron Sword"]}},"Enemies":{"Stone Golem":{"Name":"Stone Golem","Loot":["Steel Ingot","Heartstone","Granite Shard"]}}};{"Quest":{"Name":"Destroy the Stone Golem","Giver":"Kaelen the Guard","Actions":["goto Ironhold Keep entrance","damage Stone Golem"]}};"A rampaging Stone Golem is blocking the entrance to Ironhold Keep. Damage it until it stops moving.";"Attack enemy"
{"NPCs":{"Finn the Dealer":{"Name":"Finn the Dealer","Species":"Halfling","HomeLocation":"Highmarket","CurrentLocation":"Highmarket","Faction":"The Veiled Syndicate","Role":"Merchant"}},"Factions":{"The Silver Hand":{"Name":"The Silver Hand","Relations":[{"Target":"The Veiled Syndicate","Favorability":-5}]},"The Veiled Syndicate":{"Name":"The Veiled Syndicate","Relations":[{"Target":"The Silver Hand","Favorability":-5}],"Treasury":{"Gold":500}}},"Locations":{"Highmarket":{"Name":"Highmarket","Enemies":["Bandit Cutthroat"],"Resources":["Gold","Lockpick"]}},"Items":["Gold"]};{"Quest":{"Name":"Steal Syndicate Treasure","Giver":"The Silver Hand","Actions":["goto Highmarket hideout","stealth Finn the Dealer","take Gold","goto The Silver Hand","give Gold"]}};"The Silver Hand wants you to raid the Veiled Syndicate's hidden treasury in Highmarket and bring back their gold.";"Steal stuff"
{"NPCs":{"Elara the Innkeeper":{"Name":"Elara the Innkeeper","Species":"Halfling","HomeLocation":"Rivershire","CurrentLocation":"Rivershire","Faction":"Free Traders Consortium","Role":"Innkeeper","Relations":[{"Target":"Player","Favorability":2}]}},"Locations":{"Rivershire":{"Name":"Rivershire","Enemies":["Goblin Scavenger"],"Resources":["Rations","Dwarven Ale"]}},"Enemies":{"Goblin Scavenger":{"Name":"Goblin Scavenger","Loot":["Goblin Ear","Rusty Dagger","Rations"]}}};{"Quest":{"Name":"Kill the Goblin Horde","Giver":"Elara the Innkeeper","Actions":["goto Rivershire camp","kill Goblin Scavenger","goto Elara the Innkeeper","report"]}};"Elara the Innkeeper has spotted a large Goblin Scavenger camp near Rivershire. Wipe them out and report back.";"Kill enemies"
{"NPCs":{"Mara the Healer":{"Name":"Mara the Healer","Species":"Elf","HomeLocation":"Sunstone Village","CurrentLocation":"Sunstone Village","Faction":"The Circle of Thorns","Role":"Priest","OwnedItems":{"Healing Herbs":12},"Relations":[{"Target":"Player","Favorability":3}]}},"Locations":{"Dustwind Canyon":{"Name":"Dustwind Canyon","Enemies":["Bandit Cutthroat","Forest Spider Queen"],"Resources":["Healing Herbs","Steel Ingot"]}},"Enemies":{"Bandit Cutthroat":{"Name":"Bandit Cutthroat","Loot":["Gold","Lockpick","Short Sword"]}},"Items":["Healing Herbs"]};{"Quest":{"Name":"Recover Healing Herbs","Giver":"Mara the Healer","Actions":["goto Dustwind Canyon","goto Bandit Cutthroat","kill Bandit Cutthroat","take Healing Herbs","goto Mara the Healer","give Healing Herbs"]}};"Bandit Cutthroats stole a shipment of Healing Herbs bound for Mara the Healer. Get them back.";"Recover stolen item"
{"NPCs":{"Old Man Hemlock":{"Name":"Old Man Hemlock","Species":"Human","HomeLocation":"Whispering Woods","CurrentLocation":"Whispering Woods","Faction":null,"Role":"Alchemist","Relations":[{"Target":"The Circle of Thorns","Favorability":3}]}},"Factions":{"The Circle of Thorns":{"Name":"The Circle of Thorns","Relations":[{"Target":"Old Man Hemlock","Favorability":3}]}},"Locations":{"Whispering Woods":{"Name":"Whispering Woods","Enemies":["Dire Wolf Alpha","Forest Spider Queen"],"Resources":["Healing Herbs","Wolf Pelt"]}}};{"Quest":{"Name":"Guard the Forest Heart","Giver":"Old Man Hemlock","Actions":["goto Whispering Woods heart","defend Old Man Hemlock"]}};"Old Man Hemlock is performing a ritual at the heart of Whispering Woods and needs protection from Dark Spirits.";"Guard entity"
{"NPCs":{"Lyra Swiftarrow":{"Name":"Lyra Swiftarrow","Species":"Elf","HomeLocation":"Glimmerwood Forest","CurrentLocation":"Glimmerwood Forest","Faction":"The Circle of Thorns","Role":"Ranger","Relations":[{"Target":"Player","Favorability":3}]}},"Factions":{"The Circle of Thorns":{"Name":"The Circle of Thorns","Relations":[{"Target":"Player","Favorability":3}],"FactionLog":[{"Originator":"The Circle of Thorns","Type":"NPC_MOVED","Target":["Lyra Swiftarrow"],"For":"The Circle of Thorns"}]}},"Locations":{"Mistfall Lake":{"Name":"Mistfall Lake","Enemies":["Shadow Wraith","Forest Spider Queen"],"Resources":["Wolf Pelt","Healing Herbs"]}},"Enemies":{"Shadow Wraith":{"Name":"Shadow Wraith","Loot":["Ectoplasm","Soul Essence","Mysterious Amulet"]}}};{"Quest":{"Name":"Neutralize the Wraith Threat","Giver":"Lyra Swiftarrow","Actions":["goto Mistfall Lake","damage Shadow Wraith","goto Lyra Swiftarrow","report"]}};"The Circle of Thorns warns that multiple Shadow Wraiths are gathering near Mistfall Lake. Weaken them for the final ritual.";"Attack threatening entities"
{"NPCs":{"Eldrin Thorne":{"Name":"Eldrin Thorne","Species":"Elf","HomeLocation":"Whiterun Valley","CurrentLocation":"Whiterun Valley","Faction":"The Dawn Council","Role":"Ranger","Relations":[{"Target":"Kaelen Dawnweaver","Favorability":3}]},"Lyra Swiftarrow":{"Name":"Lyra Swiftarrow","Species":"Elf","HomeLocation":"Blackwood Forest","CurrentLocation":"Blackwood Forest","Faction":"The Verdant Circle","Role":"Ranger","Relations":[{"Target":"Kaelen Dawnweaver","Favorability":2}]}},"Factions":{"The Dawn Council":{"Name":"The Dawn Council","Relations":[{"Target":"Kaelen Dawnweaver","Favorability":4}]},"The Verdant Circle":{"Name":"The Verdant Circle","Relations":[{"Target":"Kaelen Dawnweaver","Favorability":1}],"Members":["Lyra Swiftarrow"]}},"Locations":{"Blackwood Forest":{"Name":"Blackwood Forest","Enemies":["Shadow Stalker","Cult Fanatic"],"Resources":["Mountain Flower","Spider Silk"]},"Whiterun Valley":{"Name":"Whiterun Valley","Enemies":[],"Resources":["Healing Potion","Gold Coin"]}},"Enemies":{"Shadow Stalker":{"Name":"Shadow Stalker","Loot":["Spider Silk","Gold Coin"]},"Cult Fanatic":{"Name":"Cult Fanatic","Loot":["Gold Coin","Healing Potion"]}}};{"Quest":{"Name":"A Favor for the Ranger","Giver":"Eldrin Thorne","Actions":["goto Blackwood Forest","defend Eldrin Thorne","goto Whiterun Valley","report"]}};"Eldrin Thorne needs to escort a supply wagon through Blackwood Forest, which has become dangerous due to increased Ironclad Syndicate activity. He requests your aid as a guard.";"Guard entity"
{"NPCs":{"Morwenna Blackwood":{"Name":"Morwenna Blackwood","Species":"Human","HomeLocation":"Blackwood Forest","CurrentLocation":"Sunken Grotto","Faction":null,"OwnedItems":{"Stolen Ledger":1,"Gold Coin":5},"Role":"Alchemist"}},"Locations":{"Sunken Grotto":{"Name":"Sunken Grotto","Enemies":["Shadow Stalker"],"Resources":["Spider Silk"]},"Blackwood Forest":{"Name":"Blackwood Forest","Enemies":["Shadow Stalker","Cult Fanatic"],"Resources":["Mountain Flower","Spider Silk"]}},"Enemies":{"Shadow Stalker":{"Name":"Shadow Stalker","Loot":["Spider Silk","Gold Coin"]}},"Items":{"Stolen Ledger":{"Name":"Stolen Ledger","Type":"QuestItem"}}};{"Quest":{"Name":"Stolen Ledger","Giver":"Morwenna Blackwood","Actions":["goto Sunken Grotto","gather Stolen Ledger","goto Blackwood Forest","give Stolen Ledger"]}};"Morwenna Blackwood had a valuable alchemical ledger stolen by a Shadow Stalker that now lurks in the Sunken Grotto. She wants it back.";"Recover stolen item"
{"Factions":{"The Ironclad Syndicate":{"Name":"The Ironclad Syndicate","Relations":[{"Target":"Kaelen Dawnweaver","Favorability":-2}],"Members":["Mira Stonehill","Grom Ironhand","Orin Coalbeard"],"Treasury":{"Gold Coin":3200,"Mithril Ore":12,"Dwarven Ale":30}},"The Dawn Council":{"Name":"The Dawn Council"}},"NPCs":{"Grom Ironhand":{"Name":"Grom Ironhand","Species":"Dwarf","HomeLocation":"Ironhold Keep","CurrentLocation":"Cinderfall Mine","Faction":"The Ironclad Syndicate","Role":"Miner"},"Mira Stonehill":{"Name":"Mira Stonehill"}},"Locations":{"Cinderfall Mine":{"Name":"Cinderfall Mine","Enemies":["Magma Golem"],"Resources":["Mithril Ore"]},"Ironhold Keep":{"Name":"Ironhold Keep","Enemies":[],"Resources":["Iron Sword","Dwarven Ale"]}},"Enemies":{"Magma Golem":{"Name":"Magma Golem","Loot":["Mithril Ore","Gold Coin"]}}};{"Quest":{"Name":"Purge the Mine","Giver":"The Ironclad Syndicate","Actions":["goto Cinderfall Mine","kill Magma Golem","goto Ironhold Keep","report"]}};"Grom Ironhand reports that Magma Golems have overrun Cinderfall Mine, halting all ore production. The Ironclad Syndicate wants them eliminated.";"Kill enemies"
{"NPCs":{"Lyra Swiftarrow":{"Name":"Lyra Swiftarrow","Species":"Elf","HomeLocation":"Blackwood Forest","CurrentLocation":"Blackwood Forest","Faction":"The Verdant Circle","Role":"Ranger","Relations":[{"Target":"Kaelen Dawnweaver","Favorability":2}]}},"Factions":{"The Verdant Circle":{"Name":"The Verdant Circle","Relations":[{"Target":"Kaelen Dawnweaver","Favorability":1}],"Members":["Lyra Swiftarrow"],"Treasury":{"Gold Coin":800,"Mountain Flower":20,"Elven Bread":10}}},"Locations":{"Blackwood Forest":{"Name":"Blackwood Forest","Enemies":["Shadow Stalker","Cult Fanatic"],"Resources":["Mountain Flower","Spider Silk"]}},"Enemies":{"Cult Fanatic":{"Name":"Cult Fanatic","Loot":["Gold Coin","Healing Potion"]}}};{"Quest":{"Name":"The Cult in the Woods","Giver":"Lyra Swiftarrow","Actions":["goto Blackwood Forest","damage Cult Fanatic","goto The Verdant Circle","report"]}};"Lyra Swiftarrow has discovered Cult Fanatics desecrating a sacred grove in Blackwood Forest. She asks you to drive them off so she can perform a cleansing ritual.";"Attack threatening entities"
{"Factions":{"The Dawn Council":{"Name":"The Dawn Council","Relations":[{"Target":"The Ironclad Syndicate","Favorability":-3},{"Target":"Kaelen Dawnweaver","Favorability":4}],"Members":["Eldrin Thorne","Brennus the Elder","Seraphina Moonshadow"]},"The Ironclad Syndicate":{"Name":"The Ironclad Syndicate","Relations":[{"Target":"The Dawn Council","Favorability":-3}],"Members":["Mira Stonehill","Grom Ironhand","Orin Coalbeard"],"Treasury":{"Gold Coin":3200,"Mithril Ore":12,"Dwarven Ale":30}}},"NPCs":{"Mira Stonehill":{"Name":"Mira Stonehill","Species":"Dwarf","HomeLocation":"Ironhold Keep","CurrentLocation":"Ironhold Keep","Faction":"The Ironclad Syndicate","OwnedItems":{"Iron Sword":1,"Mithril Ore":3,"Gold Coin":120},"Role":"Blacksmith"}},"Locations":{"Ironhold Keep":{"Name":"Ironhold Keep","Enemies":[],"Resources":["Iron Sword","Dwarven Ale"]},"Whiterun Valley":{"Name":"Whiterun Valley","Enemies":[],"Resources":["Healing Potion","Gold Coin"]}},"Items":{"Mithril Ore":{"Name":"Mithril Ore","Type":"Ingredient"}}};{"Quest":{"Name":"A Syndicate Heist","Giver":"The Dawn Council","Actions":["goto Ironhold Keep","goto Mira Stonehill","stealth take Mithril Ore","goto Whiterun Valley","give Mithril Ore"]}};"The Dawn Council wants you to steal a cache of Mithril Ore from the Ironclad Syndicate's storage in Ironhold Keep to cripple their weapon production.";"Steal stuff"
{"NPCs":{"Seraphina Moonshadow":{"Name":"Seraphina Moonshadow","Species":"Elf","HomeLocation":"Whiterun Valley","CurrentLocation":"Whiterun Valley","Faction":"The Dawn Council","OwnedItems":{"Spider Silk":2,"Gold Coin":100},"Role":"Alchemist"}},"Factions":{"The Dawn Council":{"Name":"The Dawn Council","Relations":[{"Target":"Kaelen Dawnweaver","Favorability":4}]}},"Locations":{"Blackwood Forest":{"Name":"Blackwood Forest","Enemies":["Shadow Stalker","Cult Fanatic"],"Resources":["Mountain Flower","Spider Silk"]},"Whiterun Valley":{"Name":"Whiterun Valley","Enemies":[],"Resources":["Healing Potion","Gold Coin"]}},"Enemies":{"Shadow Stalker":{"Name":"Shadow Stalker","Loot":["Spider Silk","Gold Coin"]}}};{"Quest":{"Name":"The Alchemist's Request","Giver":"Seraphina Moonshadow","Actions":["goto Blackwood Forest","damage Shadow Stalker","goto Whiterun Valley","report"]}};"Seraphina Moonshadow needs a rare reagent—Spider Silk from a Shadow Stalker—for an important elixir. She asks you to hunt one down.";"Attack enemy"
{"NPCs":{"Orin Coalbeard":{"Name":"Orin Coalbeard","Species":"Dwarf","HomeLocation":"Ironhold Keep","CurrentLocation":"Ironhold Keep","Faction":"The Ironclad Syndicate","OwnedItems":{"Dwarven Ale":10,"Gold Coin":25},"Role":"Innkeeper","Relations":[{"Target":"The Ironclad Syndicate","Favorability":2}]}},"Factions":{"The Ironclad Syndicate":{"Name":"The Ironclad Syndicate","Relations":[{"Target":"Kaelen Dawnweaver","Favorability":-2}]}},"Locations":{"Mistfall Village":{"Name":"Mistfall Village","Enemies":["Ironclad Brigand"],"Resources":["Gold Coin"]},"Ironhold Keep":{"Name":"Ironhold Keep","Enemies":[],"Resources":["Iron Sword","Dwarven Ale"]}},"Enemies":{"Ironclad Brigand":{"Name":"Ironclad Brigand","Loot":["Iron Sword","Gold Coin"]}}};{"Quest":{"Name":"Eliminate the Brigand Leader","Giver":"Orin Coalbeard","Actions":["goto Mistfall Village","kill Ironclad Brigand","goto Ironhold Keep","report"]}};"A particularly dangerous Ironclad Brigand has been raiding caravans near Mistfall Village. Orin Coalbeard offers a reward for his head.";"Kill enemies"
{"NPCs":{"Brennus the Elder":{"Name":"Brennus the Elder","Species":"Human","HomeLocation":"Whiterun Valley","CurrentLocation":"Whiterun Valley","Faction":"The Dawn Council","OwnedItems":{"Healing Potion":3,"Gold Coin":80},"Role":"Priest","Relations":[{"Target":"Kaelen Dawnweaver","Favorability":3}]},"Alistair Vane":{"Name":"Alistair Vane","Species":"Human","HomeLocation":"Mistfall Village","CurrentLocation":"Mistfall Village","Faction":"Crimson Talons","OwnedItems":{"Shadowglass Dagger":1,"Gold Coin":200},"Role":"Thief","Relations":[{"Target":"Kaelen Dawnweaver","Favorability":-2}]}},"Factions":{"The Dawn Council":{"Name":"The Dawn Council","Treasury":{"Gold Coin":5000,"Iron Sword":10,"Healing Potion":15}},"Crimson Talons":{"Name":"Crimson Talons","Relations":[{"Target":"The Dawn Council","Favorability":-4},{"Target":"Kaelen Dawnweaver","Favorability":-3}],"Members":["Alistair Vane"]}},"Locations":{"Mistfall Village":{"Name":"Mistfall Village","Enemies":["Ironclad Brigand"],"Resources":["Gold Coin"]},"Whiterun Valley":{"Name":"Whiterun Valley","Enemies":[],"Resources":["Healing Potion","Gold Coin"]}},"Items":{"Dawn Council Seal":{"Name":"Dawn Council Seal","Type":"QuestItem"}}};{"Quest":{"Name":"Recover the Dawn Council Seal","Giver":"Brennus the Elder","Actions":["goto Mistfall Village","goto Alistair Vane","stealth take Dawn Council Seal","goto Whiterun Valley","give Dawn Council Seal"]}};"A Crimson Talons thief stole the Dawn Council Seal from Brennus the Elder. He wants it returned before the thief can use it for forgery.";"Recover stolen item"
{"Factions":{"The Ironclad Syndicate":{"Name":"The Ironclad Syndicate","Relations":[{"Target":"Crimson Talons","Favorability":1},{"Target":"Kaelen Dawnweaver","Favorability":-2}]},"Crimson Talons":{"Name":"Crimson Talons","Relations":[{"Target":"The Ironclad Syndicate","Favorability":1},{"Target":"The Dawn Council","Favorability":-4}],"Members":["Alistair Vane"],"Treasury":{"Gold Coin":1500,"Shadowglass Dagger":2}}},"Locations":{"Mistfall Village":{"Name":"Mistfall Village","Enemies":["Ironclad Brigand"],"Resources":["Gold Coin"]},"Ironhold Keep":{"Name":"Ironhold Keep","Enemies":[],"Resources":["Iron Sword","Dwarven Ale"]}}};{"Quest":{"Name":"Poison the Well","Giver":"The Ironclad Syndicate","Actions":["goto Mistfall Village","damage Crimson Talons","goto Ironhold Keep","report"]}};"The Ironclad Syndicate wants you to poison the water supply of the Crimson Talons' hideout in Mistfall Village to weaken them before a raid.";"Attack threatening entities"
{"Factions":{"The Verdant Circle":{"Name":"The Verdant Circle","Relations":[{"Target":"Kaelen Dawnweaver","Favorability":1}],"Members":["Lyra Swiftarrow"]}},"Locations":{"The Frozen Tarn":{"Name":"The Frozen Tarn","Enemies":["Forest Troll"],"Resources":[]},"Blackwood Forest":{"Name":"Blackwood Forest","Enemies":["Shadow Stalker","Cult Fanatic"],"Resources":["Mountain Flower","Spider Silk"]}},"Enemies":{"Forest Troll":{"Name":"Forest Troll","Loot":["Gold Coin","Mountain Flower"]}}};{"Quest":{"Name":"The Frozen Tarn Threat","Giver":"The Verdant Circle","Actions":["goto The Frozen Tarn","damage Forest Troll","goto Blackwood Forest","report"]}};"A Forest Troll has moved into The Frozen Tarn, scaring away game and travelers. The Verdant Circle wants it driven out.";"Attack enemy"
{"NPCs":{"Mira Stonehill":{"Name":"Mira Stonehill","Species":"Dwarf","HomeLocation":"Ironhold Keep","CurrentLocation":"Ironhold Keep","Faction":"The Ironclad Syndicate","OwnedItems":{"Iron Sword":1,"Mithril Ore":3,"Gold Coin":120},"Role":"Blacksmith","Relations":[{"Target":"Grom Ironhand","Favorability":4}]},"Orin Coalbeard":{"Name":"Orin Coalbeard","Species":"Dwarf","HomeLocation":"Ironhold Keep","CurrentLocation":"Ironhold Keep","Faction":"The Ironclad Syndicate","OwnedItems":{"Dwarven Ale":10,"Gold Coin":25},"Role":"Innkeeper"}},"Factions":{"The Ironclad Syndicate":{"Name":"The Ironclad Syndicate","Treasury":{"Gold Coin":3200,"Mithril Ore":12,"Dwarven Ale":30}}},"Locations":{"Ironhold Keep":{"Name":"Ironhold Keep","Enemies":[],"Resources":["Iron Sword","Dwarven Ale"]}}};{"Quest":{"Name":"A Recipe for Revenge","Giver":"Mira Stonehill","Actions":["goto Ironhold Keep","goto Orin Coalbeard","stealth take Dwarven Ale Recipe","goto Mira Stonehill","give Dwarven Ale Recipe"]}};"Mira Stonehill asks you to steal a rare Dwarven Ale recipe from a rival brewer in Ironhold Keep to secure her tavern's reputation.";"Steal stuff"
{"Factions":{"The Dawn Council":{"Name":"The Dawn Council","Relations":[{"Target":"The Ironclad Syndicate","Favorability":-3},{"Target":"Kaelen Dawnweaver","Favorability":4}],"Members":["Eldrin Thorne","Brennus the Elder","Seraphina Moonshadow"],"Treasury":{"Gold Coin":5000,"Iron Sword":10,"Healing Potion":15}},"The Ironclad Syndicate":{"Name":"The Ironclad Syndicate","Relations":[{"Target":"The Dawn Council","Favorability":-3}]}},"Locations":{"Whiterun Valley":{"Name":"Whiterun Valley","Enemies":[],"Resources":["Healing Potion","Gold Coin"]}}};{"Quest":{"Name":"Guard the Caravan","Giver":"The Dawn Council","Actions":["goto Whiterun Valley","defend The Dawn Council Caravan","goto Whiterun Valley","report"]}};"The Dawn Council is sending a caravan of supplies to a remote outpost. They need an experienced guard to protect it from Syndicate raiders.";"Guard entity"
{"NPCs":{"Grom Ironhand":{"Name":"Grom Ironhand","Species":"Dwarf","HomeLocation":"Ironhold Keep","CurrentLocation":"Cinderfall Mine","Faction":"The Ironclad Syndicate","OwnedItems":{"Dwarven Ale":5,"Mithril Ore":1,"Gold Coin":30},"Role":"Miner"}},"Factions":{"The Ironclad Syndicate":{"Name":"The Ironclad Syndicate","Treasury":{"Gold Coin":3200,"Mithril Ore":12,"Dwarven Ale":30}}},"Locations":{"The Frozen Tarn":{"Name":"The Frozen Tarn","Enemies":["Forest Troll"],"Resources":[]},"Cinderfall Mine":{"Name":"Cinderfall Mine","Enemies":["Magma Golem"],"Resources":["Mithril Ore"]}},"Enemies":{"Forest Troll":{"Name":"Forest Troll","Loot":["Gold Coin","Mountain Flower"]}},"Items":{"Dwarven Ale":{"Name":"Dwarven Ale","Type":"Consumable"}}};{"Quest":{"Name":"Grom's Missing Ale","Giver":"Grom Ironhand","Actions":["goto The Frozen Tarn","goto Forest Troll","kill take Dwarven Ale","goto Cinderfall Mine","give Dwarven Ale"]}};"Grom Ironhand had his prized Dwarven Ale stolen by a Forest Troll that dragged the keg into The Frozen Tarn. He wants it back.";"Recover stolen item"
{"Factions":{"Crimson Talons":{"Name":"Crimson Talons","Relations":[{"Target":"The Dawn Council","Favorability":-4},{"Target":"Kaelen Dawnweaver","Favorability":-3}],"Members":["Alistair Vane"],"Treasury":{"Gold Coin":1500,"Shadowglass Dagger":2}}},"Locations":{"Blackwood Forest":{"Name":"Blackwood Forest","Enemies":["Shadow Stalker","Cult Fanatic"],"Resources":["Mountain Flower","Spider Silk"]},"Mistfall Village":{"Name":"Mistfall Village","Enemies":["Ironclad Brigand"],"Resources":["Gold Coin"]}},"Enemies":{"Cult Fanatic":{"Name":"Cult Fanatic","Loot":["Gold Coin","Healing Potion"]}}};{"Quest":{"Name":"Silence the Whispers","Giver":"Crimson Talons","Actions":["goto Blackwood Forest","kill Cult Fanatic","goto Mistfall Village","report"]}};"The Crimson Talons have learned that a Cult Fanatic is spreading word of their hideout to The Dawn Council. They want the cultist eliminated.";"Kill enemies"
{"NPCs":{"Seraphina Moonshadow":{"Name":"Seraphina Moonshadow","Species":"Elf","HomeLocation":"Whiterun Valley","CurrentLocation":"Whiterun Valley","Faction":"The Dawn Council","OwnedItems":{"Spider Silk":2,"Gold Coin":100},"Role":"Alchemist"}},"Factions":{"The Dawn Council":{"Name":"The Dawn Council","Relations":[{"Target":"Kaelen Dawnweaver","Favorability":4}]}},"Locations":{"Whiterun Valley":{"Name":"Whiterun Valley","Enemies":[],"Resources":["Healing Potion","Gold Coin"]}},"Enemies":{"Shadow Stalker":{"Name":"Shadow Stalker","Loot":["Spider Silk","Gold Coin"]}}};{"Quest":{"Name":"Seraphina's Shadow","Giver":"Seraphina Moonshadow","Actions":["goto Whiterun Valley","damage Shadow Stalker","goto Whiterun Valley","report"]}};"Seraphina Moonshadow asks you to hunt a Shadow Stalker that has been lurking near her alchemy garden, scaring away valuable creatures.";"Attack enemy"
{"Factions":{"The Verdant Circle":{"Name":"The Verdant Circle","Relations":[{"Target":"The Ironclad Syndicate","Favorability":-2},{"Target":"Kaelen Dawnweaver","Favorability":1}],"Members":["Lyra Swiftarrow"]},"The Ironclad Syndicate":{"Name":"The Ironclad Syndicate","Relations":[{"Target":"The Verdant Circle","Favorability":-2}],"Members":["Mira Stonehill","Grom Ironhand","Orin Coalbeard"],"Treasury":{"Gold Coin":3200,"Mithril Ore":12,"Dwarven Ale":30}}},"NPCs":{"Mira Stonehill":{"Name":"Mira Stonehill","Species":"Dwarf","HomeLocation":"Ironhold Keep","CurrentLocation":"Ironhold Keep","Faction":"The Ironclad Syndicate","OwnedItems":{"Iron Sword":1,"Mithril Ore":3,"Gold Coin":120},"Role":"Blacksmith"}},"Locations":{"Ironhold Keep":{"Name":"Ironhold Keep","Enemies":[],"Resources":["Iron Sword","Dwarven Ale"]},"Blackwood Forest":{"Name":"Blackwood Forest","Enemies":["Shadow Stalker","Cult Fanatic"],"Resources":["Mountain Flower","Spider Silk"]}},"Items":{"Iron Sword":{"Name":"Iron Sword","Type":"Weapon"}}};{"Quest":{"Name":"The Iron Price","Giver":"The Verdant Circle","Actions":["goto Ironhold Keep","goto Mira Stonehill","stealth take Iron Sword","goto Blackwood Forest","give Iron Sword"]}};"The Verdant Circle wants you to steal a shipment of Iron Swords from the Ironclad Syndicate before they can arm their mercenaries for a forest-clearing operation.";"Steal stuff"
{"Factions":{"Crimson Talons":{"Name":"Crimson Talons","Relations":[{"Target":"Kaelen Dawnweaver","Favorability":-3}],"Members":["Alistair Vane"]}},"NPCs":{"Finn Willowmere":{"Name":"Finn Willowmere","Species":"Halfling","HomeLocation":"Mistfall Village","CurrentLocation":"Mistfall Village","Faction":null,"OwnedItems":{"Gold Coin":15},"Role":"Farmer","Relations":[{"Target":"Crimson Talons","Favorability":-1}]},"Alistair Vane":{"Name":"Alistair Vane","Species":"Human","HomeLocation":"Mistfall Village","CurrentLocation":"Mistfall Village","Faction":"Crimson Talons","Role":"Thief"}},"Locations":{"Mistfall Village":{"Name":"Mistfall Village","Enemies":["Ironclad Brigand"],"Resources":["Gold Coin"]}}};{"Quest":{"Name":"A Debt to Settle","Giver":"Crimson Talons","Actions":["goto Mistfall Village","damage Finn Willowmere","goto Mistfall Village","report"]}};"Alistair Vane owes a gambling debt to Finn Willowmere. The Crimson Talons want you to threaten Finn into forgiving the debt.";"Attack threatening entities"
{"NPCs":{"Mira Stonehill":{"Name":"Mira Stonehill","Species":"Dwarf","HomeLocation":"Ironhold Keep","CurrentLocation":"Ironhold Keep","Faction":"The Ironclad Syndicate","OwnedItems":{"Iron Sword":1,"Mithril Ore":3,"Gold Coin":120},"Role":"Blacksmith"}},"Factions":{"The Ironclad Syndicate":{"Name":"The Ironclad Syndicate","Relations":[{"Target":"Kaelen Dawnweaver","Favorability":-2}]}},"Locations":{"Cinderfall Mine":{"Name":"Cinderfall Mine","Enemies":["Magma Golem"],"Resources":["Mithril Ore"]},"Ironhold Keep":{"Name":"Ironhold Keep","Enemies":[],"Resources":["Iron Sword","Dwarven Ale"]}},"Enemies":{"Magma Golem":{"Name":"Magma Golem","Loot":["Mithril Ore","Gold Coin"]}}};{"Quest":{"Name":"The Golem Heart","Giver":"Mira Stonehill","Actions":["goto Cinderfall Mine","kill Magma Golem","goto Ironhold Keep","report"]}};"Mira Stonehill needs the core from a Magma Golem to forge a legendary weapon. She asks you to retrieve it from Cinderfall Mine.";"Kill enemies"
{"Factions":{"The Verdant Circle":{"Name":"The Verdant Circle","Relations":[{"Target":"Kaelen Dawnweaver","Favorability":1}],"Members":["Lyra Swiftarrow"]}},"Locations":{"Blackwood Forest":{"Name":"Blackwood Forest","Enemies":["Shadow Stalker","Cult Fanatic"],"Resources":["Mountain Flower","Spider Silk"]}},"Enemies":{"Verdant Warden":{"Name":"Verdant Warden","Loot":["Mountain Flower","Gold Coin"]}}};{"Quest":{"Name":"A Warning from the Circle","Giver":"The Verdant Circle","Actions":["goto Blackwood Forest","damage Verdant Warden","goto The Verdant Circle","report"]}};"A rogue Verdant Warden has started attacking travelers. The Verdant Circle wants you to wound and drive him off rather than kill him.";"Attack threatening entities"
{"NPCs":{"Brennus the Elder":{"Name":"Brennus the Elder","Species":"Human","HomeLocation":"Whiterun Valley","CurrentLocation":"Whiterun Valley","Faction":"The Dawn Council","OwnedItems":{"Healing Potion":3,"Gold Coin":80},"Role":"Priest","Relations":[{"Target":"Kaelen Dawnweaver","Favorability":3}]},"Alistair Vane":{"Name":"Alistair Vane","Species":"Human","HomeLocation":"Mistfall Village","CurrentLocation":"Mistfall Village","Faction":"Crimson Talons","OwnedItems":{"Shadowglass Dagger":1,"Gold Coin":200},"Role":"Thief"}},"Factions":{"The Dawn Council":{"Name":"The Dawn Council","Relations":[{"Target":"Kaelen Dawnweaver","Favorability":4}]},"Crimson Talons":{"Name":"Crimson Talons","Relations":[{"Target":"The Dawn Council","Favorability":-4}],"Members":["Alistair Vane"]}},"Locations":{"Mistfall Village":{"Name":"Mistfall Village","Enemies":["Ironclad Brigand"],"Resources":["Gold Coin"]},"Whiterun Valley":{"Name":"Whiterun Valley","Enemies":[],"Resources":["Healing Potion","Gold Coin"]}}};{"Quest":{"Name":"A Gift for the Priest","Giver":"Brennus the Elder","Actions":["goto Mistfall Village","goto Alistair Vane","stealth take Religious Tome","goto Whiterun Valley","give Religious Tome"]}};"A rare religious tome was stolen from Brennus the Elder by a Crimson Talons agent. He wants you to retrieve it discreetly.";"Recover stolen item"
{"NPCs": {"Alvor": {"Name": "Alvor", "HomeLocation": "Riverwood", "CurrentLocation": "Riverwood", "Faction": "The Imperial Legion", "Role": "Blacksmith", "Relations": [{"Target": "Kaelen", "Favorability": 2}]}, "Sigrid": {"Name": "Sigrid", "HomeLocation": "Riverwood", "CurrentLocation": "Riverwood", "Faction": "The Imperial Legion", "Role": "Innkeeper", "OwnedItems": {"Gold Coin": 10, "Sweet Roll": 5}, "Relations": [{"Target": "Kaelen", "Favorability": 1}]}, "Hadvar": {"Name": "Hadvar", "HomeLocation": "Solitude", "CurrentLocation": "Riverwood", "Faction": "The Imperial Legion", "Role": "Guard", "OwnedItems": {"Iron Sword": 1, "Steel Armor": 1, "Gold Coin": 50}, "Relations": [{"Target": "Kaelen", "Favorability": 3}]}, "Ralof": {"Name": "Ralof", "HomeLocation": "Windhelm", "CurrentLocation": "Riverwood", "Faction": "The Stormcloaks", "Role": "Ranger", "OwnedItems": {"Iron Sword": 1, "Gold Coin": 30}, "Relations": [{"Target": "Kaelen", "Favorability": 2}]}, "Balgruuf": {"Name": "Balgruuf", "HomeLocation": "Whiterun", "CurrentLocation": "Whiterun", "Faction": "The Companions", "Role": "Guard", "OwnedItems": {"Ancient Amulet": 1, "Gold Coin": 500}, "Relations": [{"Target": "Kaelen", "Favorability": 4}]}, "Farengar": {"Name": "Farengar", "HomeLocation": "Whiterun", "CurrentLocation": "Whiterun", "Faction": "The College of Winterhold", "Role": "Mage", "OwnedItems": {"Magic Scroll": 3, "Soul Gem": 2}, "Relations": [{"Target": "Kaelen", "Favorability": 3}]}, "Aela": {"Name": "Aela", "HomeLocation": "Whiterun", "CurrentLocation": "Whiterun", "Faction": "The Companions", "Role": "Ranger", "OwnedItems": {"Elven Bow": 1, "Gold Coin": 100}, "Relations": [{"Target": "Kaelen", "Favorability": 4}], "NPCLog": [{"Originator": "Aela", "Type": "KillEnemies", "Target": ["Giant"], "For": "The Companions"}]}, "Vilkas": {"Name": "Vilkas", "HomeLocation": "Whiterun", "CurrentLocation": "Whiterun", "Faction": "The Companions", "Role": "Guard", "OwnedItems": {"Iron Sword": 1, "Dwarven Shield": 1}, "Relations": [{"Target": "Kaelen", "Favorability": 3}]}, "Maven": {"Name": "Maven", "HomeLocation": "Riften", "CurrentLocation": "Riften", "Faction": "The Thieves Guild", "Role": "Merchant", "OwnedItems": {"Gold Coin": 2000, "Silver Ring": 3}, "Relations": [{"Target": "Kaelen", "Favorability": 1}]}, "Ulfric": {"Name": "Ulfric", "HomeLocation": "Windhelm", "CurrentLocation": "Windhelm", "Faction": "The Stormcloaks", "Role": "Guard", "OwnedItems": {"Iron Sword": 1, "Gold Coin": 750}, "Relations": [{"Target": "Kaelen", "Favorability": 1}], "NPCLog": [{"Originator": "Ulfric", "Type": "AttackEnemy", "Target": ["Tullius"], "For": "The Stormcloaks"}]}}, "Locations": {"Riverwood": {"Name": "Riverwood", "Enemies": ["Wolf", "Troll"], "Resources": ["Iron Sword", "Gold Coin", "Sweet Roll"]}, "Riften": {"Name": "Riften", "Enemies": ["Bandit"], "Resources": ["Gold Coin", "Silver Ring", "Lockpick"]}, "Whiterun": {"Name": "Whiterun", "Enemies": ["Dragon", "Giant", "Draugr", "Bandit"], "Resources": ["Gold Coin", "Healing Potion", "Elven Bow", "Dwarven Shield", "Ancient Amulet"]}, "Winterhold": {"Name": "Winterhold", "Enemies": ["Draugr"], "Resources": ["Magic Scroll", "Soul Gem"]}, "Solitude": {"Name": "Solitude", "Enemies": ["Bandit"], "Resources": ["Iron Sword", "Gold Coin", "Lockpick"]}, "Falkreath": {"Name": "Falkreath", "Enemies": ["Bandit", "Vampire"], "Resources": ["Gold Coin", "Mead", "Elven Bow"]}, "Markarth": {"Name": "Markarth", "Enemies": ["Forsworn"], "Resources": ["Gold Coin", "Steel Armor"]}, "Windhelm": {"Name": "Windhelm", "Enemies": ["Bandit"], "Resources": ["Ebony Ingot", "Gold Coin"]}, "Dawnstar": {"Name": "Dawnstar", "Enemies": ["Bandit"], "Resources": ["Gold Coin", "Lockpick"]}, "Morthal": {"Name": "Morthal", "Enemies": ["Vampire"], "Resources": ["Soul Gem"]}}, "Factions": {"The Companions": {"Name": "The Companions", "Relations": [{"Target": "Kaelen", "Favorability": 4}], "Members": ["Balgruuf", "Aela", "Vilkas"], "Treasury": {"Gold Coin": 1200, "Iron Sword": 5, "Steel Armor": 3}}, "The College of Winterhold": {"Name": "The College of Winterhold", "Relations": [{"Target": "Kaelen", "Favorability": 3}], "Members": ["Farengar"], "Treasury": {"Magic Scroll": 10, "Soul Gem": 8, "Gold Coin": 500}}, "The Thieves Guild": {"Name": "The Thieves Guild", "Relations": [{"Target": "Kaelen", "Favorability": 1}], "Members": ["Maven"], "Treasury": {"Gold Coin": 3500, "Lockpick": 20}}, "The Stormcloaks": {"Name": "The Stormcloaks", "Members": ["Ulfric", "Ralof"]}, "The Imperial Legion": {"Name": "The Imperial Legion", "Members": ["Alvor", "Sigrid", "Hadvar"]}}, "Enemies": {"Wolf": {"Name": "Wolf", "Loot": ["Wolf Pelt"]}, "Bandit": {"Name": "Bandit", "Loot": ["Gold Coin", "Iron Sword"]}, "Troll": {"Name": "Troll", "Loot": ["Troll Fat"]}, "Draugr": {"Name": "Draugr", "Loot": ["Gold Coin", "Ancient Amulet"]}, "Dragon": {"Name": "Dragon", "Loot": ["Dragon Bone", "Dragon Scale"]}, "Giant": {"Name": "Giant", "Loot": ["Gold Coin"]}, "Vampire": {"Name": "Vampire", "Loot": ["Gold Coin"]}, "Forsworn": {"Name": "Forsworn", "Loot": ["Gold Coin"]}}, "Items": ["Silver Ring", "Soul Gem", "Lockpick", "Mead", "Iron Sword", "Healing Potion", "Gold Coin", "Elven Bow", "Dwarven Shield", "Ancient Amulet", "Ebony Ingot", "Magic Scroll", "Steel Armor"]};{"Quest": {"Name": "The Forgemaster's Plea", "Giver": "Alvor", "Actions": ["goto Riverwood mine", "damage Troll", "goto Alvor", "report"]}};"Alvor the blacksmith needs you to weaken a rampaging Troll that has taken over his iron mine south of Riverwood.";"Attack threatening entities"
{"NPCs": {"Maven": {"Name": "Maven", "HomeLocation": "Riften", "CurrentLocation": "Riften", "Faction": "The Thieves Guild", "Role": "Merchant", "OwnedItems": {"Gold Coin": 2000, "Silver Ring": 3}, "Relations": [{"Target": "Kaelen", "Favorability": 1}]}}, "Locations": {"Riften": {"Name": "Riften", "Enemies": ["Bandit"], "Resources": ["Gold Coin", "Silver Ring"]}}, "Items": ["Silver Ring"]};{"Quest": {"Name": "Stolen Silver of Riften", "Giver": "Maven", "Actions": ["goto Riften Ratway", "stealth Bandit", "take Silver Ring", "goto Maven", "give Silver Ring"]}};"Maven Black-Briar's silver ring was stolen by a member of a rival gang hiding in the Ratway beneath Riften.";"Recover stolen item"
{"NPCs": {"Balgruuf": {"Name": "Balgruuf", "HomeLocation": "Whiterun", "CurrentLocation": "Whiterun", "Faction": "The Companions", "Role": "Guard", "Relations": [{"Target": "Kaelen", "Favorability": 4}]}}, "Locations": {"Whiterun": {"Name": "Whiterun", "Enemies": ["Dragon"], "Resources": ["Gold Coin", "Healing Potion"]}}, "Enemies": {"Dragon": {"Name": "Dragon", "Loot": ["Dragon Bone", "Dragon Scale"]}}};{"Quest": {"Name": "Dragon Threat Over Whiterun", "Giver": "Balgruuf", "Actions": ["goto Western Watchtower", "defend"]}};"Balgruuf fears a Dragon is circling near the Western Watchtower. Defend the tower guards until reinforcements arrive.";"Guard entity"
{"NPCs": {"Farengar": {"Name": "Farengar", "HomeLocation": "Whiterun", "CurrentLocation": "Whiterun", "Faction": "The College of Winterhold", "Role": "Mage", "OwnedItems": {"Magic Scroll": 3, "Soul Gem": 2}, "Relations": [{"Target": "Kaelen", "Favorability": 3}]}}, "Locations": {"Winterhold": {"Name": "Winterhold", "Enemies": ["Draugr"], "Resources": ["Magic Scroll", "Soul Gem"]}}, "Factions": {"The College of Winterhold": {"Name": "The College of Winterhold", "Relations": [{"Target": "Kaelen", "Favorability": 3}], "Members": ["Farengar"]}}};{"Quest": {"Name": "The Rogue Mage of Winterhold", "Giver": "Farengar", "Actions": ["goto Winterhold Ruins", "damage Rogue Mage", "goto Farengar", "report"]}};"Farengar suspects a rogue mage from the College is summoning undead near an old ruin. Damage the mage enough to break his concentration.";"Attack enemy"
{"Factions": {"The Thieves Guild": {"Name": "The Thieves Guild", "Relations": [{"Target": "Kaelen", "Favorability": 1}], "Members": ["Maven"], "Treasury": {"Gold Coin": 3500, "Lockpick": 20}, "FactionLog": [{"Originator": "The Thieves Guild", "Type": "StealStuff", "Target": ["Gold Coin"], "For": "The Thieves Guild"}]}}, "Locations": {"Solitude": {"Name": "Solitude", "Enemies": ["Bandit"], "Resources": ["Gold Coin", "Lockpick"]}}, "Items": ["Lockpick", "Gold Coin"]};{"Quest": {"Name": "Secrets of the Thieves Guild", "Giver": "The Thieves Guild", "Actions": ["goto Solitude Fence House", "stealth Fence", "take Ledger", "goto The Thieves Guild", "give Ledger"]}};"Delvin wants you to steal a confidential ledger from a rival fence in Solitude. Bring it back to the Guild headquarters.";"Steal stuff"
{"NPCs": {"Sigrid": {"Name": "Sigrid", "HomeLocation": "Riverwood", "CurrentLocation": "Riverwood", "Faction": "The Imperial Legion", "Role": "Innkeeper", "OwnedItems": {"Gold Coin": 10, "Sweet Roll": 5}, "Relations": [{"Target": "Kaelen", "Favorability": 1}]}}, "Locations": {"Riverwood": {"Name": "Riverwood", "Enemies": ["Wolf"], "Resources": ["Gold Coin", "Sweet Roll"]}}, "Enemies": {"Wolf": {"Name": "Wolf", "Loot": ["Wolf Pelt"]}}};{"Quest": {"Name": "Wolf Pack Culling", "Giver": "Sigrid", "Actions": ["goto Riverwood pastures", "kill Wolf", "goto Sigrid", "report"]}};"Sigrid is afraid a wolf pack is attacking her livestock at night. Eliminate them and report back.";"Kill enemies"
{"NPCs": {"Farengar": {"Name": "Farengar", "OwnedItems": {"Magic Scroll": 3, "Soul Gem": 2}, "Relations": [{"Target": "Kaelen", "Favorability": 3}]}}, "Locations": {"Morthal": {"Name": "Morthal", "Enemies": ["Vampire"], "Resources": ["Soul Gem"]}}, "Items": ["Soul Gem"]};{"Quest": {"Name": "Farengar's Stolen Soul Gem", "Giver": "Farengar", "Actions": ["goto Morthal Swamp", "stealth Thief", "take Soul Gem", "goto Farengar", "give Soul Gem"]}};"Farengar's rare Soul Gem was taken by a thief who fled to Morthal. Retrieve it for him.";"Recover stolen item"
{"NPCs": {"Aela": {"Name": "Aela", "HomeLocation": "Whiterun", "CurrentLocation": "Whiterun", "Faction": "The Companions", "Role": "Ranger", "OwnedItems": {"Elven Bow": 1, "Gold Coin": 100}, "Relations": [{"Target": "Kaelen", "Favorability": 4}], "NPCLog": [{"Originator": "Aela", "Type": "KillEnemies", "Target": ["Giant"], "For": "The Companions"}]}}, "Locations": {"Whiterun": {"Name": "Whiterun", "Enemies": ["Giant"], "Resources": ["Gold Coin", "Elven Bow"]}}, "Enemies": {"Giant": {"Name": "Giant", "Loot": ["Gold Coin"]}}, "Factions": {"The Companions": {"Name": "The Companions", "Relations": [{"Target": "Kaelen", "Favorability": 4}], "Members": ["Balgruuf", "Aela", "Vilkas"]}}};{"Quest": {"Name": "The Companions' Honor", "Giver": "Aela", "Actions": ["goto Whiterun plains", "kill Giant", "goto Aela", "report"]}};"Aela wants you to kill the Giant that has been raiding farms near Whiterun. Bring proof of the kill back to Jorrvaskr.";"Kill enemies"
{"NPCs": {"Maven": {"Name": "Maven", "HomeLocation": "Riften", "CurrentLocation": "Riften", "Faction": "The Thieves Guild", "Role": "Merchant", "Relations": [{"Target": "Kaelen", "Favorability": 1}]}}, "Locations": {"Falkreath": {"Name": "Falkreath", "Enemies": ["Bandit"], "Resources": ["Gold Coin", "Mead"]}}, "Items": ["Mead", "Gold Coin"]};{"Quest": {"Name": "Poison in the Mead", "Giver": "Maven", "Actions": ["goto Falkreath Brewery", "stealth Brewmaster", "take Recipe Scroll", "goto Maven", "give Recipe Scroll"]}};"Maven wants you to steal the recipe for a rival's mead from their brewery in Falkreath.";"Steal stuff"
{"NPCs": {"Vilkas": {"Name": "Vilkas", "HomeLocation": "Whiterun", "CurrentLocation": "Whiterun", "Faction": "The Companions", "Role": "Guard", "OwnedItems": {"Iron Sword": 1, "Dwarven Shield": 1}, "Relations": [{"Target": "Kaelen", "Favorability": 3}]}}, "Locations": {"Whiterun": {"Name": "Whiterun", "Enemies": ["Draugr"], "Resources": ["Dwarven Shield", "Iron Sword"]}}, "Enemies": {"Draugr": {"Name": "Draugr", "Loot": ["Gold Coin", "Ancient Amulet"]}}};{"Quest": {"Name": "Undead in the Crypt", "Giver": "Vilkas", "Actions": ["goto Ancient Crypt", "damage Draugr Overlord", "goto Vilkas", "report"]}};"Vilkas found a Draugr infestation in an ancient crypt. Damage their leader so the Companions can cleanse the tomb.";"Attack threatening entities"
{"NPCs": {"Hadvar": {"Name": "Hadvar", "HomeLocation": "Solitude", "CurrentLocation": "Riverwood", "Faction": "The Imperial Legion", "Role": "Guard", "OwnedItems": {"Iron Sword": 1, "Steel Armor": 1, "Gold Coin": 50}, "Relations": [{"Target": "Kaelen", "Favorability": 3}], "NPCLog": [{"Originator": "Hadvar", "Type": "KillEnemies", "Target": ["Bandit"], "For": "The Imperial Legion"}]}}, "Locations": {"Solitude": {"Name": "Solitude", "Enemies": ["Bandit"], "Resources": ["Iron Sword", "Gold Coin"]}}, "Enemies": {"Bandit": {"Name": "Bandit", "Loot": ["Gold Coin", "Iron Sword"]}}, "Items": ["Iron Sword"]};{"Quest": {"Name": "Hadvar's Lost Sword", "Giver": "Hadvar", "Actions": ["goto Solitude Bandit Camp", "kill Bandit", "take Iron Sword", "goto Hadvar", "give Iron Sword"]}};"Hadvar's family sword was taken by a Bandit who fled to a camp near Solitude. Retrieve it.";"Recover stolen item"
{"Factions": {"The Companions": {"Name": "The Companions", "Relations": [{"Target": "Kaelen", "Favorability": 4}], "Members": ["Balgruuf", "Aela", "Vilkas"], "Treasury": {"Gold Coin": 1200, "Iron Sword": 5, "Steel Armor": 3}, "FactionLog": [{"Originator": "The Companions", "Type": "KillEnemies", "Target": ["Giant"], "For": "The Companions"}]}}, "Locations": {"Riften": {"Name": "Riften", "Enemies": ["Bandit"], "Resources": ["Gold Coin", "Healing Potion"]}}, "Items": ["Healing Potion", "Gold Coin"]};{"Quest": {"Name": "Protect the Caravan", "Giver": "The Companions", "Actions": ["goto The Rift road", "defend"]}};"The Companions are moving supplies through the Rift. Bandits are expected to attack. Defend the caravan.";"Guard entity"
{"Factions": {"The College of Winterhold": {"Name": "The College of Winterhold", "Relations": [{"Target": "Kaelen", "Favorability": 3}], "Members": ["Farengar"], "Treasury": {"Magic Scroll": 10, "Soul Gem": 8, "Gold Coin": 500}}}, "Locations": {"Winterhold": {"Name": "Winterhold", "Enemies": ["Draugr"], "Resources": ["Soul Gem", "Magic Scroll"]}}, "NPCs": {"Farengar": {"Name": "Farengar", "Role": "Mage", "Relations": [{"Target": "Kaelen", "Favorability": 3}]}}};{"Quest": {"Name": "The College's Sabotage", "Giver": "The College of Winterhold", "Actions": ["goto College ruins", "damage Rogue Mage", "goto The College of Winterhold", "report"]}};"A rogue mage is sabotaging College experiments. Damage his equipment to stop him.";"Attack enemy"
{"NPCs": {"Ulfric": {"Name": "Ulfric", "HomeLocation": "Windhelm", "CurrentLocation": "Windhelm", "Faction": "The Stormcloaks", "Role": "Guard", "OwnedItems": {"Iron Sword": 1, "Gold Coin": 750}, "Relations": [{"Target": "Tullius", "Favorability": -5}], "NPCLog": [{"Originator": "Ulfric", "Type": "AttackEnemy", "Target": ["Tullius"], "For": "The Stormcloaks"}]}}, "Locations": {"Markarth": {"Name": "Markarth", "Enemies": ["Forsworn"], "Resources": ["Gold Coin"]}}, "Factions": {"The Stormcloaks": {"Name": "The Stormcloaks", "Members": ["Ulfric", "Ralof"]}}};{"Quest": {"Name": "Ulfric's Spy", "Giver": "Ulfric", "Actions": ["goto Markarth Inn", "stealth Imperial Courier", "take Battle Plans", "goto Ulfric", "give Battle Plans"]}};"Ulfric wants you to steal battle plans from an Imperial courier staying at an inn in Markarth.";"Steal stuff"
{"NPCs": {"Alvor": {"Name": "Alvor", "HomeLocation": "Riverwood", "CurrentLocation": "Riverwood", "Role": "Blacksmith", "OwnedItems": {"Iron Sword": 1, "Steel Armor": 1, "Gold Coin": 25}, "Relations": [{"Target": "Kaelen", "Favorability": 2}]}}, "Locations": {"Riverwood": {"Name": "Riverwood", "Enemies": ["Wolf", "Troll"], "Resources": ["Iron Sword", "Gold Coin"]}}, "Enemies": {"Troll": {"Name": "Troll", "Loot": ["Troll Fat"]}}};{"Quest": {"Name": "Troll in the Pass", "Giver": "Alvor", "Actions": ["goto Riverwood mountain pass", "kill Troll", "goto Alvor", "report"]}};"Alvor's trade route is blocked by a Troll. Kill it and report back.";"Kill enemies"
{"NPCs": {"Balgruuf": {"Name": "Balgruuf", "HomeLocation": "Whiterun", "CurrentLocation": "Whiterun", "Faction": "The Companions", "OwnedItems": {"Ancient Amulet": 1, "Gold Coin": 500}, "Relations": [{"Target": "Kaelen", "Favorability": 4}]}}, "Locations": {"Whiterun": {"Name": "Whiterun", "Enemies": ["Bandit", "Dragon"], "Resources": ["Gold Coin", "Ancient Amulet"]}}, "Factions": {"The Companions": {"Name": "The Companions", "Members": ["Balgruuf", "Aela", "Vilkas"]}}};{"Quest": {"Name": "Guard the Jarl's Hall", "Giver": "Balgruuf", "Actions": ["goto Dragonsreach", "defend"]}};"Balgruuf fears an assassin has been hired to strike during the night. Guard the hall until dawn.";"Guard entity"
{"NPCs": {"Aela": {"Name": "Aela", "HomeLocation": "Whiterun", "CurrentLocation": "Whiterun", "Faction": "The Companions", "Role": "Ranger", "OwnedItems": {"Elven Bow": 1, "Gold Coin": 100}, "Relations": [{"Target": "Kaelen", "Favorability": 4}]}}, "Locations": {"Falkreath": {"Name": "Falkreath", "Enemies": ["Vampire"], "Resources": ["Gold Coin", "Elven Bow"]}}, "Enemies": {"Vampire": {"Name": "Vampire", "Loot": ["Gold Coin"]}}};{"Quest": {"Name": "Vampire Nest Cleansing", "Giver": "Aela", "Actions": ["goto Falkreath cave", "damage Vampire", "goto Aela", "report"]}};"Aela discovered a Vampire nest near Falkreath. Weaken the Vampire leader so the Companions can finish the purge.";"Attack threatening entities"
{"Factions": {"The Thieves Guild": {"Name": "The Thieves Guild", "Relations": [{"Target": "Kaelen", "Favorability": 1}], "Members": ["Maven"], "Treasury": {"Gold Coin": 3500, "Lockpick": 20}}}, "Locations": {"Dawnstar": {"Name": "Dawnstar", "Enemies": ["Bandit"], "Resources": ["Gold Coin", "Lockpick"]}}, "Items": ["Gold Coin", "Lockpick"]};{"Quest": {"Name": "The Guild's Dues", "Giver": "The Thieves Guild", "Actions": ["goto Dawnstar warehouse", "stealth Merchant Guard", "take Gold Coin", "goto The Thieves Guild", "give Gold Coin"]}};"The Thieves Guild wants you to steal a gold shipment from a corrupt merchant in Dawnstar.";"Steal stuff"
{"NPCs": {"Hadvar": {"Name": "Hadvar", "HomeLocation": "Solitude", "CurrentLocation": "Riverwood", "Faction": "The Imperial Legion", "Role": "Guard", "OwnedItems": {"Iron Sword": 1, "Steel Armor": 1, "Gold Coin": 50}, "Relations": [{"Target": "Kaelen", "Favorability": 3}]}}, "Locations": {"Markarth": {"Name": "Markarth", "Enemies": ["Forsworn"], "Resources": ["Gold Coin", "Steel Armor"]}}, "Enemies": {"Forsworn": {"Name": "Forsworn", "Loot": ["Gold Coin"]}}, "Factions": {"The Imperial Legion": {"Name": "The Imperial Legion", "Members": ["Alvor", "Sigrid", "Hadvar"]}}};{"Quest": {"Name": "The Forsworn Incursion", "Giver": "Hadvar", "Actions": ["goto Legion outpost", "kill Forsworn", "goto Hadvar", "report"]}};"Hadvar reports that Forsworn raiders are attacking a Legion outpost. Kill them all and confirm.";"Kill enemies"
{"NPCs": {"Eorlund": {"Name": "Eorlund", "Role": "Blacksmith", "OwnedItems": {"Ebony Ingot": 1, "Gold Coin": 100}}}, "Locations": {"Windhelm": {"Name": "Windhelm", "Enemies": ["Bandit"], "Resources": ["Ebony Ingot", "Gold Coin"]}}, "Items": ["Ebony Ingot", "Gold Coin"]};{"Quest": {"Name": "Stolen Ingot for Eorlund", "Giver": "Eorlund", "Actions": ["goto Windhelm slums", "stealth Thief", "take Ebony Ingot", "goto Eorlund", "give Ebony Ingot"]}};"Eorlund Gray-Mane's Ebony Ingot was taken by a thief now hiding in Windhelm. Recover it.";"Recover stolen item"
{"NPCs":{"Grom Stonefist":{"Name":"Grom Stonefist","Species":"Dwarf","HomeLocation":"Ironhold","CurrentLocation":"Ironhold","Faction":"The Iron Pact","OwnedItems":{"Dwarven Ale":5,"Iron Ore":10},"Role":"Guard","Relations":[{"Target":"Aria","Favorability":2},{"Target":"Thalia Ironheart","Favorability":4}]}},"Locations":{"The Crossroads":{"Name":"The Crossroads","Enemies":["Goblin Scrapper","Bandit Raider"],"Resources":["Bread Loaf","Gold Coin"]},"Ironhold":{"Name":"Ironhold","Enemies":["Orc Berserker","Goblin Scrapper"],"Resources":["Iron Ore","Steel Shield"]}},"Enemies":{"Dire Wolf":{"Name":"Dire Wolf","Loot":["Wolf Pelt","Raw Meat"]}}};{"Quest":{"Name":"The Ironhold Supply Run","Giver":"Grom Stonefist","Actions":["goto The Crossroads","damage Dire Wolf","goto Ironhold","report"]}};"Grom Stonefist reports that a pack of Dire Wolves has been attacking caravans on the road to Ironhold. He wants you to weaken them so the Iron Pact guards can clear the route safely.";"Attack threatening entities"
{"NPCs":{"Seraphina Blackwood":{"Name":"Seraphina Blackwood","Species":"Tiefling","HomeLocation":"Dustvale","CurrentLocation":"Dustvale","Faction":"The Silent Veil","OwnedItems":{"Amulet of Shadows":1,"Poison":2,"Gold Coin":200},"Role":"Thief","Relations":[{"Target":"Aria","Favorability":0},{"Target":"The Golden Scale","Favorability":-3}]}},"Locations":{"Dustvale":{"Name":"Dustvale","Enemies":["Bandit Raider","Cultist Zealot"],"Resources":["Gold Coin","Poison"]}},"Enemies":{"Bandit Raider":{"Name":"Bandit Raider","Loot":["Gold Coin","Iron Sword","Lockpick"]}},"Items":{"Amulet of Shadows":{"Name":"Amulet of Shadows","Type":"Artifact"}}};{"Quest":{"Name":"The Stolen Amulet","Giver":"Seraphina Blackwood","Actions":["goto Dustvale","goto Bandit Raider","stealth","take Amulet of Shadows","goto Seraphina Blackwood","give Amulet of Shadows"]}};"Seraphina Blackwood claims her Amulet of Shadows was taken by a Bandit Raider who ambushed her near Dustvale. She wants you to retrieve it discreetly.";"Recover stolen item"
{"NPCs":{"Pippin Shortstep":{"Name":"Pippin Shortstep","Species":"Halfling","HomeLocation":"Everfall","CurrentLocation":"Everfall","Faction":"The Golden Scale","OwnedItems":{"Bread Loaf":10,"Healing Potion":2},"Role":"Innkeeper","Relations":[{"Target":"Aria","Favorability":4},{"Target":"Finnigan Reed","Favorability":3}]}},"Locations":{"The Crossroads":{"Name":"The Crossroads","Enemies":["Goblin Scrapper","Bandit Raider"],"Resources":["Bread Loaf","Gold Coin"]}}};{"Quest":{"Name":"Protect the Crossroads Inn","Giver":"Pippin Shortstep","Actions":["goto The Crossroads","defend"]}};"Pippin Shortstep is worried about Cultist Zealots who have been seen near Everfall. He asks you to watch over his inn while he travels to buy supplies.";"Guard entity"
{"Factions":{"The Verdant Circle":{"Name":"The Verdant Circle","Relations":[{"Target":"The Iron Pact","Favorability":2},{"Target":"The Ashen Claw","Favorability":-5},{"Target":"Aria","Favorability":2}],"Members":["Eldrin Moonshadow","Morwenna","Lyra Swiftarrow"],"Treasury":{"Healing Potion":8,"Elven Bread":12,"Gold Coin":350}}},"Locations":{"Mistwood":{"Name":"Mistwood","Enemies":["Dire Wolf","Forest Troll","Shadow Viper"],"Resources":["Elven Bread","Wolf Pelt"]}},"Enemies":{"Shadow Viper":{"Name":"Shadow Viper","Loot":["Poison","Gold Coin"]}}};{"Quest":{"Name":"The Shadow Viper Menace","Giver":"The Verdant Circle","Actions":["goto Mistwood","damage Shadow Viper"]}};"The Verdant Circle has noticed a Shadow Viper nesting near their sacred grove in Mistwood. They need someone to drive it off before it harms the wildlife.";"Attack enemy"
{"Factions":{"The Iron Pact":{"Name":"The Iron Pact","Relations":[{"Target":"The Verdant Circle","Favorability":2},{"Target":"The Ashen Claw","Favorability":-4},{"Target":"Aria","Favorability":3}],"Members":["Thalia Ironheart","Grom Stonefist","Orin Ironfoot"],"Treasury":{"Iron Ore":50,"Gold Coin":800,"Steel Shield":5}}},"NPCs":{"Kaelen Vex":{"Name":"Kaelen Vex","Species":"Dragonborn","HomeLocation":"Cinderfen","CurrentLocation":"Cinderfen","Faction":"The Ashen Claw","OwnedItems":{"Gold Coin":75,"Throwing Knife":4},"Role":"Hunter","Relations":[{"Target":"Aria","Favorability":-1},{"Target":"The Verdant Circle","Favorability":-2}]},"Thalia Ironheart":{"Name":"Thalia Ironheart","Species":"Human","HomeLocation":"Ironhold","CurrentLocation":"Ironhold","Faction":"The Iron Pact","OwnedItems":{"Iron Sword":1,"Steel Shield":1,"Gold Coin":50},"Role":"Blacksmith"}},"Locations":{"Cinderfen":{"Name":"Cinderfen","Enemies":["Orc Berserker","Goblin Scrapper"],"Resources":["Iron Ore","Gold Coin"]}}};{"Quest":{"Name":"The Ashen Claw's War Chest","Giver":"The Iron Pact","Actions":["goto Cinderfen","goto Kaelen Vex","stealth","take Gold Coin","goto Thalia Ironheart","give Gold Coin"]}};"The Iron Pact wants you to infiltrate an Ashen Claw encampment near Cinderfen and steal their war chest to disrupt their operations. Deliver it to Thalia Ironheart.";"Steal stuff"
{"NPCs":{"Orin Ironfoot":{"Name":"Orin Ironfoot","Species":"Dwarf","HomeLocation":"Ironhold","CurrentLocation":"Sunken Grotto","Faction":"The Iron Pact","OwnedItems":{"Iron Sword":1,"Healing Potion":1},"Role":"Guard","Relations":[{"Target":"Aria","Favorability":1}],"NPCLog":[{"Originator":"Goblin Scrapper","Type":"AttackEnemy","Target":["Orin Ironfoot"],"For":"Goblin Scrapper","Received":null,"Favorability":-1}]}},"Locations":{"Sunken Grotto":{"Name":"Sunken Grotto","Enemies":["Goblin Scrapper","Skeleton Warrior"],"Resources":["Gold Coin","Iron Ore"]}},"Enemies":{"Goblin Scrapper":{"Name":"Goblin Scrapper","Loot":["Gold Coin","Bread Loaf","Throwing Knife"]}}};{"Quest":{"Name":"Clear the Sunken Grotto","Giver":"Orin Ironfoot","Actions":["goto Sunken Grotto","kill Goblin Scrapper","goto Orin Ironfoot","report"]}};"Orin Ironfoot was ambushed in the Sunken Grotto by Goblins. He wants you to clear them out and report back so he can safely resume his patrol.";"Kill enemies"
{"NPCs":{"Bram Wellby":{"Name":"Bram Wellby","Species":"Human","HomeLocation":"The Crossroads","CurrentLocation":"The Crossroads","Faction":null,"OwnedItems":{"Old Key":1,"Bread Loaf":2},"Role":"Farmer","Relations":[{"Target":"Aria","Favorability":3}]}},"Locations":{"The Crossroads":{"Name":"The Crossroads","Enemies":["Goblin Scrapper","Bandit Raider"],"Resources":["Bread Loaf","Gold Coin"]}},"Enemies":{"Bandit Raider":{"Name":"Bandit Raider","Loot":["Gold Coin","Iron Sword","Lockpick"]}},"Items":{"Silver Ring":{"Name":"Silver Ring","Type":"Artifact"}}};{"Quest":{"Name":"Bram's Stolen Heirloom","Giver":"Bram Wellby","Actions":["goto The Crossroads","goto Bandit Raider","kill","take Silver Ring","goto Bram Wellby","give Silver Ring"]}};"Bram Wellby's grandmother's Silver Ring was taken by a Bandit Raider who passed through The Crossroads. He wants it back and will reward you handsomely.";"Recover stolen item"
{"NPCs":{"Finnigan Reed":{"Name":"Finnigan Reed","Species":"Halfling","HomeLocation":"Everfall","CurrentLocation":"The Crossroads","Faction":"The Golden Scale","OwnedItems":{"Gold Coin":120,"Mysterious Letter":1,"Lockpick":3},"Role":"Merchant","Relations":[{"Target":"Aria","Favorability":1},{"Target":"The Golden Scale","Favorability":4}]},"Grom Stonefist":{"Name":"Grom Stonefist","Species":"Dwarf","HomeLocation":"Ironhold","CurrentLocation":"Ironhold","Faction":"The Iron Pact","OwnedItems":{"Dwarven Ale":5,"Iron Ore":10},"Role":"Guard"}},"Locations":{"Ironhold":{"Name":"Ironhold","Enemies":["Orc Berserker","Goblin Scrapper"],"Resources":["Iron Ore","Steel Shield"]},"Everfall":{"Name":"Everfall","Enemies":["Cultist Zealot","Bandit Raider"],"Resources":["Bread Loaf","Gold Coin"]}},"Items":{"Iron Ore":{"Name":"Iron Ore","Type":"Ingredient"}}};{"Quest":{"Name":"The Iron Ore Heist","Giver":"Finnigan Reed","Actions":["goto Ironhold","goto Grom Stonefist","stealth","take Iron Ore","goto Everfall","give Iron Ore"]}};"Finnigan Reed wants you to acquire some Iron Ore from the Iron Pact's stockpile. He claims they owe him a debt. Bring it to him in Everfall.";"Steal stuff"
{"NPCs":{"Thalia Ironheart":{"Name":"Thalia Ironheart","Species":"Human","HomeLocation":"Ironhold","CurrentLocation":"Ironhold","Faction":"The Iron Pact","OwnedItems":{"Iron Sword":1,"Steel Shield":1,"Gold Coin":50},"Role":"Blacksmith","Relations":[{"Target":"Aria","Favorability":3},{"Target":"The Iron Pact","Favorability":5}]}},"Locations":{"Ironhold":{"Name":"Ironhold","Enemies":["Orc Berserker","Goblin Scrapper"],"Resources":["Iron Ore","Steel Shield"]}}};{"Quest":{"Name":"Defend Ironhold's Eastern Gate","Giver":"Thalia Ironheart","Actions":["goto Ironhold","defend"]}};"Thalia Ironheart reports that Orc Berserkers have been seen near Ironhold. She needs you to guard the eastern gate while reinforcements arrive.";"Guard entity"
{"NPCs":{"Alistair Crane":{"Name":"Alistair Crane","Species":"Human","HomeLocation":"Everfall","CurrentLocation":"Everfall","Faction":"The Golden Scale","OwnedItems":{"Mysterious Letter":1,"Gold Coin":500},"Role":"Noble","Relations":[{"Target":"Aria","Favorability":1}]}},"Locations":{"Everfall":{"Name":"Everfall","Enemies":["Cultist Zealot","Bandit Raider"],"Resources":["Bread Loaf","Gold Coin"]}},"Enemies":{"Cultist Zealot":{"Name":"Cultist Zealot","Loot":["Mysterious Letter","Gold Coin","Poison"]}}};{"Quest":{"Name":"The Cultist Stronghold","Giver":"Alistair Crane","Actions":["goto Everfall","kill Cultist Zealot","goto Alistair Crane","report"]}};"Alistair Crane wants you to eliminate the Cultist Zealots who have been harassing travelers near Everfall. Report back to him when it's done.";"Kill enemies"
{"NPCs":{"Lyra Swiftarrow":{"Name":"Lyra Swiftarrow","Species":"Half-Elf","HomeLocation":"Stormwatch","CurrentLocation":"Mistwood","Faction":"The Verdant Circle","OwnedItems":{"Wolf Pelt":2,"Gold Coin":30},"Role":"Hunter","Relations":[{"Target":"Aria","Favorability":2},{"Target":"Kaelen Vex","Favorability":-1}]}},"Locations":{"Mistwood":{"Name":"Mistwood","Enemies":["Dire Wolf","Forest Troll","Shadow Viper"],"Resources":["Elven Bread","Wolf Pelt"]}},"Enemies":{"Dire Wolf":{"Name":"Dire Wolf","Loot":["Wolf Pelt","Raw Meat"]}}};{"Quest":{"Name":"The Wolf Hunt","Giver":"Lyra Swiftarrow","Actions":["goto Mistwood","damage Dire Wolf","goto Lyra Swiftarrow","report"]}};"Lyra Swiftarrow asks you to thin the Dire Wolf population near Mistwood so the hunters can work safely again.";"Attack threatening entities"
{"NPCs":{"Morwenna":{"Name":"Morwenna","Species":"Gnome","HomeLocation":"Bramblehollow","CurrentLocation":"Bramblehollow","Faction":"The Verdant Circle","OwnedItems":{"Ruby":1,"Mana Potion":3},"Role":"Priest","Relations":[{"Target":"Aria","Favorability":1},{"Target":"Eldrin Moonshadow","Favorability":2}]}},"Locations":{"Bramblehollow":{"Name":"Bramblehollow","Enemies":["Goblin Scrapper","Cultist Zealot"],"Resources":["Healing Potion","Mana Potion"]}},"Enemies":{"Cultist Zealot":{"Name":"Cultist Zealot","Loot":["Mysterious Letter","Gold Coin","Poison"]}},"Items":{"Poison":{"Name":"Poison","Type":"Potion"}}};{"Quest":{"Name":"The Poison Recipe","Giver":"Morwenna","Actions":["goto Bramblehollow","goto Cultist Zealot","kill","take Poison","goto Morwenna","give Poison"]}};"Morwenna had a rare poison stolen by a Cultist Zealot. She needs it back before it can be used for nefarious purposes.";"Recover stolen item"
{"Factions":{"The Verdant Circle":{"Name":"The Verdant Circle","Relations":[{"Target":"The Iron Pact","Favorability":2},{"Target":"The Ashen Claw","Favorability":-5},{"Target":"Aria","Favorability":2}],"Members":["Eldrin Moonshadow","Morwenna","Lyra Swiftarrow"]}},"Locations":{"Mistwood":{"Name":"Mistwood","Enemies":["Dire Wolf","Forest Troll","Shadow Viper"],"Resources":["Elven Bread","Wolf Pelt"]}},"Enemies":{"Forest Troll":{"Name":"Forest Troll","Loot":["Gold Coin","Iron Ore","Troll Hide"]}}};{"Quest":{"Name":"The Forest Troll Problem","Giver":"The Verdant Circle","Actions":["goto Mistwood","damage Forest Troll"]}};"A Forest Troll has been spotted near Mistwood, frightening the local wildlife. The Verdant Circle wants you to drive it off.";"Attack enemy"
{"NPCs":{"Seraphina Blackwood":{"Name":"Seraphina Blackwood","Species":"Tiefling","HomeLocation":"Dustvale","CurrentLocation":"Dustvale","Faction":"The Silent Veil","OwnedItems":{"Amulet of Shadows":1,"Poison":2,"Gold Coin":200},"Role":"Thief"},"Alistair Crane":{"Name":"Alistair Crane","Species":"Human","HomeLocation":"Everfall","CurrentLocation":"Everfall","Faction":"The Golden Scale","OwnedItems":{"Mysterious Letter":1,"Gold Coin":500},"Role":"Noble"}},"Locations":{"Everfall":{"Name":"Everfall","Enemies":["Cultist Zealot","Bandit Raider"],"Resources":["Bread Loaf","Gold Coin"]}},"Items":{"Mysterious Letter":{"Name":"Mysterious Letter","Type":"QuestItem"}}};{"Quest":{"Name":"The Mysterious Letter","Giver":"Seraphina Blackwood","Actions":["goto Everfall","goto Alistair Crane","stealth","take Mysterious Letter","goto Seraphina Blackwood","give Mysterious Letter"]}};"Seraphina Blackwood wants you to retrieve a Mysterious Letter from Alistair Crane's estate. She suspects it contains information about a conspiracy.";"Steal stuff"
{"NPCs":{"Finnigan Reed":{"Name":"Finnigan Reed","Species":"Halfling","HomeLocation":"Everfall","CurrentLocation":"The Crossroads","Faction":"The Golden Scale","OwnedItems":{"Gold Coin":120,"Mysterious Letter":1,"Lockpick":3},"Role":"Merchant"}},"Locations":{"The Crossroads":{"Name":"The Crossroads","Enemies":["Goblin Scrapper","Bandit Raider"],"Resources":["Bread Loaf","Gold Coin"]}}};{"Quest":{"Name":"Secure the Trade Route","Giver":"Finnigan Reed","Actions":["goto The Crossroads","defend"]}};"Finnigan Reed needs someone to guard his merchant caravan traveling from Everfall to The Crossroads. Bandits have been active in the area.";"Guard entity"
{"Factions":{"The Iron Pact":{"Name":"The Iron Pact","Relations":[{"Target":"The Verdant Circle","Favorability":2},{"Target":"The Ashen Claw","Favorability":-4},{"Target":"Aria","Favorability":3}],"Members":["Thalia Ironheart","Grom Stonefist","Orin Ironfoot"]}},"NPCs":{"Thalia Ironheart":{"Name":"Thalia Ironheart","Species":"Human","HomeLocation":"Ironhold","CurrentLocation":"Ironhold","Faction":"The Iron Pact","OwnedItems":{"Iron Sword":1,"Steel Shield":1,"Gold Coin":50},"Role":"Blacksmith"}},"Locations":{"Ironhold":{"Name":"Ironhold","Enemies":["Orc Berserker","Goblin Scrapper"],"Resources":["Iron Ore","Steel Shield"]}},"Enemies":{"Orc Berserker":{"Name":"Orc Berserker","Loot":["Gold Coin","Iron Sword","Throwing Knife"]}}};{"Quest":{"Name":"The Orc Berserker Raid","Giver":"The Iron Pact","Actions":["goto Ironhold","kill Orc Berserker","goto Thalia Ironheart","report"]}};"The Iron Pact reports that an Orc Berserker has been raiding their supply lines. Thalia Ironheart wants it eliminated and confirmation of the kill.";"Kill enemies"
{"NPCs":{"Alistair Crane":{"Name":"Alistair Crane","Species":"Human","HomeLocation":"Everfall","CurrentLocation":"Everfall","Faction":"The Golden Scale","OwnedItems":{"Mysterious Letter":1,"Gold Coin":500},"Role":"Noble"},"Morwenna":{"Name":"Morwenna","Species":"Gnome","HomeLocation":"Bramblehollow","CurrentLocation":"Bramblehollow","Faction":"The Verdant Circle","OwnedItems":{"Ruby":1,"Mana Potion":3},"Role":"Priest"}},"Locations":{"Bramblehollow":{"Name":"Bramblehollow","Enemies":["Goblin Scrapper","Cultist Zealot"],"Resources":["Healing Potion","Mana Potion"]},"Everfall":{"Name":"Everfall","Enemies":["Cultist Zealot","Bandit Raider"],"Resources":["Bread Loaf","Gold Coin"]}},"Items":{"Ruby":{"Name":"Ruby","Type":"Artifact"}}};{"Quest":{"Name":"The Ruby Heist","Giver":"Alistair Crane","Actions":["goto Bramblehollow","goto Morwenna","stealth","take Ruby","goto Everfall","give Ruby"]}};"A noble in Everfall wants you to acquire a Ruby from Morwenna's collection. He doesn't care how you get it, just that you deliver it discreetly.";"Steal stuff"
{"NPCs":{"Lyra Swiftarrow":{"Name":"Lyra Swiftarrow","Species":"Half-Elf","HomeLocation":"Stormwatch","CurrentLocation":"Mistwood","Faction":"The Verdant Circle","OwnedItems":{"Wolf Pelt":2,"Gold Coin":30},"Role":"Hunter"}},"Locations":{"Mistwood":{"Name":"Mistwood","Enemies":["Dire Wolf","Forest Troll","Shadow Viper"],"Resources":["Elven Bread","Wolf Pelt"]}},"Enemies":{"Shadow Viper":{"Name":"Shadow Viper","Loot":["Poison","Gold Coin"]}}};{"Quest":{"Name":"Eliminate the Shadow Viper","Giver":"Lyra Swiftarrow","Actions":["goto Mistwood","damage Shadow Viper"]}};"Lyra Swiftarrow has tracked a Shadow Viper to its nest. She wants you to kill it before it attacks more hunters.";"Attack enemy"
{"NPCs":{"Thalia Ironheart":{"Name":"Thalia Ironheart","Species":"Human","HomeLocation":"Ironhold","CurrentLocation":"Ironhold","Faction":"The Iron Pact","OwnedItems":{"Iron Sword":1,"Steel Shield":1,"Gold Coin":50},"Role":"Blacksmith","Relations":[{"Target":"Aria","Favorability":3},{"Target":"The Iron Pact","Favorability":5}]}},"Locations":{"Ironhold":{"Name":"Ironhold","Enemies":["Orc Berserker","Goblin Scrapper"],"Resources":["Iron Ore","Steel Shield"]}},"Factions":{"The Ashen Claw":{"Name":"The Ashen Claw","Relations":[{"Target":"The Iron Pact","Favorability":-4},{"Target":"The Verdant Circle","Favorability":-5},{"Target":"Aria","Favorability":-2}],"Members":["Kaelen Vex"]}}};{"Quest":{"Name":"The Ironhold Forge Protection","Giver":"Thalia Ironheart","Actions":["goto Ironhold","defend"]}};"Thalia Ironheart fears the Ashen Claw may attack her forge to sabotage Ironhold's weapons production. She needs you to stand watch.";"Guard entity"
{"NPCs":{"Eldrin Moonshadow":{"Name":"Eldrin Moonshadow","Species":"Elf","HomeLocation":"Mistwood","CurrentLocation":"Mistwood","Faction":"The Verdant Circle","OwnedItems":{"Scroll of Fireball":1,"Elven Bread":2},"Role":"Mage","Relations":[{"Target":"Aria","Favorability":2},{"Target":"The Ashen Claw","Favorability":-2}],"NPCLog":[{"Originator":"Eldrin Moonshadow","Type":"AttackThreateningEntities","Target":["Goblin Scrapper"],"For":"The Verdant Circle","Received":null,"Favorability":1}]}},"Locations":{"Mistwood":{"Name":"Mistwood","Enemies":["Dire Wolf","Forest Troll","Shadow Viper"],"Resources":["Elven Bread","Wolf Pelt"]}},"Enemies":{"Cultist Zealot":{"Name":"Cultist Zealot","Loot":["Mysterious Letter","Gold Coin","Poison"]}},"Items":{"Scroll of Fireball":{"Name":"Scroll of Fireball","Type":"Scroll"}}};{"Quest":{"Name":"The Verdant Circle's Debt","Giver":"Eldrin Moonshadow","Actions":["goto Mistwood","goto Cultist Zealot","kill","take Scroll of Fireball","goto Eldrin Moonshadow","give Scroll of Fireball"]}};"Eldrin Moonshadow had a Scroll of Fireball stolen by a Cultist Zealot. He wants it back before the cult can use it.";"Recover stolen item"
{"NPCs":{"Elara Greenhill":{"Name":"Elara Greenhill","Species":"Halfling","HomeLocation":"Whisperwind Village","CurrentLocation":"The Rusty Nail Inn","Faction":"Emerald Enclave","OwnedItems":{"Healing Potion":2,"Mysterious Herb":5},"Role":"Alchemist","Relations":[{"Target":"Kaelen","Favorability":3}],"NPCLog":[{"Originator":"Elara Greenhill","Type":"Trade","Target":["Kaelen"],"For":"Kaelen","Received":{"Healing Potion":1},"Favorability":1}]}},"Locations":{"Abandoned Mine":{"Name":"Abandoned Mine","Enemies":["Stone Golem"],"Resources":["Iron Ore","Mysterious Herb"]},"Ironfang Keep":{"Name":"Ironfang Keep","Enemies":[],"Resources":["Iron Ore"]}},"Enemies":{"Stone Golem":{"Name":"Stone Golem","Loot":["Iron Ore","Iron Ore"]}}};{"Quest":{"Name":"The Forge's Heart","Giver":"Thorin Oakshield","Actions":["goto Abandoned Mine","damage Stone Golem","goto Ironfang Keep","report"]}};"Thorin Oakshield reports that a Stone Golem has been blocking the entrance to the Abandoned Mine, preventing access to vital iron ore. He wants you to weaken it so his workers can clear the rubble safely.";"Attack threatening entities"
{"NPCs":{"Serena Ashford":{"Name":"Serena Ashford","Species":"Human","HomeLocation":"Whisperwind Village","CurrentLocation":"Temple of the Sun","Faction":"Order of the Silver Flame","OwnedItems":{"Stolen Amulet":1},"Role":"Priest","Relations":[{"Target":"Kaelen","Favorability":1},{"Target":"Finnian Copperpot","Favorability":-3}]}},"Factions":{"The Unseen Chain":{"Name":"The Unseen Chain","Relations":[{"Target":"Order of the Silver Flame","Favorability":-5}],"Members":["Finnian Copperpot","Mira Nightshade"],"Treasury":{"Gold":800,"Stolen Amulet":1,"Silver Necklace":3},"FactionLog":[{"Originator":"The Unseen Chain","Type":"StealStuff","Target":["Serena Ashford"],"For":"The Unseen Chain","Received":{"Stolen Amulet":1}}]}},"Locations":{"Thieves' Guild Hideout":{"Name":"Thieves' Guild Hideout","Enemies":[],"Resources":[]},"Temple of the Sun":{"Name":"Temple of the Sun","Enemies":[],"Resources":[]}}};{"Quest":{"Name":"Stolen Light","Giver":"Serena Ashford","Actions":["goto Thieves' Guild Hideout","stealth take Stolen Amulet","goto Temple of the Sun","give Stolen Amulet"]}};"Serena Ashford of the Temple of the Sun has had a sacred amulet stolen by The Unseen Chain. She wants it returned discreetly.";"Recover stolen item"
{"NPCs":{"Elder Bramwell":{"Name":"Elder Bramwell","Species":"Human","HomeLocation":"Whisperwind Village","CurrentLocation":"Whisperwind Village","Faction":"Sword Coast Alliance","OwnedItems":{"Old Key":1},"Role":"Priest","Relations":[{"Target":"Kaelen","Favorability":3}]}},"Locations":{"Whisperwind Village":{"Name":"Whisperwind Village","Enemies":["Dire Wolf Alpha"],"Resources":[]}},"Enemies":{"Dire Wolf Alpha":{"Name":"Dire Wolf Alpha","Loot":["Leather Armor","Mysterious Herb"]}}};{"Quest":{"Name":"Wolf at the Door","Giver":"Elder Bramwell","Actions":["goto Whisperwind Village","defend"]}};"Elder Bramwell fears a Dire Wolf Alpha is stalking the outskirts of Whisperwind Village. He wants you to patrol the village perimeter and drive it off.";"Guard entity"
{"NPCs":{"Captain Roric":{"Name":"Captain Roric","Species":"Human","HomeLocation":"Ironfang Keep","CurrentLocation":"Ironfang Keep","Faction":"Sword Coast Alliance","OwnedItems":{"Iron Sword":1,"Chainmail":1},"Role":"Guard","Relations":[{"Target":"Kaelen","Favorability":2},{"Target":"Iron Fist Legion","Favorability":-5}]}},"Factions":{"Iron Fist Legion":{"Name":"Iron Fist Legion","Relations":[{"Target":"Sword Coast Alliance","Favorability":-4}],"Members":["Borin Ironhand"],"Treasury":{"Gold":600,"Iron Ore":20,"Chainmail":2}},"Sword Coast Alliance":{"Name":"Sword Coast Alliance","Relations":[{"Target":"Iron Fist Legion","Favorability":-4}],"Members":["Thorin Oakshield","Finnian Copperpot","Aldric the Wise","Captain Roric","Elder Bramwell"]}},"Locations":{"Ironfang Keep":{"Name":"Ironfang Keep","Enemies":[],"Resources":["Iron Ore"]}}};{"Quest":{"Name":"Iron Fist Intrusion","Giver":"Captain Roric","Actions":["goto Ironfang Keep","damage Iron Fist Legion Scout"]}};"Captain Roric has learned that Iron Fist Legion scouts are harassing Sword Coast Alliance supply lines near Ironfang Keep. He wants you to drive them off.";"Attack enemy"
{"NPCs":{"Finnian Copperpot":{"Name":"Finnian Copperpot","Species":"Gnome","HomeLocation":"Glimmerdale","CurrentLocation":"Market District","Faction":"Sword Coast Alliance","OwnedItems":{"Lockpick Set":1,"Silver Necklace":1},"Role":"Thief","Relations":[{"Target":"Kaelen","Favorability":1},{"Target":"The Unseen Chain","Favorability":3}],"NPCLog":[{"Originator":"Finnian Copperpot","Type":"StealStuff","Target":["Serena Ashford"],"For":"The Unseen Chain","Received":{"Gold":50}}]},"Mira Nightshade":{"Name":"Mira Nightshade","Species":"Half-Elf","HomeLocation":"Thieves' Guild Hideout","CurrentLocation":"Thieves' Guild Hideout","Faction":"The Unseen Chain","OwnedItems":{"Lockpick Set":1,"Silver Necklace":1},"Role":"Thief","Relations":[{"Target":"Kaelen","Favorability":0}]}},"Factions":{"The Unseen Chain":{"Name":"The Unseen Chain","Members":["Finnian Copperpot","Mira Nightshade"],"Treasury":{"Gold":800,"Stolen Amulet":1,"Silver Necklace":3}}},"Locations":{"Thieves' Guild Hideout":{"Name":"Thieves' Guild Hideout","Enemies":[],"Resources":[]},"The Rusty Nail Inn":{"Name":"The Rusty Nail Inn","Enemies":[],"Resources":[]}}};{"Quest":{"Name":"A Debt of Shadows","Giver":"Finnian Copperpot","Actions":["goto Thieves' Guild Hideout","stealth take Silver Necklace","goto The Rusty Nail Inn","give Silver Necklace"]}};"Finnian Copperpot (secretly working for The Unseen Chain) wants you to retrieve a silver necklace from Mira Nightshade, who he claims double-crossed him.";"Steal stuff"
{"NPCs":{"Lyra Swiftarrow":{"Name":"Lyra Swiftarrow","Species":"Elf","HomeLocation":"Forest's Edge","CurrentLocation":"Whisperwind Village","Faction":"Emerald Enclave","OwnedItems":{"Short Bow":1,"Leather Armor":1},"Role":"Ranger","Relations":[{"Target":"Kaelen","Favorability":4},{"Target":"The Unseen Chain","Favorability":-2}]}},"Locations":{"Forest's Edge":{"Name":"Forest's Edge","Enemies":["Goblin Scavenger","Dire Wolf Alpha"],"Resources":[]},"Whisperwind Village":{"Name":"Whisperwind Village","Enemies":[],"Resources":[]}},"Enemies":{"Goblin Scavenger":{"Name":"Goblin Scavenger","Loot":["Goblin Ear","Bread Loaf"]}}};{"Quest":{"Name":"Cull the Pack","Giver":"Lyra Swiftarrow","Actions":["goto Forest's Edge","kill Goblin Scavenger","goto Whisperwind Village","report"]}};"Lyra Swiftarrow has tracked a pack of Goblins that have been raiding Forest's Edge. She wants you to eliminate them.";"Kill enemies"
{"NPCs":{"Aldric the Wise":{"Name":"Aldric the Wise","Species":"Human","HomeLocation":"Mage's Tower","CurrentLocation":"Mage's Tower","Faction":"Sword Coast Alliance","OwnedItems":{"Ring of Protection":1,"Spell Scroll: Fireball":1},"Role":"Mage","Relations":[{"Target":"Kaelen","Favorability":3}]}},"Locations":{"Mage's Tower":{"Name":"Mage's Tower","Enemies":["Cultist Fanatic"],"Resources":[]}},"Enemies":{"Cultist Fanatic":{"Name":"Cultist Fanatic","Loot":["Healing Potion","Old Key"]}}};{"Quest":{"Name":"Purge the Cultists","Giver":"Aldric the Wise","Actions":["goto Mage's Tower","kill Cultist Fanatic","goto Mage's Tower","report"]}};"Aldric the Wise has discovered a Cultist Fanatic cell operating near the Mage's Tower. He wants them eliminated before they can complete a ritual.";"Kill enemies"
{"NPCs":{"Orin Stoneweaver":{"Name":"Orin Stoneweaver","Species":"Dwarf","HomeLocation":"Dwarven Quarter","CurrentLocation":"Abandoned Mine","Faction":null,"OwnedItems":{"Iron Ore":2,"Mysterious Herb":1},"Role":"Merchant","Relations":[{"Target":"Kaelen","Favorability":2}]}},"Locations":{"Abandoned Mine":{"Name":"Abandoned Mine","Enemies":["Stone Golem"],"Resources":["Iron Ore","Mysterious Herb"]},"Dwarven Quarter":{"Name":"Dwarven Quarter","Enemies":[],"Resources":[]}}};{"Quest":{"Name":"A Merchant's Errand","Giver":"Orin Stoneweaver","Actions":["goto Abandoned Mine","gather Mysterious Herb","goto Dwarven Quarter","give Mysterious Herb"]}};"Orin Stoneweaver had a shipment of Mysterious Herbs stolen by Goblins near the Abandoned Mine. He wants them retrieved.";"Recover stolen item"
{"NPCs":{"Mira Nightshade":{"Name":"Mira Nightshade","Species":"Half-Elf","HomeLocation":"Thieves' Guild Hideout","CurrentLocation":"Thieves' Guild Hideout","Faction":"The Unseen Chain","OwnedItems":{"Lockpick Set":1,"Silver Necklace":1},"Role":"Thief","Relations":[{"Target":"Kaelen","Favorability":0}]},"Borin Ironhand":{"Name":"Borin Ironhand","Species":"Dwarf","HomeLocation":"Dwarven Quarter","CurrentLocation":"Dwarven Quarter","Faction":"Iron Fist Legion","OwnedItems":{"Chainmail":1,"Iron Ore":5},"Role":"Guard","Relations":[{"Target":"Kaelen","Favorability":-1},{"Target":"Thorin Oakshield","Favorability":-4}]}},"Factions":{"Iron Fist Legion":{"Name":"Iron Fist Legion","Members":["Borin Ironhand"],"Treasury":{"Gold":600,"Iron Ore":20,"Chainmail":2}}},"Locations":{"Dwarven Quarter":{"Name":"Dwarven Quarter","Enemies":[],"Resources":[]},"Thieves' Guild Hideout":{"Name":"Thieves' Guild Hideout","Enemies":[],"Resources":[]}}};{"Quest":{"Name":"The Hidden Vault","Giver":"Mira Nightshade","Actions":["goto Dwarven Quarter","stealth take Strongbox","goto Thieves' Guild Hideout","give Strongbox"]}};"Mira Nightshade needs you to steal a locked strongbox from the Iron Fist Legion barracks in the Dwarven Quarter. She believes it contains evidence of their illegal arms deals.";"Steal stuff"
{"NPCs":{"Borin Ironhand":{"Name":"Borin Ironhand","Species":"Dwarf","HomeLocation":"Dwarven Quarter","CurrentLocation":"Dwarven Quarter","Faction":"Iron Fist Legion","OwnedItems":{"Chainmail":1,"Iron Ore":5},"Role":"Guard","Relations":[{"Target":"Kaelen","Favorability":-1},{"Target":"Thorin Oakshield","Favorability":-4}]},"Thorin Oakshield":{"Name":"Thorin Oakshield","Species":"Dwarf","HomeLocation":"Ironfang Keep","CurrentLocation":"Ironfang Keep","Faction":"Sword Coast Alliance","OwnedItems":{"Iron Sword":1,"Iron Ore":3},"Role":"Blacksmith","Relations":[{"Target":"Kaelen","Favorability":2},{"Target":"Iron Fist Legion","Favorability":-3}]}},"Factions":{"Iron Fist Legion":{"Name":"Iron Fist Legion","Relations":[{"Target":"Sword Coast Alliance","Favorability":-4}]},"Sword Coast Alliance":{"Name":"Sword Coast Alliance","Relations":[{"Target":"Iron Fist Legion","Favorability":-4}]}},"Locations":{"Ironfang Keep":{"Name":"Ironfang Keep","Enemies":[],"Resources":["Iron Ore"]}}};{"Quest":{"Name":"The Rival Blacksmith","Giver":"Borin Ironhand","Actions":["goto Ironfang Keep","damage Forge Equipment"]}};"Borin Ironhand wants you to sabotage Thorin Oakshield's forge equipment to give the Iron Fist Legion an advantage.";"Attack enemy"
{"NPCs":{"Elara Greenhill":{"Name":"Elara Greenhill","Species":"Halfling","HomeLocation":"Whisperwind Village","CurrentLocation":"The Rusty Nail Inn","Faction":"Emerald Enclave","OwnedItems":{"Healing Potion":2,"Mysterious Herb":5},"Role":"Alchemist","Relations":[{"Target":"Kaelen","Favorability":3}],"NPCLog":[{"Originator":"Elara Greenhill","Type":"Trade","Target":["Kaelen"],"For":"Kaelen","Received":{"Healing Potion":1},"Favorability":1}]}},"Locations":{"Forest's Edge":{"Name":"Forest's Edge","Enemies":["Goblin Scavenger","Dire Wolf Alpha"],"Resources":[]},"The Rusty Nail Inn":{"Name":"The Rusty Nail Inn","Enemies":[],"Resources":[]}},"Enemies":{"Dire Wolf Alpha":{"Name":"Dire Wolf Alpha","Loot":["Leather Armor","Mysterious Herb"]}}};{"Quest":{"Name":"The Alchemist's Request","Giver":"Elara Greenhill","Actions":["goto Forest's Edge","damage Dire Wolf Alpha","goto The Rusty Nail Inn","report"]}};"Elara Greenhill needs a Dire Wolf Alpha driven out of her herb-gathering grounds near Forest's Edge so she can harvest safely.";"Attack threatening entities"
{"Factions":{"Sword Coast Alliance":{"Name":"Sword Coast Alliance","Relations":[{"Target":"Iron Fist Legion","Favorability":-4}],"Members":["Thorin Oakshield","Finnian Copperpot","Aldric the Wise","Captain Roric","Elder Bramwell"],"Treasury":{"Gold":500,"Iron Ore":10},"FactionLog":[{"Originator":"Sword Coast Alliance","Type":"GuardEntity","Target":["Whisperwind Village"],"For":"Sword Coast Alliance"}]}},"NPCs":{"Captain Roric":{"Name":"Captain Roric","Faction":"Sword Coast Alliance","Role":"Guard"}},"Locations":{"Ironfang Keep":{"Name":"Ironfang Keep","Enemies":[],"Resources":["Iron Ore"]}},"Enemies":{"Bandit Captain":{"Name":"Bandit Captain","Loot":["Iron Sword","Lockpick Set","Gold"]}}};{"Quest":{"Name":"Guard the Caravan","Giver":"Sword Coast Alliance","Actions":["goto Ironfang Keep","defend"]}};"The Sword Coast Alliance is moving a shipment of iron ore from Ironfang Keep to Whisperwind Village. They want you to guard the caravan from Bandits.";"Guard entity"
{"NPCs":{"Sera Whisperwind":{"Name":"Sera Whisperwind","Species":"Elf","HomeLocation":"Forest's Edge","CurrentLocation":"Forest's Edge","Faction":"Emerald Enclave","OwnedItems":{},"Role":"Ranger","Relations":[{"Target":"Kaelen","Favorability":1},{"Target":"Lyra Swiftarrow","Favorability":5}]},"Lyra Swiftarrow":{"Name":"Lyra Swiftarrow","Faction":"Emerald Enclave"}},"Factions":{"Emerald Enclave":{"Name":"Emerald Enclave","Members":["Elara Greenhill","Lyra Swiftarrow","Sera Whisperwind"],"Treasury":{"Gold":300,"Mysterious Herb":12}}},"Locations":{"Forest's Edge":{"Name":"Forest's Edge","Enemies":["Goblin Scavenger","Dire Wolf Alpha"],"Resources":[]}},"Enemies":{"Shadow Viper":{"Name":"Shadow Viper","Loot":[]}}};{"Quest":{"Name":"A Poison in the Roots","Giver":"Sera Whisperwind","Actions":["goto Forest's Edge","damage Shadow Viper Nest","goto Forest's Edge","report"]}};"Sera Whisperwind has noticed a strange corruption spreading from a Shadow Viper nest. She wants you to weaken the nest so her rangers can cleanse it.";"Attack threatening entities"
{"NPCs":{"Grimble Bumblewick":{"Name":"Grimble Bumblewick","Species":"Gnome","HomeLocation":"Glimmerdale","CurrentLocation":"Mage's Tower","Faction":null,"OwnedItems":{"Spell Scroll: Fireball":1,"Mysterious Herb":2},"Role":"Alchemist","Relations":[{"Target":"Kaelen","Favorability":0}]}},"Locations":{"Forest's Edge":{"Name":"Forest's Edge","Enemies":["Goblin Scavenger","Dire Wolf Alpha"],"Resources":[]},"Mage's Tower":{"Name":"Mage's Tower","Enemies":["Cultist Fanatic"],"Resources":[]}},"Enemies":{"Goblin Scavenger":{"Name":"Goblin Scavenger","Loot":["Goblin Ear","Bread Loaf"]}}};{"Quest":{"Name":"Stolen Recipes","Giver":"Grimble Bumblewick","Actions":["goto Forest's Edge","kill Goblin Scavenger","take Alchemy Journal","goto Mage's Tower","give Alchemy Journal"]}};"Grimble Bumblewick's alchemy journal was taken by a Goblin Scavenger. He needs it back to continue his research.";"Recover stolen item"
{"Factions":{"Sword Coast Alliance":{"Name":"Sword Coast Alliance","Members":["Thorin Oakshield","Finnian Copperpot","Aldric the Wise","Captain Roric","Elder Bramwell"],"Treasury":{"Gold":500,"Iron Ore":10}}},"NPCs":{"Finnian Copperpot":{"Name":"Finnian Copperpot","CurrentLocation":"Market District"}},"Locations":{"Market District":{"Name":"Market District","Enemies":[],"Resources":[]},"Ironfang Keep":{"Name":"Ironfang Keep","Enemies":[],"Resources":["Iron Ore"]}},"Enemies":{"Bandit Captain":{"Name":"Bandit Captain","Loot":["Iron Sword","Lockpick Set","Gold"]}}};{"Quest":{"Name":"The Bandit Captain's Toll","Giver":"Sword Coast Alliance","Actions":["goto Market District","kill Bandit Captain","goto Ironfang Keep","report"]}};"The merchants of the Market District are being extorted by a Bandit Captain. The Sword Coast Alliance wants him eliminated.";"Kill enemies"
{"Factions":{"Order of the Silver Flame":{"Name":"Order of the Silver Flame","Relations":[{"Target":"Sword Coast Alliance","Favorability":2},{"Target":"The Unseen Chain","Favorability":-5}],"Members":["Serena Ashford"],"Treasury":{"Gold":150,"Healing Potion":4}},"The Unseen Chain":{"Name":"The Unseen Chain","Relations":[{"Target":"Order of the Silver Flame","Favorability":-5}],"Members":["Finnian Copperpot","Mira Nightshade"],"Treasury":{"Gold":800,"Stolen Amulet":1,"Silver Necklace":3}}},"NPCs":{"Serena Ashford":{"Name":"Serena Ashford","Faction":"Order of the Silver Flame","CurrentLocation":"Temple of the Sun"}},"Locations":{"Thieves' Guild Hideout":{"Name":"Thieves' Guild Hideout","Enemies":[],"Resources":[]},"Temple of the Sun":{"Name":"Temple of the Sun","Enemies":[],"Resources":[]}}};{"Quest":{"Name":"The Unseen Ledger","Giver":"Order of the Silver Flame","Actions":["goto Thieves' Guild Hideout","stealth take Unseen Ledger","goto Temple of the Sun","give Unseen Ledger"]}};"The Order of the Silver Flame wants you to steal a ledger from The Unseen Chain hideout that contains names of corrupt officials they've bribed.";"Steal stuff"
{"NPCs":{"Thorin Oakshield":{"Name":"Thorin Oakshield","Species":"Dwarf","HomeLocation":"Ironfang Keep","CurrentLocation":"Ironfang Keep","Faction":"Sword Coast Alliance","OwnedItems":{"Iron Sword":1,"Iron Ore":3},"Role":"Blacksmith","Relations":[{"Target":"Kaelen","Favorability":2}]}},"Locations":{"Abandoned Mine":{"Name":"Abandoned Mine","Enemies":["Stone Golem"],"Resources":["Iron Ore","Mysterious Herb"]}},"Enemies":{"Stone Golem":{"Name":"Stone Golem","Loot":["Iron Ore","Iron Ore"]}}};{"Quest":{"Name":"The Golem Heart","Giver":"Thorin Oakshield","Actions":["goto Abandoned Mine","damage Stone Golem"]}};"Thorin Oakshield needs you to damage a malfunctioning Stone Golem near the Abandoned Mine so he can salvage its core.";"Attack enemy"
{"NPCs":{"Elder Bramwell":{"Name":"Elder Bramwell","Species":"Human","HomeLocation":"Whisperwind Village","CurrentLocation":"Whisperwind Village","Faction":"Sword Coast Alliance","OwnedItems":{"Old Key":1},"Role":"Priest","Relations":[{"Target":"Kaelen","Favorability":3}]}},"Locations":{"Forest's Edge":{"Name":"Forest's Edge","Enemies":["Goblin Scavenger","Dire Wolf Alpha"],"Resources":[]},"Whisperwind Village":{"Name":"Whisperwind Village","Enemies":[],"Resources":[]}},"Enemies":{"Goblin Scavenger":{"Name":"Goblin Scavenger","Loot":["Goblin Ear","Bread Loaf"]}}};{"Quest":{"Name":"The Outcast's Plea","Giver":"Elder Bramwell","Actions":["goto Forest's Edge","kill Goblin Scavenger","take Family Heirloom","goto Whisperwind Village","give Family Heirloom"]}};"A Tiefling traveler had their family heirloom stolen by a Goblin Scavenger. Elder Bramwell asks you to retrieve it as a gesture of goodwill.";"Recover stolen item"
{"Factions":{"Emerald Enclave":{"Name":"Emerald Enclave","Relations":[{"Target":"Sword Coast Alliance","Favorability":3},{"Target":"Iron Fist Legion","Favorability":-2}],"Members":["Elara Greenhill","Lyra Swiftarrow","Sera Whisperwind"],"Treasury":{"Gold":300,"Mysterious Herb":12}},"Iron Fist Legion":{"Name":"Iron Fist Legion","Relations":[{"Target":"Emerald Enclave","Favorability":-2}],"Members":["Borin Ironhand"]}},"NPCs":{"Lyra Swiftarrow":{"Name":"Lyra Swiftarrow","Faction":"Emerald Enclave"},"Sera Whisperwind":{"Name":"Sera Whisperwind","Faction":"Emerald Enclave"}},"Locations":{"Forest's Edge":{"Name":"Forest's Edge","Enemies":["Goblin Scavenger","Dire Wolf Alpha"],"Resources":[]}}};{"Quest":{"Name":"Defend the Grove","Giver":"Emerald Enclave","Actions":["goto Forest's Edge","defend"]}};"Emerald Enclave requests your help guarding a sacred grove against Iron Fist Legion loggers who have been encroaching.";"Guard entity"
{"NPCs":{"Aldric the Wise":{"Name":"Aldric the Wise","Species":"Human","HomeLocation":"Mage's Tower","CurrentLocation":"Mage's Tower","Faction":"Sword Coast Alliance","OwnedItems":{"Ring of Protection":1,"Spell Scroll: Fireball":1},"Role":"Mage","Relations":[{"Target":"Kaelen","Favorability":3}]}},"Locations":{"Shadowfen Marsh":{"Name":"Shadowfen Marsh","Enemies":["Cultist Fanatic"],"Resources":[]},"Mage's Tower":{"Name":"Mage's Tower","Enemies":["Cultist Fanatic"],"Resources":[]}},"Enemies":{"Cultist Fanatic":{"Name":"Cultist Fanatic","Loot":["Healing Potion","Old Key"]}}};{"Quest":{"Name":"Cult of the Serpent","Giver":"Aldric the Wise","Actions":["goto Shadowfen Marsh","kill Cultist Fanatic Leader","goto Mage's Tower","report"]}};"Aldric the Wise has identified a Cultist Fanatic leader hiding in Shadowfen Marsh. He wants you to eliminate them to disrupt the entire cell.";"Kill enemies"
{"NPCs":{"Eldrin Moonweaver":{"Name":"Eldrin Moonweaver","Species":"Elf","HomeLocation":"Azure Observatory","CurrentLocation":"Azure Observatory","Faction":"Order of the Sun","Role":"Mage","Relations":[{"Target":"Aria Nightshade","Favorability":3}]}},"Locations":{"Azure Observatory":{"Name":"Azure Observatory","Enemies":["Cult Fanatic"],"Resources":["Ancient Scroll"]}},"Enemies":{"Cult Fanatic":{"Name":"Cult Fanatic","Loot":["Obsidian Gem","Ancient Scroll"]}},"Factions":{"Order of the Sun":{"Name":"Order of the Sun","FactionLog":[]}}};{"Quest":{"Name":"The Tainted Observatory","Giver":"Eldrin Moonweaver","Actions":["goto Azure Observatory","damage Cult Fanatic","goto Azure Observatory","report"]}};"Eldrin Moonweaver reports that Cult Fanatics have infiltrated the Azure Observatory, defiling the arcane crystals. He needs you to weaken their leader so the Order can banish them.";"Attack threatening entities"
{"NPCs":{"Grimma Stonehand":{"Name":"Grimma Stonehand","Species":"Dwarf","HomeLocation":"Ironhold Keep","CurrentLocation":"Ironhold Keep","Faction":"Ironwood Circle","Role":"Blacksmith","OwnedItems":{"Steel Plate":1,"Gold Coin":50},"Relations":[{"Target":"Aria Nightshade","Favorability":1}]}},"Locations":{"Cinderfall Mine":{"Name":"Cinderfall Mine","Enemies":["Goblin Raider","Fire Elemental"],"Resources":["Obsidian Gem","Dragon Scale"]},"Ironhold Keep":{"Name":"Ironhold Keep","Enemies":["Corrupted Guard"],"Resources":["Steel Plate","Iron Sword"]}},"Enemies":{"Goblin Raider":{"Name":"Goblin Raider","Loot":["Gold Coin","Lockpick"]}},"Items":{"Steel Plate":{"Type":"Armor","Value":120}}};{"Quest":{"Name":"Grimma's Stolen Steel","Giver":"Grimma Stonehand","Actions":["goto Cinderfall Mine","stealth Goblin Raider","take Steel Plate","goto Ironhold Keep","give Steel Plate"]}};"Grimma Stonehand's finest Steel Plate was taken by a Goblin Raider who fled to Cinderfall Mine. Retrieve it and bring it back to her.";"Recover stolen item"
{"NPCs":{"Alistair Croft":{"Name":"Alistair Croft","Species":"Human","HomeLocation":"Ember Market","CurrentLocation":"Ember Market","Faction":"The Veiled Hand","Role":"Merchant","Relations":[{"Target":"Aria Nightshade","Favorability":0}]}},"Locations":{"Ember Market":{"Name":"Ember Market","Enemies":[],"Resources":["Gold Coin","Silver Ring"]}},"Factions":{"Crimson Blades":{"Name":"Crimson Blades","Relations":[{"Target":"Sword Coast Syndicate","Favorability":-2},{"Target":"Order of the Sun","Favorability":-5}]}}};{"Quest":{"Name":"Protect the Ember Market","Giver":"Alistair Croft","Actions":["goto Ember Market","defend"]}};"Alistair Croft warns that the Crimson Blades plan to raid Ember Market. Stand guard at the market square until the threat passes.";"Guard entity"
{"NPCs":{"Captain Seraphina Vane":{"Name":"Captain Seraphina Vane","Species":"Human","HomeLocation":"Mistvale Port","CurrentLocation":"Mistvale Port","Faction":"Sword Coast Syndicate","Role":"GuardCaptain","Relations":[{"Target":"Aria Nightshade","Favorability":2}]}},"Locations":{"Grey District":{"Name":"Grey District","Enemies":["Shadow Assassin"],"Resources":["Thieves Tools"]}},"Enemies":{"Shadow Assassin":{"Name":"Shadow Assassin","Loot":["Obsidian Gem","Thieves Tools"]}},"Factions":{"Sword Coast Syndicate":{"Name":"Sword Coast Syndicate","Relations":[{"Target":"The Veiled Hand","Favorability":2}]}}};{"Quest":{"Name":"Hunt the Shadow Assassin","Giver":"Captain Seraphina Vane","Actions":["goto Grey District","damage Shadow Assassin"]}};"Captain Seraphina Vane needs the Shadow Assassin plaguing the Grey District eliminated. Attack and drive them out.";"Attack enemy"
{"NPCs":{"Morgana Ashford":{"Name":"Morgana Ashford","Species":"Tiefling","HomeLocation":"Grey District","CurrentLocation":"Grey District","Faction":"The Veiled Hand","Role":"Thief","Relations":[{"Target":"Aria Nightshade","Favorability":-2}]},"Rurik Redbeard":{"Name":"Rurik Redbeard","Species":"Dwarf","HomeLocation":"Ironhold Keep","CurrentLocation":"Frostfang Pass","Faction":"Ironwood Circle","Role":"GuardCaptain","Relations":[{"Target":"Aria Nightshade","Favorability":0}]}},"Locations":{"Ironhold Keep":{"Name":"Ironhold Keep","Enemies":["Corrupted Guard"],"Resources":["Steel Plate","Iron Sword"]},"Grey District":{"Name":"Grey District","Enemies":["Shadow Assassin"],"Resources":["Thieves Tools"]}},"Factions":{"The Veiled Hand":{"Name":"The Veiled Hand","Treasury":{"Gold Coin":750,"Obsidian Gem":8,"Lockpick":20}},"Ironwood Circle":{"Name":"Ironwood Circle","Treasury":{"Gold Coin":300,"Steel Plate":3,"Dragon Scale":2}},"Items":{"Obsidian Gem":{"Type":"Valuables","Value":75}}}};{"Quest":{"Name":"The Obsidian Heist","Giver":"Morgana Ashford","Actions":["goto Ironhold Keep","stealth Rurik Redbeard","take Obsidian Gem","goto Grey District","give Obsidian Gem"]}};"Morgana Ashford wants you to steal an Obsidian Gem from the Ironwood Circle's treasury in Ironhold Keep and deliver it to her in the Grey District.";"Steal stuff"
{"NPCs":{"Lyra Swiftarrow":{"Name":"Lyra Swiftarrow","Species":"Halfling","HomeLocation":"Whispering Woods","CurrentLocation":"Whispering Woods","Faction":"Order of the Sun","Role":"Ranger","Relations":[{"Target":"Aria Nightshade","Favorability":4}]}},"Locations":{"Frostfang Pass":{"Name":"Frostfang Pass","Enemies":["Dire Wolf","Undead Warlock"],"Resources":["Mystic Herb"]},"Whispering Woods":{"Name":"Whispering Woods","Enemies":["Forest Troll","Dire Wolf"],"Resources":["Mystic Herb","Elven Bread"]}},"Enemies":{"Dire Wolf":{"Name":"Dire Wolf","Loot":["Elven Bread"]}}};{"Quest":{"Name":"The Dire Wolf Menace","Giver":"Lyra Swiftarrow","Actions":["goto Frostfang Pass","kill Dire Wolf","goto Whispering Woods","report"]}};"Lyra Swiftarrow reports that a pack of Dire Wolves has been attacking travelers in Frostfang Pass. Eliminate the pack leader and return to her.";"Kill enemies"
{"NPCs":{"Sister Giselle":{"Name":"Sister Giselle","Species":"Human","HomeLocation":"Temple of Dawn","CurrentLocation":"Temple of Dawn","Faction":"Order of the Sun","Role":"Priest","OwnedItems":{"Ancient Scroll":2,"Gold Coin":45},"Relations":[{"Target":"Aria Nightshade","Favorability":2}]}},"Locations":{"Azure Observatory":{"Name":"Azure Observatory","Enemies":["Cult Fanatic"],"Resources":["Ancient Scroll"]},"Temple of Dawn":{"Name":"Temple of Dawn","Enemies":[],"Resources":["Healing Salve"]}},"Enemies":{"Cult Fanatic":{"Name":"Cult Fanatic","Loot":["Obsidian Gem","Ancient Scroll"]}},"Items":{"Ancient Scroll":{"Type":"QuestItem","Value":200}}};{"Quest":{"Name":"Retrieve the Sacred Scroll","Giver":"Sister Giselle","Actions":["goto Azure Observatory","kill Cult Fanatic","take Ancient Scroll","goto Temple of Dawn","give Ancient Scroll"]}};"Sister Giselle's Ancient Scroll was stolen by a Cult Fanatic who fled to the Azure Observatory. Retrieve it and return it to the Temple of Dawn.";"Recover stolen item"
{"NPCs":{"Brom Ironjaw":{"Name":"Brom Ironjaw","Species":"Orc","HomeLocation":"Cinderfall Mine","CurrentLocation":"Cinderfall Mine","Faction":"Ironwood Circle","Role":"Farmer","Relations":[{"Target":"Aria Nightshade","Favorability":-1}]}},"Locations":{"Ironhold Keep":{"Name":"Ironhold Keep","Enemies":["Corrupted Guard"],"Resources":["Steel Plate","Iron Sword"]}},"Enemies":{"Corrupted Guard":{"Name":"Corrupted Guard","Loot":["Iron Sword","Faction Insignia"]}}};{"Quest":{"Name":"Defend Ironhold Keep","Giver":"Brom Ironjaw","Actions":["goto Ironhold Keep","defend"]}};"Brom Ironjaw has spotted Corrupted Guards approaching the keep. Help defend the entrance.";"Guard entity"
{"NPCs":{"Kaelen Duskgaze":{"Name":"Kaelen Duskgaze","Species":"Dragonborn","HomeLocation":"Temple of Dawn","CurrentLocation":"Temple of Dawn","Faction":"Order of the Sun","Role":"Priest","Relations":[{"Target":"Aria Nightshade","Favorability":3}]}},"Locations":{"Frostfang Pass":{"Name":"Frostfang Pass","Enemies":["Dire Wolf","Undead Warlock"],"Resources":["Mystic Herb"]},"Temple of Dawn":{"Name":"Temple of Dawn","Enemies":[],"Resources":["Healing Salve"]}},"Enemies":{"Undead Warlock":{"Name":"Undead Warlock","Loot":["Ancient Scroll","Obsidian Gem"]}}};{"Quest":{"Name":"The Undead Threat","Giver":"Kaelen Duskgaze","Actions":["goto Frostfang Pass","damage Undead Warlock","goto Temple of Dawn","report"]}};"Kaelen Duskgaze needs the Undead Warlock in Frostfang Pass weakened so his priests can consecrate the area.";"Attack threatening entities"
{"NPCs":{"Thaddeus Grumble":{"Name":"Thaddeus Grumble","Species":"Gnome","HomeLocation":"The Rusty Nail Inn","CurrentLocation":"The Rusty Nail Inn","Faction":null,"Role":"Barkeep","OwnedItems":{"Health Potion":4,"Gold Coin":15},"Relations":[{"Target":"Aria Nightshade","Favorability":2}]}},"Locations":{"Cinderfall Mine":{"Name":"Cinderfall Mine","Enemies":["Goblin Raider","Fire Elemental"],"Resources":["Obsidian Gem","Dragon Scale"]},"The Rusty Nail Inn":{"Name":"The Rusty Nail Inn","Enemies":[],"Resources":["Health Potion","Elven Bread"]}},"Enemies":{"Goblin Raider":{"Name":"Goblin Raider","Loot":["Gold Coin","Lockpick"]}},"Items":{"Mystic Herb":{"Type":"Ingredient","Value":10}}};{"Quest":{"Name":"Thaddeus's Special Brew","Giver":"Thaddeus Grumble","Actions":["goto Cinderfall Mine","stealth Goblin Raider","take Mystic Herb","goto The Rusty Nail Inn","give Mystic Herb"]}};"Thaddeus Grumble's supply of Mystic Herb was taken by a Goblin Raider. Retrieve it from Cinderfall Mine and bring it to the Rusty Nail Inn.";"Recover stolen item"
{"NPCs":{"Rurik Redbeard":{"Name":"Rurik Redbeard","Species":"Dwarf","HomeLocation":"Ironhold Keep","CurrentLocation":"Frostfang Pass","Faction":"Ironwood Circle","Role":"GuardCaptain","Relations":[{"Target":"Aria Nightshade","Favorability":0}]}},"Locations":{"Cinderfall Mine":{"Name":"Cinderfall Mine","Enemies":["Goblin Raider","Fire Elemental"],"Resources":["Obsidian Gem","Dragon Scale"]},"Frostfang Pass":{"Name":"Frostfang Pass","Enemies":["Dire Wolf","Undead Warlock"],"Resources":["Mystic Herb"]}},"Enemies":{"Fire Elemental":{"Name":"Fire Elemental","Loot":["Dragon Scale"]}},"Items":{"Dragon Scale":{"Type":"Ingredient","Value":150}}};{"Quest":{"Name":"The Fire Elemental Rampage","Giver":"Rurik Redbeard","Actions":["goto Cinderfall Mine","kill Fire Elemental","goto Frostfang Pass","report"]}};"Rurik Redbeard reports a Fire Elemental is causing chaos in Cinderfall Mine. Destroy it and report back.";"Kill enemies"
{"NPCs":{"Captain Seraphina Vane":{"Name":"Captain Seraphina Vane","Species":"Human","HomeLocation":"Mistvale Port","CurrentLocation":"Mistvale Port","Faction":"Sword Coast Syndicate","Role":"GuardCaptain","Relations":[{"Target":"Aria Nightshade","Favorability":2}]}},"Locations":{"Mistvale Port":{"Name":"Mistvale Port","Enemies":[],"Resources":["Gold Coin","Lockpick"]}},"Enemies":{"Shadow Assassin":{"Name":"Shadow Assassin","Loot":["Obsidian Gem","Thieves Tools"]}},"Factions":{"The Veiled Hand":{"Name":"The Veiled Hand","Relations":[{"Target":"Sword Coast Syndicate","Favorability":2}]}}};{"Quest":{"Name":"Silence the Veiled Spy","Giver":"Captain Seraphina Vane","Actions":["goto Mistvale Port","damage Shadow Assassin"]}};"Captain Seraphina Vane has identified a Veiled Hand spy in Mistvale Port. Attack and neutralize them.";"Attack enemy"
{"NPCs":{"Alistair Croft":{"Name":"Alistair Croft","Species":"Human","HomeLocation":"Ember Market","CurrentLocation":"Ember Market","Faction":"The Veiled Hand","Role":"Merchant","Relations":[{"Target":"Aria Nightshade","Favorability":0}]},"Grimma Stonehand":{"Name":"Grimma Stonehand","Species":"Dwarf","HomeLocation":"Ironhold Keep","CurrentLocation":"Ironhold Keep","Faction":"Ironwood Circle","Role":"Blacksmith","OwnedItems":{"Steel Plate":1,"Gold Coin":50}}},"Locations":{"Ironhold Keep":{"Name":"Ironhold Keep","Enemies":["Corrupted Guard"],"Resources":["Steel Plate","Iron Sword"]},"Ember Market":{"Name":"Ember Market","Enemies":[],"Resources":["Gold Coin","Silver Ring"]}},"Factions":{"Ironwood Circle":{"Name":"Ironwood Circle","Treasury":{"Gold Coin":300,"Steel Plate":3,"Dragon Scale":2}},"Items":{"Dragon Scale":{"Type":"Ingredient","Value":150}}}};{"Quest":{"Name":"The Dragon Scale Debt","Giver":"Alistair Croft","Actions":["goto Ironhold Keep","stealth Grimma Stonehand","take Dragon Scale","goto Ember Market","give Dragon Scale"]}};"Alistair Croft needs you to steal a Dragon Scale from the Ironwood Circle's stockpile. Deliver it to him at Ember Market.";"Steal stuff"
{"NPCs":{"Finnian O'Malley":{"Name":"Finnian O'Malley","Species":"Human","HomeLocation":"Mistvale Port","CurrentLocation":"Mistvale Port","Faction":"Sword Coast Syndicate","Role":"Merchant","Relations":[{"Target":"Aria Nightshade","Favorability":1}]}},"Locations":{"Ironhold Keep":{"Name":"Ironhold Keep","Enemies":["Corrupted Guard"],"Resources":["Steel Plate","Iron Sword"]},"Mistvale Port":{"Name":"Mistvale Port","Enemies":[],"Resources":["Gold Coin","Lockpick"]}},"Enemies":{"Corrupted Guard":{"Name":"Corrupted Guard","Loot":["Iron Sword","Faction Insignia"]}}};{"Quest":{"Name":"The Corrupted Guard Patrol","Giver":"Finnian O'Malley","Actions":["goto Ironhold Keep","damage Corrupted Guard","goto Mistvale Port","report"]}};"Finnian O'Malley reports Corrupted Guards are blocking trade routes. Weaken their patrol so merchants can pass safely.";"Attack threatening entities"
{"NPCs":{"Eldrin Moonweaver":{"Name":"Eldrin Moonweaver","Species":"Elf","HomeLocation":"Azure Observatory","CurrentLocation":"Azure Observatory","Faction":"Order of the Sun","Role":"Mage","Relations":[{"Target":"Aria Nightshade","Favorability":3}]}},"Locations":{"Azure Observatory":{"Name":"Azure Observatory","Enemies":["Cult Fanatic"],"Resources":["Ancient Scroll"]}},"Enemies":{"Cult Fanatic":{"Name":"Cult Fanatic","Loot":["Obsidian Gem","Ancient Scroll"]}}};{"Quest":{"Name":"Defend the Azure Observatory","Giver":"Eldrin Moonweaver","Actions":["goto Azure Observatory","defend"]}};"Eldrin Moonweaver fears another Cult Fanatic attack. Stand guard at the observatory entrance.";"Guard entity"
{"NPCs":{"Lyra Swiftarrow":{"Name":"Lyra Swiftarrow","Species":"Halfling","HomeLocation":"Whispering Woods","CurrentLocation":"Whispering Woods","Faction":"Order of the Sun","Role":"Ranger","Relations":[{"Target":"Aria Nightshade","Favorability":4}]}},"Locations":{"Whispering Woods":{"Name":"Whispering Woods","Enemies":["Forest Troll","Dire Wolf"],"Resources":["Mystic Herb","Elven Bread"]}},"Enemies":{"Forest Troll":{"Name":"Forest Troll","Loot":["Gold Coin","Mystic Herb"]}}};{"Quest":{"Name":"The Forest Troll Bounty","Giver":"Lyra Swiftarrow","Actions":["goto Whispering Woods","kill Forest Troll","goto Whispering Woods","report"]}};"Lyra Swiftarrow has a bounty on a Forest Troll terrorizing the Whispering Woods. Kill it and return for your reward.";"Kill enemies"
{"NPCs":{"Thaddeus Grumble":{"Name":"Thaddeus Grumble","Species":"Gnome","HomeLocation":"The Rusty Nail Inn","CurrentLocation":"The Rusty Nail Inn","Faction":null,"Role":"Barkeep","OwnedItems":{"Health Potion":4,"Gold Coin":15},"Relations":[{"Target":"Aria Nightshade","Favorability":2}]}},"Locations":{"Cinderfall Mine":{"Name":"Cinderfall Mine","Enemies":["Goblin Raider","Fire Elemental"],"Resources":["Obsidian Gem","Dragon Scale"]},"The Rusty Nail Inn":{"Name":"The Rusty Nail Inn","Enemies":[],"Resources":["Health Potion","Elven Bread"]}},"Enemies":{"Goblin Raider":{"Name":"Goblin Raider","Loot":["Gold Coin","Lockpick"]}},"Items":{"Silver Ring":{"Type":"Valuables","Value":40}}};{"Quest":{"Name":"The Purloined Ring","Giver":"Thaddeus Grumble","Actions":["goto Cinderfall Mine","kill Goblin Raider","take Silver Ring","goto The Rusty Nail Inn","give Silver Ring"]}};"Thaddeus Grumble's Silver Ring was stolen by a Goblin Raider. Retrieve it from Cinderfall Mine.";"Recover stolen item"
{"NPCs":{"Kaelen Duskgaze":{"Name":"Kaelen Duskgaze","Species":"Dragonborn","HomeLocation":"Temple of Dawn","CurrentLocation":"Temple of Dawn","Faction":"Order of the Sun","Role":"Priest","Relations":[{"Target":"Aria Nightshade","Favorability":3}]}},"Locations":{"Frostfang Pass":{"Name":"Frostfang Pass","Enemies":["Dire Wolf","Undead Warlock"],"Resources":["Mystic Herb"]}},"Enemies":{"Undead Warlock":{"Name":"Undead Warlock","Loot":["Ancient Scroll","Obsidian Gem"]}}};{"Quest":{"Name":"The Frostfang Ambush","Giver":"Kaelen Duskgaze","Actions":["goto Frostfang Pass","damage Undead Warlock"]}};"Kaelen Duskgaze needs the Undead Warlock in Frostfang Pass weakened before it can summon more minions.";"Attack enemy"
{"NPCs":{"Finnian O'Malley":{"Name":"Finnian O'Malley","Species":"Human","HomeLocation":"Mistvale Port","CurrentLocation":"Mistvale Port","Faction":"Sword Coast Syndicate","Role":"Merchant","Relations":[{"Target":"Aria Nightshade","Favorability":1}]},"Morgana Ashford":{"Name":"Morgana Ashford","Species":"Tiefling","HomeLocation":"Grey District","CurrentLocation":"Grey District","Faction":"The Veiled Hand","Role":"Thief","OwnedItems":{"Silver Ring":1,"Obsidian Gem":5},"Relations":[{"Target":"Aria Nightshade","Favorability":-2}]}},"Locations":{"Grey District":{"Name":"Grey District","Enemies":["Shadow Assassin"],"Resources":["Thieves Tools"]},"Mistvale Port":{"Name":"Mistvale Port","Enemies":[],"Resources":["Gold Coin","Lockpick"]}},"Factions":{"Sword Coast Syndicate":{"Name":"Sword Coast Syndicate","Treasury":{"Gold Coin":500,"Iron Sword":5}},"The Veiled Hand":{"Name":"The Veiled Hand","Treasury":{"Gold Coin":750,"Obsidian Gem":8,"Lockpick":20}},"Items":{"Faction Insignia":{"Type":"QuestItem","Value":10}}}};{"Quest":{"Name":"The Syndicate's Rival","Giver":"Finnian O'Malley","Actions":["goto Grey District","stealth Morgana Ashford","take Faction Insignia","goto Mistvale Port","give Faction Insignia"]}};"Finnian O'Malley wants you to steal a Faction Insignia from the Veiled Hand's stash in the Grey District. Deliver it to him in Mistvale Port.";"Steal stuff"
{"NPCs":{"Sister Giselle":{"Name":"Sister Giselle","Species":"Human","HomeLocation":"Temple of Dawn","CurrentLocation":"Temple of Dawn","Faction":"Order of the Sun","Role":"Priest","Relations":[{"Target":"Aria Nightshade","Favorability":2}]}},"Locations":{"Azure Observatory":{"Name":"Azure Observatory","Enemies":["Cult Fanatic"],"Resources":["Ancient Scroll"]},"Temple of Dawn":{"Name":"Temple of Dawn","Enemies":[],"Resources":["Healing Salve"]}},"Enemies":{"Cult Fanatic":{"Name":"Cult Fanatic","Loot":["Obsidian Gem","Ancient Scroll"]}},"Factions":{"Order of the Sun":{"Name":"Order of the Sun","FactionLog":[]}}};{"Quest":{"Name":"The Cult Conclave","Giver":"Sister Giselle","Actions":["goto Azure Observatory","damage Cult Fanatic","goto Temple of Dawn","report"]}};"Sister Giselle has learned of a Cult Fanatic gathering at the Azure Observatory. Weaken their leader to disrupt their ritual.";"Attack threatening entities"
{"NPCs": {"Eldon Blackwood": {"Name": "Eldon Blackwood", "Species": "Human", "HomeLocation": "Rivershire Village", "CurrentLocation": "Rivershire Village", "Faction": "Rivershire Militia", "OwnedItems": {"Iron Sword": 1, "Healing Potion": 2}, "Role": "GuardCaptain", "Relations": [{"Target": "Player", "Favorability": 3}, {"Target": "The Crimson Dawn", "Favorability": -3}]}, "Grom Ironfist": {"Name": "Grom Ironfist", "Species": "Dwarf", "HomeLocation": "Blackiron Mine", "CurrentLocation": "Blackiron Mine", "Faction": "The Iron Circle", "OwnedItems": {"Silver Ore": 5, "Dwarven Ale": 3}, "Role": "Blacksmith", "Relations": [{"Target": "Player", "Favorability": 2}, {"Target": "The Verdant Accord", "Favorability": -2}]}}, "Locations": {"Blackiron Mine": {"Name": "Blackiron Mine", "Enemies": ["Goblin Raider"], "Resources": ["Silver Ore"]}}, "Enemies": {"Goblin Raider": {"Name": "Goblin Raider", "Loot": ["Goblin Ear", "Iron Sword"]}}};{"Quest": {"Name": "The Mine Menace", "Giver": "Grom Ironfist", "Actions": ["goto Blackiron Mine", "damage Goblin Raider", "goto Grom Ironfist", "report"]}};"Grom Ironfist reports that goblins have overrun the lower levels of Blackiron Mine, halting all ore production. He needs you to clear them out so his miners can return to work.";"Attack threatening entities"
{"NPCs": {"Rosalind Fairwind": {"Name": "Rosalind Fairwind", "Species": "Human", "HomeLocation": "Rivershire Village", "CurrentLocation": "Rivershire Village", "Faction": "Rivershire Militia", "OwnedItems": {}, "Role": "Merchant", "Relations": [{"Target": "Player", "Favorability": 2}]}, "Garak the Grim": {"Name": "Garak the Grim", "Species": "Orc", "HomeLocation": "Orc Camp", "CurrentLocation": "Orc Camp", "Faction": "The Crimson Dawn", "OwnedItems": {"Iron Sword": 1}, "Role": "Thief", "Relations": [{"Target": "Player", "Favorability": -3}]}}, "Locations": {"Orc Camp": {"Name": "Orc Camp", "Enemies": ["Goblin Raider"], "Resources": []}}, "Factions": {"The Crimson Dawn": {"Name": "The Crimson Dawn", "Treasury": {"Stolen Idol": 1, "Crimson Amulet": 3}}}, "Items": {"Stolen Idol": {"Name": "Stolen Idol", "Type": "QuestItem"}}};{"Quest": {"Name": "The Stolen Idol", "Giver": "Rosalind Fairwind", "Actions": ["goto Orc Camp", "stealth Garak the Grim", "take Stolen Idol", "goto Rosalind Fairwind", "give Stolen Idol"]}};"Rosalind Fairwind's prized family heirloom, a small golden idol, was stolen by Garak the Grim. She wants you to retrieve it from the Orc Camp.";"Recover stolen item"
{"NPCs": {"Seraphina the Wise": {"Name": "Seraphina the Wise", "Species": "Elf", "HomeLocation": "Starlight Temple", "CurrentLocation": "Starlight Temple", "Faction": "The Verdant Accord", "OwnedItems": {"Spell Scroll: Fireball": 1, "Rune Stone": 3}, "Role": "Wizard", "Relations": [{"Target": "Player", "Favorability": 4}, {"Target": "The Iron Circle", "Favorability": -4}]}, "Elara Dawnweaver": {"Name": "Elara Dawnweaver", "Species": "Human", "HomeLocation": "Starlight Temple", "CurrentLocation": "Starlight Temple", "Faction": "The Verdant Accord", "OwnedItems": {"Healing Potion": 5}, "Role": "Priest", "Relations": [{"Target": "Player", "Favorability": 3}]}}, "Locations": {"Starlight Temple": {"Name": "Starlight Temple", "Enemies": ["Cult Fanatic"], "Resources": ["Rune Stone"]}}, "Enemies": {"Cult Fanatic": {"Name": "Cult Fanatic", "Loot": ["Mysterious Key", "Healing Potion"]}}};{"Quest": {"Name": "Defend the Temple", "Giver": "Seraphina the Wise", "Actions": ["goto Starlight Temple", "defend Elara Dawnweaver"]}};"Seraphina the Wise fears that Cult Fanatics plan to desecrate Starlight Temple. She asks you to stand guard and protect the sacred grounds.";"Guard entity"
{"NPCs": {"Lyra Swiftarrow": {"Name": "Lyra Swiftarrow", "Species": "Halfling", "HomeLocation": "Rivershire Village", "CurrentLocation": "Whispering Woods", "Faction": "The Verdant Accord", "OwnedItems": {"Elven Bread": 2, "Lockpick Set": 1}, "Role": "Hunter", "Relations": [{"Target": "Player", "Favorability": 1}]}}, "Locations": {"Whispering Woods": {"Name": "Whispering Woods", "Enemies": ["Forest Wolf"], "Resources": ["Elven Bread"]}}, "Enemies": {"Forest Wolf": {"Name": "Forest Wolf", "Loot": []}}};{"Quest": {"Name": "Hunt the Alpha Wolf", "Giver": "Lyra Swiftarrow", "Actions": ["goto Whispering Woods", "damage Forest Wolf"]}};"Lyra Swiftarrow has tracked a particularly vicious Forest Wolf pack leader to Whispering Woods. She wants you to eliminate it before it attacks local livestock.";"Attack enemy"
{"NPCs": {"Garak the Grim": {"Name": "Garak the Grim", "Species": "Orc", "HomeLocation": "Orc Camp", "CurrentLocation": "Orc Camp", "Faction": "The Crimson Dawn", "OwnedItems": {"Iron Sword": 1}, "Role": "Thief", "Relations": [{"Target": "Player", "Favorability": -3}]}, "Borin Stonehand": {"Name": "Borin Stonehand", "Species": "Dwarf", "HomeLocation": "Blackiron Mine", "CurrentLocation": "Blackiron Mine", "Faction": "The Iron Circle", "OwnedItems": {"Silver Ore": 8}, "Role": "Miner", "Relations": [{"Target": "Grom Ironfist", "Favorability": 5}]}}, "Locations": {"Blackiron Mine": {"Name": "Blackiron Mine", "Enemies": ["Goblin Raider"], "Resources": ["Silver Ore"]}}, "Items": {"Iron Sword": {"Name": "Iron Sword", "Type": "Weapon"}}};{"Quest": {"Name": "Crimson Supplies", "Giver": "Garak the Grim", "Actions": ["goto Blackiron Mine", "stealth Borin Stonehand", "take Iron Sword", "goto Garak the Grim", "give Iron Sword"]}};"Garak the Grim has a job for you. The Crimson Dawn needs weapons, and Grom Ironfist has a surplus. Steal some Iron Swords from Blackiron Mine and deliver them to Garak.";"Steal stuff"
{"NPCs": {"Eldon Blackwood": {"Name": "Eldon Blackwood", "Species": "Human", "HomeLocation": "Rivershire Village", "CurrentLocation": "Rivershire Village", "Faction": "Rivershire Militia", "OwnedItems": {"Iron Sword": 1, "Healing Potion": 2}, "Role": "GuardCaptain", "Relations": [{"Target": "Player", "Favorability": 3}, {"Target": "The Crimson Dawn", "Favorability": -3}]}}, "Locations": {"Blackiron Mine": {"Name": "Blackiron Mine", "Enemies": ["Goblin Raider"], "Resources": ["Silver Ore"]}}, "Enemies": {"Goblin Raider": {"Name": "Goblin Raider", "Loot": ["Goblin Ear", "Iron Sword"]}}};{"Quest": {"Name": "The Goblin Ear Collection", "Giver": "Eldon Blackwood", "Actions": ["goto Blackiron Mine", "kill Goblin Raider", "goto Eldon Blackwood", "report"]}};"The Rivershire Militia has put a bounty on goblins plaguing the region. Bring back proof of kills to Eldon Blackwood.";"Kill enemies"
{"NPCs": {"Grom Ironfist": {"Name": "Grom Ironfist", "Species": "Dwarf", "HomeLocation": "Blackiron Mine", "CurrentLocation": "Blackiron Mine", "Faction": "The Iron Circle", "OwnedItems": {"Silver Ore": 5, "Dwarven Ale": 3}, "Role": "Blacksmith", "Relations": [{"Target": "Player", "Favorability": 2}]}}, "Locations": {"Greywatch Keep": {"Name": "Greywatch Keep", "Enemies": ["Iron Golem"], "Resources": ["Silver Ore"]}}, "Enemies": {"Iron Golem": {"Name": "Iron Golem", "Loot": ["Silver Ore", "Rune Stone"]}}};{"Quest": {"Name": "The Iron Golem's Core", "Giver": "Grom Ironfist", "Actions": ["goto Greywatch Keep", "kill Iron Golem", "goto Grom Ironfist", "report"]}};"Grom Ironfist wants the core from the Iron Golem guarding Greywatch Keep. He believes it can be reforged into a powerful weapon.";"Kill enemies"
{"NPCs": {"Elara Dawnweaver": {"Name": "Elara Dawnweaver", "Species": "Human", "HomeLocation": "Starlight Temple", "CurrentLocation": "Starlight Temple", "Faction": "The Verdant Accord", "OwnedItems": {"Healing Potion": 5}, "Role": "Priest", "Relations": [{"Target": "Player", "Favorability": 3}]}}, "Locations": {"Shadowfen Marsh": {"Name": "Shadowfen Marsh", "Enemies": ["Forest Wolf", "Black Ooze"], "Resources": ["Black Ooze Residue"]}}, "Enemies": {"Black Ooze": {"Name": "Black Ooze", "Loot": ["Black Ooze Residue"]}}};{"Quest": {"Name": "The Marsh's Corruption", "Giver": "Elara Dawnweaver", "Actions": ["goto Shadowfen Marsh", "damage Black Ooze", "goto Elara Dawnweaver", "report"]}};"Elara Dawnweaver has sensed dark energy emanating from Shadowfen Marsh. She wants you to weaken the Black Oozes there so her purification magic can take effect.";"Attack threatening entities"
{"NPCs": {"Seraphina the Wise": {"Name": "Seraphina the Wise", "Species": "Elf", "HomeLocation": "Starlight Temple", "CurrentLocation": "Starlight Temple", "Faction": "The Verdant Accord", "OwnedItems": {"Spell Scroll: Fireball": 1, "Rune Stone": 3}, "Role": "Wizard", "Relations": [{"Target": "Player", "Favorability": 4}]}}, "Locations": {"Starlight Temple": {"Name": "Starlight Temple", "Enemies": ["Cult Fanatic"], "Resources": ["Rune Stone"]}}, "Enemies": {"Cult Fanatic": {"Name": "Cult Fanatic", "Loot": ["Mysterious Key", "Healing Potion"]}}, "Items": {"Mysterious Key": {"Name": "Mysterious Key", "Type": "QuestItem"}}};{"Quest": {"Name": "A Wizard's Tome", "Giver": "Seraphina the Wise", "Actions": ["goto Starlight Temple", "kill Cult Fanatic", "take Mysterious Key", "goto Seraphina the Wise", "give Mysterious Key"]}};"Seraphina the Wise had a rare spellbook stolen by Cult Fanatics who now hide near Starlight Temple. Recover it for her.";"Recover stolen item"
{"NPCs": {"Rosalind Fairwind": {"Name": "Rosalind Fairwind", "Species": "Human", "HomeLocation": "Rivershire Village", "CurrentLocation": "Rivershire Village", "Faction": "Rivershire Militia", "OwnedItems": {}, "Role": "Merchant", "Relations": [{"Target": "Player", "Favorability": 2}]}}, "Locations": {"Rivershire Village": {"Name": "Rivershire Village", "Enemies": [], "Resources": ["Elven Bread", "Dwarven Ale"]}}};{"Quest": {"Name": "Guard the Merchant Caravan", "Giver": "Rosalind Fairwind", "Actions": ["goto Rosalind Fairwind", "defend Rosalind Fairwind"]}};"Rosalind Fairwind is transporting valuable goods to Greywatch Keep. She fears an ambush by The Crimson Dawn and asks you to protect her.";"Guard entity"
{"Factions": {"The Verdant Accord": {"Name": "The Verdant Accord", "Relations": [{"Target": "The Iron Circle", "Favorability": -4}, {"Target": "Player", "Favorability": 4}], "Members": ["Seraphina the Wise", "Lyra Swiftarrow", "Elara Dawnweaver"], "Treasury": {"Rune Stone": 10, "Healing Potion": 15}}}, "Locations": {"Starlight Temple": {"Name": "Starlight Temple", "Enemies": ["Cult Fanatic"], "Resources": ["Rune Stone"]}}, "Enemies": {"Cult Fanatic": {"Name": "Cult Fanatic", "Loot": ["Mysterious Key", "Healing Potion"]}}};{"Quest": {"Name": "The Rune Stone Ritual", "Giver": "The Verdant Accord", "Actions": ["goto Starlight Temple", "damage Cult Fanatic", "goto The Verdant Accord", "report"]}};"The Verdant Accord needs Rune Stones from Starlight Temple for a ritual, but Cult Fanatics have overrun the area. Clear them out so their priests can safely collect the stones.";"Attack threatening entities"
{"NPCs": {"Eldon Blackwood": {"Name": "Eldon Blackwood", "Species": "Human", "HomeLocation": "Rivershire Village", "CurrentLocation": "Rivershire Village", "Faction": "Rivershire Militia", "OwnedItems": {"Iron Sword": 1, "Healing Potion": 2}, "Role": "GuardCaptain", "Relations": [{"Target": "Player", "Favorability": 3}]}, "Garak the Grim": {"Name": "Garak the Grim", "Species": "Orc", "HomeLocation": "Orc Camp", "CurrentLocation": "Orc Camp", "Faction": "The Crimson Dawn", "OwnedItems": {"Iron Sword": 1}, "Role": "Thief", "Relations": [{"Target": "Player", "Favorability": -3}]}}, "Locations": {"Orc Camp": {"Name": "Orc Camp", "Enemies": ["Goblin Raider"], "Resources": []}}, "Factions": {"The Crimson Dawn": {"Name": "The Crimson Dawn", "Treasury": {"Stolen Idol": 1, "Crimson Amulet": 3}}}, "Items": {"Crimson Amulet": {"Name": "Crimson Amulet", "Type": "Valuables"}}};{"Quest": {"Name": "Infiltrate the Orc Camp", "Giver": "Eldon Blackwood", "Actions": ["goto Orc Camp", "stealth Garak the Grim", "take Crimson Amulet", "goto Eldon Blackwood", "give Crimson Amulet"]}};"Eldon Blackwood wants intelligence on The Crimson Dawn's operations. He asks you to sneak into the Orc Camp and steal any documents from Garak the Grim.";"Steal stuff"
{"NPCs": {"Thaddeus Grumble": {"Name": "Thaddeus Grumble", "Species": "Gnome", "HomeLocation": "Rivershire Village", "CurrentLocation": "The Rusty Nail Inn", "Faction": null, "OwnedItems": {"Healing Potion": 1, "Dwarven Ale": 10}, "Role": "Innkeeper", "Relations": [{"Target": "Player", "Favorability": 2}]}}, "Locations": {"Shadowfen Marsh": {"Name": "Shadowfen Marsh", "Enemies": ["Forest Wolf", "Black Ooze"], "Resources": ["Black Ooze Residue"]}}, "Enemies": {"Black Ooze": {"Name": "Black Ooze", "Loot": ["Black Ooze Residue"]}}};{"Quest": {"Name": "The Black Ooze Menace", "Giver": "Thaddeus Grumble", "Actions": ["goto Shadowfen Marsh", "kill Black Ooze", "goto Thaddeus Grumble", "report"]}};"Thaddeus Grumble's ale supply route through Shadowfen Marsh has been disrupted by Black Oozes. He wants them eliminated.";"Kill enemies"
{"NPCs": {"Garak the Grim": {"Name": "Garak the Grim", "Species": "Orc", "HomeLocation": "Orc Camp", "CurrentLocation": "Orc Camp", "Faction": "The Crimson Dawn", "OwnedItems": {"Iron Sword": 1}, "Role": "Thief", "Relations": [{"Target": "Player", "Favorability": -3}]}}, "Locations": {"Blackiron Mine": {"Name": "Blackiron Mine", "Enemies": ["Goblin Raider"], "Resources": ["Silver Ore"]}}, "Enemies": {"Goblin Raider": {"Name": "Goblin Raider", "Loot": ["Goblin Ear", "Iron Sword"]}}};{"Quest": {"Name": "The Crimson Betrayal", "Giver": "Garak the Grim", "Actions": ["goto Blackiron Mine", "damage Goblin Raider"]}};"Garak the Grim has discovered that one of his own goblin scouts has been feeding information to the Rivershire Militia. He wants you to eliminate the traitor at Blackiron Mine.";"Attack enemy"
{"NPCs": {"Borin Stonehand": {"Name": "Borin Stonehand", "Species": "Dwarf", "HomeLocation": "Blackiron Mine", "CurrentLocation": "Blackiron Mine", "Faction": "The Iron Circle", "OwnedItems": {"Silver Ore": 8}, "Role": "Miner", "Relations": [{"Target": "Grom Ironfist", "Favorability": 5}]}}, "Locations": {"Whispering Woods": {"Name": "Whispering Woods", "Enemies": ["Forest Wolf"], "Resources": ["Elven Bread"]}}, "Enemies": {"Forest Wolf": {"Name": "Forest Wolf", "Loot": []}}, "Items": {"Mysterious Key": {"Name": "Mysterious Key", "Type": "QuestItem"}}};{"Quest": {"Name": "The Forbidden Key", "Giver": "Borin Stonehand", "Actions": ["goto Whispering Woods", "kill Forest Wolf", "take Mysterious Key", "goto Borin Stonehand", "give Mysterious Key"]}};"Borin Stonehand lost a Mysterious Key that unlocks a valuable silver vein. He heard a Forest Wolf in Whispering Woods might have carried it off.";"Recover stolen item"
{"NPCs": {"Thaddeus Grumble": {"Name": "Thaddeus Grumble", "Species": "Gnome", "HomeLocation": "Rivershire Village", "CurrentLocation": "The Rusty Nail Inn", "Faction": null, "OwnedItems": {"Healing Potion": 1, "Dwarven Ale": 10}, "Role": "Innkeeper", "Relations": [{"Target": "Player", "Favorability": 2}]}}, "Locations": {"The Rusty Nail Inn": {"Name": "The Rusty Nail Inn", "Enemies": [], "Resources": ["Dwarven Ale", "Healing Potion"]}}};{"Quest": {"Name": "Defend the Inn", "Giver": "Thaddeus Grumble", "Actions": ["goto The Rusty Nail Inn", "defend Thaddeus Grumble"]}};"A brawl is about to break out at The Rusty Nail Inn between rival faction members. Thaddeus Grumble asks you to keep the peace and protect his establishment.";"Guard entity"
{"NPCs": {"Seraphina the Wise": {"Name": "Seraphina the Wise", "Species": "Elf", "HomeLocation": "Starlight Temple", "CurrentLocation": "Starlight Temple", "Faction": "The Verdant Accord", "OwnedItems": {"Spell Scroll: Fireball": 1, "Rune Stone": 3}, "Role": "Wizard", "Relations": [{"Target": "Player", "Favorability": 4}]}, "Borin Stonehand": {"Name": "Borin Stonehand", "Species": "Dwarf", "HomeLocation": "Blackiron Mine", "CurrentLocation": "Blackiron Mine", "Faction": "The Iron Circle", "OwnedItems": {"Silver Ore": 8}, "Role": "Miner", "Relations": [{"Target": "Grom Ironfist", "Favorability": 5}]}}, "Locations": {"Blackiron Mine": {"Name": "Blackiron Mine", "Enemies": ["Goblin Raider"], "Resources": ["Silver Ore"]}}, "Items": {"Silver Ore": {"Name": "Silver Ore", "Type": "Ingredient"}}};{"Quest": {"Name": "Ore for the Circle", "Giver": "Seraphina the Wise", "Actions": ["goto Blackiron Mine", "stealth Borin Stonehand", "take Silver Ore", "goto Seraphina the Wise", "give Silver Ore"]}};"The Verdant Accord needs silver for magical wards but refuses to deal with The Iron Circle. Seraphina asks you to acquire some from Blackiron Mine without revealing who sent you.";"Steal stuff"
{"NPCs": {"Mira Featherfoot": {"Name": "Mira Featherfoot", "Species": "Halfling", "HomeLocation": "Rivershire Village", "CurrentLocation": "Rivershire Village", "Faction": null, "OwnedItems": {"Healing Potion": 1, "Elven Bread": 1}, "Role": "Farmer", "Relations": []}}, "Locations": {"Shadowfen Marsh": {"Name": "Shadowfen Marsh", "Enemies": ["Forest Wolf", "Black Ooze"], "Resources": ["Black Ooze Residue"]}}, "Enemies": {"Forest Wolf": {"Name": "Forest Wolf", "Loot": []}}};{"Quest": {"Name": "The Marsh Wolves", "Giver": "Mira Featherfoot", "Actions": ["goto Shadowfen Marsh", "kill Forest Wolf", "goto Mira Featherfoot", "report"]}};"The Forest Wolves near Shadowfen Marsh have become unusually aggressive. Mira Featherfoot's farm is at risk, and she wants them culled.";"Kill enemies"
{"NPCs": {"Garak the Grim": {"Name": "Garak the Grim", "Species": "Orc", "HomeLocation": "Orc Camp", "CurrentLocation": "Orc Camp", "Faction": "The Crimson Dawn", "OwnedItems": {"Iron Sword": 1}, "Role": "Thief", "Relations": [{"Target": "Player", "Favorability": -3}]}, "Grom Ironfist": {"Name": "Grom Ironfist", "Species": "Dwarf", "HomeLocation": "Blackiron Mine", "CurrentLocation": "Blackiron Mine", "Faction": "The Iron Circle", "OwnedItems": {"Silver Ore": 5, "Dwarven Ale": 3}, "Role": "Blacksmith", "Relations": [{"Target": "Player", "Favorability": 2}]}}, "Locations": {"Blackiron Mine": {"Name": "Blackiron Mine", "Enemies": ["Goblin Raider"], "Resources": ["Silver Ore"]}}, "Items": {"Dwarven Ale": {"Name": "Dwarven Ale", "Type": "Valuables"}}};{"Quest": {"Name": "The Iron Circle's Debt", "Giver": "Garak the Grim", "Actions": ["goto Blackiron Mine", "stealth Grom Ironfist", "take Dwarven Ale", "goto Garak the Grim", "give Dwarven Ale"]}};"The Crimson Dawn claims The Iron Circle owes them tribute. Garak wants you to collect by stealing a cache of Dwarven Ale from Grom Ironfist's personal stock.";"Steal stuff"
{"Factions": {"The Iron Circle": {"Name": "The Iron Circle", "Relations": [{"Target": "The Crimson Dawn", "Favorability": 3}, {"Target": "The Verdant Accord", "Favorability": -4}, {"Target": "Player", "Favorability": 0}], "Members": ["Grom Ironfist", "Borin Stonehand"], "Treasury": {"Silver Ore": 50, "Iron Sword": 5}}}, "Locations": {"Greywatch Keep": {"Name": "Greywatch Keep", "Enemies": ["Iron Golem"], "Resources": ["Silver Ore"]}}, "Enemies": {"Iron Golem": {"Name": "Iron Golem", "Loot": ["Silver Ore", "Rune Stone"]}}};{"Quest": {"Name": "The Golem's Rampage", "Giver": "The Iron Circle", "Actions": ["goto Greywatch Keep", "damage Iron Golem", "goto The Iron Circle", "report"]}};"The Iron Golem at Greywatch Keep has become erratic, attacking anyone who approaches. The Iron Circle wants it neutralized so they can resume mining operations.";"Attack threatening entities"
{"NPCs": {"Lyra Swift": {"Name": "Lyra Swift", "Species": "Halfling", "HomeLocation": "Redhaven", "CurrentLocation": "Redhaven", "Faction": "Free Traders Consortium", "OwnedItems": {"Old Map": 1, "Lockpick Set": 1}, "Role": "Merchant", "Relations": [{"Target": "Player", "Favorability": 2}, {"Target": "Free Traders Consortium", "Favorability": 4}]}, "Corvus Blackthorn": {"Name": "Corvus Blackthorn", "Species": "Human", "HomeLocation": "Shadowfen", "CurrentLocation": "Shadowfen", "Faction": "The Veiled Hand", "OwnedItems": {"Crimson Dagger": 1}, "Role": "Beggar", "Relations": [{"Target": "Player", "Favorability": -1}, {"Target": "The Veiled Hand", "Favorability": 4}]}}, "Locations": {"Redhaven": {"Name": "Redhaven", "Enemies": ["Bandit Marauder"], "Resources": ["Iron Sword", "Healing Potion", "Dwarven Ale"]}, "Shadowfen": {"Name": "Shadowfen", "Enemies": ["Cave Spider", "Cult Fanatic"], "Resources": ["Spider Silk", "Stolen Amulet"]}}, "Enemies": {"Bandit Marauder": {"Name": "Bandit Marauder", "Loot": ["Lockpick Set", "Gold", "Iron Sword"]}}, "Items": {"Stolen Amulet": {"Name": "Stolen Amulet", "Type": "QuestItem"}}};{"Quest": {"Name": "The Missing Shipment", "Giver": "Lyra Swift", "Actions": ["goto Redhaven", "stealth Bandit Marauder", "take Stolen Amulet", "goto Redhaven", "give Lyra Swift"]}};Lyra Swift's caravan was raided by Bandit Marauders near Redhaven. She needs you to recover a Stolen Amulet, a family heirloom, from their hideout.;Recover stolen item
{"Factions": {"Iron Vanguard": {"Name": "Iron Vanguard", "Relations": [{"Target": "The Crimson Dawn", "Favorability": -4}, {"Target": "Player", "Favorability": 3}, {"Target": "Sylvan Circle", "Favorability": 2}], "Members": ["Thorgrim Ironhand", "Ser Roland Vance", "Matron Helsa", "Grom Stonefist"], "Treasury": {"Iron Ore": 25, "Iron Sword": 4, "Vanguard Shield": 2}}}, "Locations": {"Whispering Caverns": {"Name": "Whispering Caverns", "Enemies": ["Goblin Scavenger", "Shadow Hound"], "Resources": ["Quartz Crystal", "Iron Ore"]}}, "Enemies": {"Goblin Scavenger": {"Name": "Goblin Scavenger", "Loot": ["Iron Ore", "Gold", "Mysterious Key"]}, "Shadow Hound": {"Name": "Shadow Hound", "Loot": ["Quartz Crystal", "Crimson Dagger"]}}};{"Quest": {"Name": "The Culling of the Caves", "Giver": "Iron Vanguard", "Actions": ["goto Whispering Caverns", "kill Goblin Scavenger", "kill Shadow Hound", "goto Iron Vanguard", "report"]}};The Iron Vanguard requests aid in clearing the Whispering Caverns, which have been overrun by Goblin Scavengers and Shadow Hounds, threatening the mine's production.;Kill enemies
{"NPCs": {"Elara Greenhollow": {"Name": "Elara Greenhollow", "Species": "Elf", "HomeLocation": "Oakheart", "CurrentLocation": "Oakheart", "Faction": "Sylvan Circle", "OwnedItems": {"Elven Bread": 3, "Healing Potion": 2}, "Role": "Apothecary", "Relations": [{"Target": "Player", "Favorability": 4}, {"Target": "Sylvan Circle", "Favorability": 5}]}}, "Locations": {"Oakheart": {"Name": "Oakheart", "Enemies": [], "Resources": ["Elven Bread", "Healing Potion"]}, "Mistwood": {"Name": "Mistwood", "Enemies": ["Forest Troll", "Shadow Hound"], "Resources": ["Troll Hide", "Quartz Crystal", "Old Map"]}}, "Enemies": {"Forest Troll": {"Name": "Forest Troll", "Loot": ["Troll Hide", "Gold"]}}};{"Quest": {"Name": "Protect the Grove", "Giver": "Elara Greenhollow", "Actions": ["goto Oakheart", "defend Forest Troll"]}};A Forest Troll has been spotted near the borders of Oakheart. Elara Greenhollow asks you to defend the ancient grove from its rampage while she prepares a warding potion.;Guard entity
{"Factions": {"The Veiled Hand": {"Name": "The Veiled Hand", "Relations": [{"Target": "Iron Vanguard", "Favorability": -2}, {"Target": "Free Traders Consortium", "Favorability": -1}], "Members": ["Corvus Blackthorn"], "Treasury": {"Gold": 300, "Mysterious Key": 1}}}, "NPCs": {"Corvus Blackthorn": {"Name": "Corvus Blackthorn", "Species": "Human", "HomeLocation": "Shadowfen", "CurrentLocation": "Shadowfen", "Faction": "The Veiled Hand", "OwnedItems": {"Crimson Dagger": 1}, "Role": "Beggar", "Relations": [{"Target": "Player", "Favorability": -1}, {"Target": "The Veiled Hand", "Favorability": 4}]}}, "Locations": {"Redhaven": {"Name": "Redhaven", "Enemies": ["Bandit Marauder"], "Resources": ["Iron Sword", "Healing Potion", "Dwarven Ale"]}, "Shadowfen": {"Name": "Shadowfen", "Enemies": ["Cave Spider", "Cult Fanatic"], "Resources": ["Spider Silk", "Stolen Amulet"]}}, "Enemies": {"Bandit Marauder": {"Name": "Bandit Marauder", "Loot": ["Lockpick Set", "Gold", "Iron Sword"]}}, "Items": {"Crimson Dagger": {"Name": "Crimson Dagger", "Type": "Weapon"}}};{"Quest": {"Name": "The Crimson Dagger", "Giver": "The Veiled Hand", "Actions": ["goto Redhaven", "stealth Bandit Marauder", "take Crimson Dagger", "goto Shadowfen", "give Corvus Blackthorn"]}};Corvus Blackthorn of the Veiled Hand wants you to prove your worth by acquiring a Crimson Dagger from a rival faction's stash, currently held by a Bandit Marauder leader in Redhaven.;Steal stuff
{"Factions": {"Sylvan Circle": {"Name": "Sylvan Circle", "Relations": [], "Members": [], "Treasury": {}}}, "Locations": {"Sunken Temple": {"Name": "Sunken Temple", "Enemies": ["Cult Fanatic", "Cave Spider"], "Resources": ["Mysterious Key", "Gold"]}}, "Enemies": {"Cult Fanatic": {"Name": "Cult Fanatic", "Loot": ["Healing Potion", "Stolen Amulet"]}, "Cave Spider": {"Name": "Cave Spider", "Loot": ["Spider Silk", "Quartz Crystal"]}}};{"Quest": {"Name": "The Mad Alchemist", "Giver": "Sylvan Circle", "Actions": ["goto Sunken Temple", "damage Cult Fanatic", "goto Sylvan Circle", "report"]}};A Cult Fanatic in the Sunken Temple has been using forbidden rituals that attract Cave Spiders. The Sylvan Circle wants you to disrupt his experiments by destroying his ritual focus.;Attack threatening entities
{"NPCs": {"Thorgrim Ironhand": {"Name": "Thorgrim Ironhand", "Species": "Dwarf", "HomeLocation": "Ironhold", "CurrentLocation": "Ironhold", "Faction": "Iron Vanguard", "OwnedItems": {"Iron Ore": 10, "Dwarven Ale": 5}, "Role": "Blacksmith", "Relations": [{"Target": "Player", "Favorability": 3}, {"Target": "Iron Vanguard", "Favorability": 5}]}}, "Locations": {"Mistwood": {"Name": "Mistwood", "Enemies": ["Forest Troll", "Shadow Hound"], "Resources": ["Troll Hide", "Quartz Crystal", "Old Map"]}}, "Enemies": {"Forest Troll": {"Name": "Forest Troll", "Loot": ["Troll Hide", "Gold"]}}};{"Quest": {"Name": "Forged in Fire", "Giver": "Thorgrim Ironhand", "Actions": ["goto Mistwood", "damage Forest Troll"]}};Thorgrim Ironhand needs you to test a new blade. He wants you to engage a Forest Troll in Mistwood to see how the steel holds up against tough hide.;Attack enemy
{"NPCs": {"Mira Cloudweaver": {"Name": "Mira Cloudweaver", "Species": "Human", "HomeLocation": "Mistwood", "CurrentLocation": "Mistwood", "Faction": "Sylvan Circle", "OwnedItems": {"Healing Potion": 3}, "Role": "Ranger", "Relations": [{"Target": "Player", "Favorability": 2}]}}, "Locations": {"Shadowfen": {"Name": "Shadowfen", "Enemies": ["Cave Spider", "Cult Fanatic"], "Resources": ["Spider Silk", "Stolen Amulet"]}, "Mistwood": {"Name": "Mistwood", "Enemies": ["Forest Troll", "Shadow Hound"], "Resources": ["Troll Hide", "Quartz Crystal", "Old Map"]}}, "Enemies": {"Cave Spider": {"Name": "Cave Spider", "Loot": ["Spider Silk", "Quartz Crystal"]}}, "Items": {"Spider Silk": {"Name": "Spider Silk", "Type": "Material"}}};{"Quest": {"Name": "Spider Silk for a Spell", "Giver": "Mira Cloudweaver", "Actions": ["goto Shadowfen", "stealth Cave Spider", "take Spider Silk", "goto Mistwood", "give Mira Cloudweaver"]}};Mira Cloudweaver needs rare Spider Silk to repair her cloak. She asks you to gather some from the Cave Spiders in Shadowfen.;Recover stolen item
{"Factions": {"Iron Vanguard": {"Name": "Iron Vanguard", "Relations": [{"Target": "The Crimson Dawn", "Favorability": -4}, {"Target": "Player", "Favorability": 3}, {"Target": "Sylvan Circle", "Favorability": 2}], "Members": ["Thorgrim Ironhand", "Ser Roland Vance", "Matron Helsa", "Grom Stonefist"]}}, "NPCs": {"Ser Roland Vance": {"Name": "Ser Roland Vance", "Species": "Human", "HomeLocation": "Redhaven", "CurrentLocation": "Redhaven", "Faction": "Iron Vanguard", "OwnedItems": {"Iron Sword": 1, "Vanguard Shield": 1}, "Role": "Guard", "Relations": [{"Target": "Player", "Favorability": 3}, {"Target": "Iron Vanguard", "Favorability": 4}]}}, "Locations": {"Redhaven": {"Name": "Redhaven", "Enemies": ["Bandit Marauder"], "Resources": ["Iron Sword", "Healing Potion", "Dwarven Ale"]}}, "Enemies": {"Bandit Marauder": {"Name": "Bandit Marauder", "Loot": ["Lockpick Set", "Gold", "Iron Sword"]}}, "Items": {"Old Map": {"Name": "Old Map", "Type": "QuestItem"}}};{"Quest": {"Name": "The Traitor's Map", "Giver": "Iron Vanguard", "Actions": ["goto Redhaven", "stealth Bandit Marauder", "take Old Map", "goto Redhaven", "give Ser Roland Vance"]}};Ser Roland Vance suspects a spy in Redhaven is selling information to The Crimson Dawn. He wants you to retrieve an Old Map from a corrupt guard's quarters.;Steal stuff
{"NPCs": {"Matron Helsa": {"Name": "Matron Helsa", "Species": "Orc", "HomeLocation": "Ironhold", "CurrentLocation": "Ironhold", "Faction": "Iron Vanguard", "OwnedItems": {"Dwarven Ale": 2}, "Role": "Innkeeper", "Relations": [{"Target": "Player", "Favorability": 2}, {"Target": "Iron Vanguard", "Favorability": 3}]}}, "Locations": {"Mistwood": {"Name": "Mistwood", "Enemies": ["Forest Troll", "Shadow Hound"], "Resources": ["Troll Hide", "Quartz Crystal", "Old Map"]}, "Ironhold": {"Name": "Ironhold", "Enemies": [], "Resources": ["Iron Ore", "Dwarven Ale", "Vanguard Shield"]}}, "Enemies": {"Forest Troll": {"Name": "Forest Troll", "Loot": ["Troll Hide", "Gold"]}}};{"Quest": {"Name": "The Hungry Troll", "Giver": "Matron Helsa", "Actions": ["goto Mistwood", "kill Forest Troll", "goto Ironhold", "report"]}};Matron Helsa's supply caravan was attacked by a Forest Troll on the road to Ironhold. She wants the beast eliminated before it can cause more damage.;Kill enemies
{"NPCs": {"Grom Stonefist": {"Name": "Grom Stonefist", "Species": "Orc", "HomeLocation": "Ironhold", "CurrentLocation": "Ironhold", "Faction": "Iron Vanguard", "OwnedItems": {}, "Role": "Guard", "Relations": [{"Target": "Player", "Favorability": 1}, {"Target": "Iron Vanguard", "Favorability": 3}]}}, "Locations": {"Ironhold": {"Name": "Ironhold", "Enemies": [], "Resources": ["Iron Ore", "Dwarven Ale", "Vanguard Shield"]}, "Whispering Caverns": {"Name": "Whispering Caverns", "Enemies": ["Goblin Scavenger", "Shadow Hound"], "Resources": ["Quartz Crystal", "Iron Ore"]}}, "Enemies": {"Goblin Scavenger": {"Name": "Goblin Scavenger", "Loot": ["Iron Ore", "Gold", "Mysterious Key"]}}};{"Quest": {"Name": "Securing the Perimeter", "Giver": "Grom Stonefist", "Actions": ["goto Ironhold", "defend Goblin Scavenger"]}};Grom Stonefist is on night watch at Ironhold but fears a Goblin Scavenger raid. He asks for your help to guard the eastern gate.;Guard entity
{"NPCs": {"Barnaby Grumble": {"Name": "Barnaby Grumble", "Species": "Gnome", "HomeLocation": "Greywatch", "CurrentLocation": "Greywatch", "Faction": null, "OwnedItems": {"Quartz Crystal": 1}, "Role": "Scholar", "Relations": [{"Target": "Player", "Favorability": 1}, {"Target": "The Veiled Hand", "Favorability": -1}]}}, "Locations": {"Shadowfen": {"Name": "Shadowfen", "Enemies": ["Cave Spider", "Cult Fanatic"], "Resources": ["Spider Silk", "Stolen Amulet"]}, "Greywatch": {"Name": "Greywatch", "Enemies": ["Goblin Scavenger"], "Resources": ["Lockpick Set", "Elven Bread"]}}, "Enemies": {"Cave Spider": {"Name": "Cave Spider", "Loot": ["Spider Silk", "Quartz Crystal"]}}, "Items": {"Quartz Crystal": {"Name": "Quartz Crystal", "Type": "Material"}}};{"Quest": {"Name": "A Scholar's Request", "Giver": "Barnaby Grumble", "Actions": ["goto Shadowfen", "damage Cave Spider", "goto Greywatch", "report"]}};Barnaby Grumble needs a Quartz Crystal from a Cave Spider's lair for his research, but the spider is too dangerous for him to handle alone.;Attack threatening entities
{"NPCs": {"Ivy Mosswood": {"Name": "Ivy Mosswood", "Species": "Lizardfolk", "HomeLocation": "Shadowfen", "CurrentLocation": "Shadowfen", "Faction": null, "OwnedItems": {}, "Role": "Ranger", "Relations": [{"Target": "Player", "Favorability": 0}]}}, "Locations": {"Whispering Caverns": {"Name": "Whispering Caverns", "Enemies": ["Goblin Scavenger", "Shadow Hound"], "Resources": ["Quartz Crystal", "Iron Ore"]}, "Shadowfen": {"Name": "Shadowfen", "Enemies": ["Cave Spider", "Cult Fanatic"], "Resources": ["Spider Silk", "Stolen Amulet"]}}, "Enemies": {"Goblin Scavenger": {"Name": "Goblin Scavenger", "Loot": ["Iron Ore", "Gold", "Mysterious Key"]}}, "Items": {"Mysterious Key": {"Name": "Mysterious Key", "Type": "QuestItem"}}};{"Quest": {"Name": "The Old Key", "Giver": "Ivy Mosswood", "Actions": ["goto Whispering Caverns", "stealth Goblin Scavenger", "take Mysterious Key", "goto Shadowfen", "give Ivy Mosswood"]}};Ivy Mosswood found a locked chest in Shadowfen but lost the Mysterious Key to a group of Goblins. She wants it back.;Recover stolen item
{"Factions": {"Free Traders Consortium": {"Name": "Free Traders Consortium", "Relations": [], "Members": ["Lyra Swift", "Finnian 'Finn' Tealeaf"], "Treasury": {}}}, "Locations": {"Redhaven": {"Name": "Redhaven", "Enemies": ["Bandit Marauder"], "Resources": ["Iron Sword", "Healing Potion", "Dwarven Ale"]}}, "Enemies": {"Bandit Marauder": {"Name": "Bandit Marauder", "Loot": ["Lockpick Set", "Gold", "Iron Sword"]}}};{"Quest": {"Name": "Rival Merchant", "Giver": "Free Traders Consortium", "Actions": ["goto Redhaven", "damage Bandit Marauder"]}};Finnian 'Finn' Tealeaf wants you to sabotage a rival's goods. He asks you to damage the merchandise of a Bandit Marauder posing as a merchant in Redhaven.;Attack enemy
{"Factions": {"The Veiled Hand": {"Name": "The Veiled Hand", "Relations": [{"Target": "Iron Vanguard", "Favorability": -2}, {"Target": "Free Traders Consortium", "Favorability": -1}], "Members": ["Corvus Blackthorn"], "Treasury": {"Gold": 300, "Mysterious Key": 1}}}, "Locations": {"Sunken Temple": {"Name": "Sunken Temple", "Enemies": ["Cult Fanatic", "Cave Spider"], "Resources": ["Mysterious Key", "Gold"]}}, "Enemies": {"Cult Fanatic": {"Name": "Cult Fanatic", "Loot": ["Healing Potion", "Stolen Amulet"]}}};{"Quest": {"Name": "Purge the Temple", "Giver": "The Veiled Hand", "Actions": ["goto Sunken Temple", "kill Cult Fanatic", "goto The Veiled Hand", "report"]}};The Veiled Hand wants the Cult Fanatics cleared out of the Sunken Temple to claim it as a new base of operations.;Kill enemies
{"NPCs": {"Mira Cloudweaver": {"Name": "Mira Cloudweaver", "Species": "Human", "HomeLocation": "Mistwood", "CurrentLocation": "Mistwood", "Faction": "Sylvan Circle", "OwnedItems": {"Healing Potion": 3}, "Role": "Ranger", "Relations": [{"Target": "Player", "Favorability": 2}]}}, "Locations": {"Whispering Caverns": {"Name": "Whispering Caverns", "Enemies": ["Goblin Scavenger", "Shadow Hound"], "Resources": ["Quartz Crystal", "Iron Ore"]}, "Mistwood": {"Name": "Mistwood", "Enemies": ["Forest Troll", "Shadow Hound"], "Resources": ["Troll Hide", "Quartz Crystal", "Old Map"]}}, "Enemies": {"Cave Spider": {"Name": "Cave Spider", "Loot": ["Spider Silk", "Quartz Crystal"]}}};{"Quest": {"Name": "The Spider's Nest", "Giver": "Mira Cloudweaver", "Actions": ["goto Whispering Caverns", "damage Cave Spider", "goto Mistwood", "report"]}};The local hunters report that a massive Cave Spider is driving prey away from the Whispering Caverns. They want it weakened to restore the natural balance.;Attack threatening entities
{"NPCs": {"Thorgrim Ironhand": {"Name": "Thorgrim Ironhand", "Species": "Dwarf", "HomeLocation": "Ironhold", "CurrentLocation": "Ironhold", "Faction": "Iron Vanguard", "OwnedItems": {"Iron Ore": 10, "Dwarven Ale": 5}, "Role": "Blacksmith", "Relations": [{"Target": "Player", "Favorability": 3}, {"Target": "Iron Vanguard", "Favorability": 5}]}}, "Locations": {"Whispering Caverns": {"Name": "Whispering Caverns", "Enemies": ["Goblin Scavenger", "Shadow Hound"], "Resources": ["Quartz Crystal", "Iron Ore"]}, "Ironhold": {"Name": "Ironhold", "Enemies": [], "Resources": ["Iron Ore", "Dwarven Ale", "Vanguard Shield"]}}, "Enemies": {"Goblin Scavenger": {"Name": "Goblin Scavenger", "Loot": ["Iron Ore", "Gold", "Mysterious Key"]}}, "Items": {"Iron Ore": {"Name": "Iron Ore", "Type": "Material"}}};{"Quest": {"Name": "Stolen Ore", "Giver": "Thorgrim Ironhand", "Actions": ["goto Whispering Caverns", "stealth Goblin Scavenger", "take Iron Ore", "goto Ironhold", "give Thorgrim Ironhand"]}};A Goblin Scavenger stole a shipment of high-grade Iron Ore from Thorgrim. He wants it back to complete an order for the Vanguard.;Recover stolen item
{"Factions": {"Sylvan Circle": {"Name": "Sylvan Circle", "Relations": [], "Members": ["Elara Greenhollow", "Mira Cloudweaver"], "Treasury": {}}}, "Locations": {"Mistwood": {"Name": "Mistwood", "Enemies": ["Forest Troll", "Shadow Hound"], "Resources": ["Troll Hide", "Quartz Crystal", "Old Map"]}}, "Enemies": {"Shadow Hound": {"Name": "Shadow Hound", "Loot": ["Quartz Crystal", "Crimson Dagger"]}}};{"Quest": {"Name": "The Howling Menace", "Giver": "Sylvan Circle", "Actions": ["goto Mistwood", "kill Shadow Hound", "goto Sylvan Circle", "report"]}};A pack of Shadow Hounds has been terrorizing the outskirts of Oakheart. The Sylvan Circle wants the alpha eliminated.;Kill enemies
{"Factions": {"Iron Vanguard": {"Name": "Iron Vanguard", "Relations": [{"Target": "The Crimson Dawn", "Favorability": -4}, {"Target": "Player", "Favorability": 3}, {"Target": "Sylvan Circle", "Favorability": 2}], "Members": ["Thorgrim Ironhand", "Ser Roland Vance", "Matron Helsa", "Grom Stonefist"], "Treasury": {"Iron Ore": 25, "Iron Sword": 4, "Vanguard Shield": 2}}}, "NPCs": {"Ser Roland Vance": {"Name": "Ser Roland Vance", "Species": "Human", "HomeLocation": "Redhaven", "CurrentLocation": "Redhaven", "Faction": "Iron Vanguard", "OwnedItems": {"Iron Sword": 1, "Vanguard Shield": 1}, "Role": "Guard", "Relations": [{"Target": "Player", "Favorability": 3}, {"Target": "Iron Vanguard", "Favorability": 4}]}}, "Locations": {"Redhaven": {"Name": "Redhaven", "Enemies": ["Bandit Marauder"], "Resources": ["Iron Sword", "Healing Potion", "Dwarven Ale"]}, "Iron Vanguard": {"Name": "Iron Vanguard", "IsFactionLocation": true}}, "Enemies": {"Bandit Marauder": {"Name": "Bandit Marauder", "Loot": ["Lockpick Set", "Gold", "Iron Sword"]}}, "Items": {"Vanguard Shield": {"Name": "Vanguard Shield", "Type": "Armor"}}};{"Quest": {"Name": "The Vanguard's Shield", "Giver": "Iron Vanguard", "Actions": ["goto Redhaven", "stealth Bandit Marauder", "take Vanguard Shield", "goto Iron Vanguard", "give Ser Roland Vance"]}};A deserter from the Iron Vanguard took a ceremonial Vanguard Shield to sell to The Crimson Dawn. Ser Roland Vance wants it retrieved.;Steal stuff
{"Factions": {"Free Traders Consortium": {"Name": "Free Traders Consortium", "Relations": [], "Members": ["Lyra Swift", "Finnian 'Finn' Tealeaf"], "Treasury": {}}}, "Locations": {"Redhaven": {"Name": "Redhaven", "Enemies": ["Bandit Marauder"], "Resources": ["Iron Sword", "Healing Potion", "Dwarven Ale"]}}, "Enemies": {"Bandit Marauder": {"Name": "Bandit Marauder", "Loot": ["Lockpick Set", "Gold", "Iron Sword"]}}};{"Quest": {"Name": "Protecting the Caravan", "Giver": "Free Traders Consortium", "Actions": ["goto Redhaven", "defend Bandit Marauder"]}};Lyra Swift's next trade caravan is a prime target for Bandit Marauders. She hires you to guard the route to Redhaven.;Guard entity
{"Factions": {"The Veiled Hand": {"Name": "The Veiled Hand", "Relations": [{"Target": "Iron Vanguard", "Favorability": -2}, {"Target": "Free Traders Consortium", "Favorability": -1}], "Members": ["Corvus Blackthorn"], "Treasury": {"Gold": 300, "Mysterious Key": 1}}}, "NPCs": {"Corvus Blackthorn": {"Name": "Corvus Blackthorn", "Species": "Human", "HomeLocation": "Shadowfen", "CurrentLocation": "Shadowfen", "Faction": "The Veiled Hand", "OwnedItems": {"Crimson Dagger": 1}, "Role": "Beggar", "Relations": [{"Target": "Player", "Favorability": -1}, {"Target": "The Veiled Hand", "Favorability": 4}]}}, "Locations": {"Sunken Temple": {"Name": "Sunken Temple", "Enemies": ["Cult Fanatic", "Cave Spider"], "Resources": ["Mysterious Key", "Gold"]}}, "Enemies": {"Cult Fanatic": {"Name": "Cult Fanatic", "Loot": ["Healing Potion", "Stolen Amulet"]}}};{"Quest": {"Name": "A Taste for Revenge", "Giver": "The Veiled Hand", "Actions": ["goto Sunken Temple", "damage Cult Fanatic"]}};Corvus Blackthorn was humiliated by a Cult Fanatic who tricked him. He wants you to damage the fanatic's reputation (and their person) in the Sunken Temple.;Attack enemy
{"NPCs":{"OrinGlimmergold":{"Name":"Orin Glimmergold","Species":"Dwarf","HomeLocation":"Ironhaven","CurrentLocation":"GlimmerdustMine","Faction":"TheIronFist","OwnedItems":{"IronOre":8,"Ruby":1},"Role":"Merchant","Relations":[{"Target":"TheIronFist","Favorability":3}]}},"Locations":{"GlimmerdustMine":{"Name":"Glimmerdust Mine","Enemies":["GoblinScout"],"Resources":["IronOre","Ruby"]},"Ironhaven":{"Name":"Ironhaven","Enemies":[],"Resources":["IronSword","OakShield","DwarvenAle"]}},"Items":{"IronOre":{"Type":"Ingredient"},"Ruby":{"Type":"Valuables"}},"Enemies":{"GoblinScout":{"Name":"Goblin Scout","Loot":["GoblinEar","BreadLoaf"]}}};{"Quest":{"Name":"The Missing Caravan","Giver":"OrinGlimmergold","Actions":["goto GlimmerdustMine","gather IronOre","goto GlimmerdustMine","gather Ruby","goto Ironhaven","give OrinGlimmergold"]}};"Orin Glimmergold's supply caravan was ambushed near Glimmerdust Mine. A shipment of Iron Ore and a rare Ruby were taken by Goblin Scouts. Recover the goods for Orin.";"Recover stolen item"
{"Factions":{"TheVerdantCouncil":{"Name":"The Verdant Council","Relations":[{"Target":"TheIronFist","Favorability":-2},{"Target":"TheCrimsonFang","Favorability":-5},{"Target":"KaelenVane","Favorability":3}],"Members":["ElaraNightwood","LyraStormsong","AldricWhisperwind"]}},"Locations":{"MistfallShrine":{"Name":"Mistfall Shrine","Enemies":["CultFanatic","Wraith"],"Resources":["ManaPotion","MysteriousMap"]}},"Enemies":{"Wraith":{"Name":"Wraith","Loot":["WraithEssence","ManaPotion"]}}};{"Quest":{"Name":"Wraiths in the Shrine","Giver":"TheVerdantCouncil","Actions":["goto MistfallShrine","kill Wraith","kill Wraith","goto TheVerdantCouncil","report"]}};"The Verdant Council reports that Wraiths have overrun Mistfall Shrine, defiling the sacred site. Clear them out so the shrine can be reconsecrated.";"Kill enemies"
{"NPCs":{"MirabelleSweetwater":{"Name":"Mirabelle Sweetwater","Species":"Halfling","HomeLocation":"Ravenwood","CurrentLocation":"Ravenwood","Faction":null,"OwnedItems":{"BreadLoaf":5,"HealthPotion":1},"Role":"Innkeeper","Relations":[{"Target":"KaelenVane","Favorability":4}]}},"Locations":{"Ravenwood":{"Name":"Ravenwood","Enemies":["GoblinScout"],"Resources":["HealingHerb","BreadLoaf"]}},"Factions":{"TheCrimsonFang":{"Name":"The Crimson Fang","Relations":[{"Target":"TheIronFist","Favorability":-4},{"Target":"TheVerdantCouncil","Favorability":-5},{"Target":"KaelenVane","Favorability":-3}],"Members":["GrommashBonecrusher","VexiaDuskwhisper"]}},"Enemies":{"CrimsonFangAssassin":{"Name":"Crimson Fang Assassin","Loot":["Lockpick","ThievesTools","SilverNecklace"]}}};{"Quest":{"Name":"The Crimson Fang Assassin","Giver":"MirabelleSweetwater","Actions":["goto Ravenwood","defend MirabelleSweetwater"]}};"A Crimson Fang Assassin has been spotted near Ravenwood. Mirabelle Sweetwater fears for her life after the previous attack. Guard her until the threat is neutralized.";"Guard entity"
{"NPCs":{"ElaraNightwood":{"Name":"Elara Nightwood","Species":"Elf","HomeLocation":"Ravenwood","CurrentLocation":"SilverpineForest","Faction":"TheVerdantCouncil","OwnedItems":{"HealingHerb":3,"ElvenBread":2},"Role":"Ranger","Relations":[{"Target":"KaelenVane","Favorability":3},{"Target":"TheVerdantCouncil","Favorability":4}]}},"Locations":{"SilverpineForest":{"Name":"Silverpine Forest","Enemies":["GoblinScout","ForestBear"],"Resources":["HealingHerb","ElvenBread"]}},"Enemies":{"ForestBear":{"Name":"Forest Bear","Loot":["HealingHerb","IronOre"]}},"Factions":{"TheVerdantCouncil":{"Name":"The Verdant Council","Relations":[{"Target":"KaelenVane","Favorability":3}]}}};{"Quest":{"Name":"Corrupted Grove","Giver":"ElaraNightwood","Actions":["goto SilverpineForest","damage ForestBear","goto SilverpineForest","report ElaraNightwood"]}};"A Forest Bear corrupted by dark magic is attacking travelers in Silverpine Forest. Elara Nightwood wants you to weaken it so she can administer a purifying antidote.";"Attack threatening entities"
{"NPCs":{"BramIronfoot":{"Name":"Bram Ironfoot","Species":"Dwarf","HomeLocation":"Ironhaven","CurrentLocation":"Ironhaven","Faction":"TheIronFist","OwnedItems":{"ForgedSteel":2},"Role":"GuardCaptain","Relations":[{"Target":"KaelenVane","Favorability":0},{"Target":"TheIronFist","Favorability":4}]}},"Factions":{"TheIronFist":{"Name":"The Iron Fist","Relations":[{"Target":"KaelenVane","Favorability":1}],"Members":["ThorinOakenshield","OrinGlimmergold","BramIronfoot"]},"TheCrimsonFang":{"Name":"The Crimson Fang","Members":["GrommashBonecrusher","VexiaDuskwhisper"]}},"Locations":{"TheHowlingPeaks":{"Name":"The Howling Peaks","Enemies":["Wraith","ForestBear"],"Resources":["WraithEssence"]},"Ironhaven":{"Name":"Ironhaven","Enemies":[],"Resources":["IronSword","OakShield","DwarvenAle"]}},"Enemies":{"CrimsonFangAssassin":{"Name":"Crimson Fang Assassin","Loot":["Lockpick","ThievesTools","SilverNecklace"]}},"Items":{"MysteriousMap":{"Type":"QuestItem"}}};{"Quest":{"Name":"The Iron Fist's Stolen Plans","Giver":"BramIronfoot","Actions":["goto TheHowlingPeaks","stealth CrimsonFangAssassin","take MysteriousMap","goto Ironhaven","give BramIronfoot"]}};"A Crimson Fang spy has stolen battle plans from The Iron Fist and is holed up in The Howling Peaks. Bram Ironfoot wants you to retrieve the plans.";"Steal stuff"
{"NPCs":{"GarrettHawke":{"Name":"Garrett Hawke","Species":"Human","HomeLocation":"Ironhaven","CurrentLocation":"TheSunkenCellar","Faction":null,"OwnedItems":{"Lockpick":2,"ThievesTools":1},"Role":"Rogue","Relations":[{"Target":"KaelenVane","Favorability":1},{"Target":"TheCrimsonFang","Favorability":-3}]}},"Locations":{"TheSunkenCellar":{"Name":"The Sunken Cellar","Enemies":["GiantSpider"],"Resources":["Lockpick","SilverNecklace"]}},"Enemies":{"GiantSpider":{"Name":"Giant Spider","Loot":["SpiderVenom","HealingHerb"]}}};{"Quest":{"Name":"The Sunken Cellar Spiders","Giver":"GarrettHawke","Actions":["goto TheSunkenCellar","kill GiantSpider","kill GiantSpider","goto TheSunkenCellar","report GarrettHawke"]}};"Garrett Hawke needs the Giant Spiders in The Sunken Cellar cleared out so he can access a hidden vault. He promises a share of the loot.";"Kill enemies"
{"NPCs":{"LyraStormsong":{"Name":"Lyra Stormsong","Species":"Elf","HomeLocation":"SilverpineForest","CurrentLocation":"SilverpineForest","Faction":"TheVerdantCouncil","OwnedItems":{"HealingHerb":5},"Role":"Apothecary","Relations":[{"Target":"KaelenVane","Favorability":2},{"Target":"TheVerdantCouncil","Favorability":4}]}},"Locations":{"SilverpineForest":{"Name":"Silverpine Forest","Enemies":["GoblinScout","ForestBear"],"Resources":["HealingHerb","ElvenBread"]}},"Items":{"HealingHerb":{"Type":"Ingredient"}}};{"Quest":{"Name":"Rare Herbs for Lyra","Giver":"LyraStormsong","Actions":["goto SilverpineForest","gather HealingHerb","goto SilverpineForest","gather HealingHerb","goto SilverpineForest","give LyraStormsong"]}};"A Goblin Scout raid stole Lyra Stormsong's supply of rare Healing Herbs. Recover them from the goblins near Silverpine Forest.";"Recover stolen item"
{"NPCs":{"SeraphinaCinders":{"Name":"Seraphina Cinders","Species":"Human","HomeLocation":"Ironhaven","CurrentLocation":"MistfallShrine","Faction":null,"OwnedItems":{"ManaPotion":2,"EnchantedQuill":1},"Role":"Mage","Relations":[{"Target":"KaelenVane","Favorability":2}]}},"Locations":{"MistfallShrine":{"Name":"Mistfall Shrine","Enemies":["CultFanatic","Wraith"],"Resources":["ManaPotion","MysteriousMap"]}},"Enemies":{"CultFanatic":{"Name":"Cult Fanatic","Loot":["CultistRobe","HealthPotion"]}}};{"Quest":{"Name":"Cultist Activity at Mistfall","Giver":"SeraphinaCinders","Actions":["goto MistfallShrine","damage CultFanatic","goto MistfallShrine","report SeraphinaCinders"]}};"Seraphina Cinders has detected dark rituals at Mistfall Shrine. A Cult Fanatic is attempting to summon more Wraiths. Disrupt the ritual by weakening the cultist.";"Attack enemy"
{"NPCs":{"GrommashBonecrusher":{"Name":"Grommash Bonecrusher","Species":"Orc","HomeLocation":"CrimsonFangCamp","CurrentLocation":"CrimsonFangCamp","Faction":"TheCrimsonFang","OwnedItems":{"IronSword":1},"Role":"Mercenary","Relations":[{"Target":"KaelenVane","Favorability":-2},{"Target":"TheCrimsonFang","Favorability":3}]},"BramIronfoot":{"Name":"Bram Ironfoot","Species":"Dwarf","HomeLocation":"Ironhaven","CurrentLocation":"Ironhaven","Faction":"TheIronFist","OwnedItems":{"ForgedSteel":2},"Role":"GuardCaptain"}},"Factions":{"TheIronFist":{"Name":"The Iron Fist","Treasury":{"IronOre":20,"ForgedSteel":5,"DwarvenAle":10}},"TheCrimsonFang":{"Name":"The Crimson Fang","Relations":[{"Target":"KaelenVane","Favorability":-3}]}},"Locations":{"Ironhaven":{"Name":"Ironhaven","Enemies":[],"Resources":["IronSword","OakShield","DwarvenAle"]},"CrimsonFangCamp":{"Name":"Crimson Fang Camp","Enemies":["CrimsonFangAssassin","CultFanatic"],"Resources":[]}},"Items":{"ForgedSteel":{"Type":"Ingredient"}}};{"Quest":{"Name":"The Iron Fist's Treasury","Giver":"GrommashBonecrusher","Actions":["goto Ironhaven","stealth BramIronfoot","take ForgedSteel","goto CrimsonFangCamp","give GrommashBonecrusher"]}};"The Crimson Fang wants to weaken The Iron Fist's economy. Grommash Bonecrusher wants you to steal valuable Forged Steel from their treasury in Ironhaven.";"Steal stuff"
{"Factions":{"TheVerdantCouncil":{"Name":"The Verdant Council","Relations":[{"Target":"KaelenVane","Favorability":3}],"Members":["ElaraNightwood","LyraStormsong","AldricWhisperwind"]}},"Locations":{"TheHowlingPeaks":{"Name":"The Howling Peaks","Enemies":["Wraith","ForestBear"],"Resources":["WraithEssence"]}},"Enemies":{"Wraith":{"Name":"Wraith","Loot":["WraithEssence","ManaPotion"]}}};{"Quest":{"Name":"The Howling Peaks Menace","Giver":"TheVerdantCouncil","Actions":["goto TheHowlingPeaks","damage Wraith","goto TheVerdantCouncil","report"]}};"A powerful Wraith is terrorizing travelers near The Howling Peaks. The Verdant Council wants you to weaken it so their mages can bind it permanently.";"Attack threatening entities"
{"NPCs":{"FinnianTallow":{"Name":"Finnian Tallow","Species":"Human","HomeLocation":"Ravenwood","CurrentLocation":"Ravenwood","Faction":null,"OwnedItems":{},"Role":"Merchant","Relations":[{"Target":"KaelenVane","Favorability":1}]}},"Locations":{"Ravenwood":{"Name":"Ravenwood","Enemies":["GoblinScout"],"Resources":["HealingHerb","BreadLoaf"]}},"Items":{"Lockpick":{"Type":"Tool"}}};{"Quest":{"Name":"Finnian's Locked Chest","Giver":"FinnianTallow","Actions":["goto Ravenwood","gather Lockpick","goto Ravenwood","give FinnianTallow"]}};"Finnian Tallow lost his prized Lockpick set when a Goblin Scout snatched it. Retrieve it from the goblin's stash near Ravenwood.";"Recover stolen item"
{"Factions":{"TheIronFist":{"Name":"The Iron Fist","Relations":[{"Target":"TheVerdantCouncil","Favorability":-2},{"Target":"TheCrimsonFang","Favorability":-4}],"Members":["ThorinOakenshield","OrinGlimmergold","BramIronfoot"]},"TheCrimsonFang":{"Name":"The Crimson Fang","Relations":[{"Target":"TheIronFist","Favorability":-4}],"Members":["GrommashBonecrusher","VexiaDuskwhisper"]}},"NPCs":{"GrommashBonecrusher":{"Name":"Grommash Bonecrusher","Species":"Orc","HomeLocation":"CrimsonFangCamp","CurrentLocation":"CrimsonFangCamp","Faction":"TheCrimsonFang","Role":"Mercenary"}},"Locations":{"CrimsonFangCamp":{"Name":"Crimson Fang Camp","Enemies":["CrimsonFangAssassin","CultFanatic"],"Resources":[]},"Ironhaven":{"Name":"Ironhaven","Enemies":[],"Resources":["IronSword","OakShield","DwarvenAle"]}}};{"Quest":{"Name":"Assassination Contract","Giver":"TheIronFist","Actions":["goto CrimsonFangCamp","kill GrommashBonecrusher","goto Ironhaven","report"]}};"The Iron Fist has a contract on Grommash Bonecrusher, a key operative of The Crimson Fang. Eliminate him to weaken their military strength.";"Kill enemies"
{"NPCs":{"LyraStormsong":{"Name":"Lyra Stormsong","Species":"Elf","HomeLocation":"SilverpineForest","CurrentLocation":"SilverpineForest","Faction":"TheVerdantCouncil","Role":"Apothecary","Relations":[{"Target":"KaelenVane","Favorability":2}]}},"Locations":{"GlimmerdustMine":{"Name":"Glimmerdust Mine","Enemies":["GoblinScout"],"Resources":["IronOre","Ruby"]},"SilverpineForest":{"Name":"Silverpine Forest","Enemies":["GoblinScout","ForestBear"],"Resources":["HealingHerb","ElvenBread"]}},"Items":{"SpiderVenom":{"Type":"Ingredient"}},"Enemies":{"GiantSpider":{"Name":"Giant Spider","Loot":["SpiderVenom","HealingHerb"]}}};{"Quest":{"Name":"Spider Venom for Lyra","Giver":"LyraStormsong","Actions":["goto GlimmerdustMine","gather SpiderVenom","goto SilverpineForest","give LyraStormsong"]}};"Lyra Stormsong needs Spider Venom for an antidote, but her last batch was stolen by Goblins who took it to Glimmerdust Mine.";"Recover stolen item"
{"NPCs":{"MirabelleSweetwater":{"Name":"Mirabelle Sweetwater","Species":"Halfling","HomeLocation":"Ravenwood","CurrentLocation":"Ravenwood","Faction":null,"Role":"Innkeeper","Relations":[{"Target":"KaelenVane","Favorability":4}]}},"Locations":{"Ravenwood":{"Name":"Ravenwood","Enemies":["GoblinScout"],"Resources":["HealingHerb","BreadLoaf"]}}};{"Quest":{"Name":"Guard the Inn","Giver":"MirabelleSweetwater","Actions":["goto Ravenwood","defend MirabelleSweetwater"]}};"With the recent Crimson Fang activity, Mirabelle Sweetwater fears another attack on her inn. Stand guard and protect her establishment.";"Guard entity"
{"NPCs":{"AldricWhisperwind":{"Name":"Aldric Whisperwind","Species":"Elf","HomeLocation":"SilverpineForest","CurrentLocation":"MistfallShrine","Faction":"TheVerdantCouncil","OwnedItems":{"MysteriousMap":1},"Role":"Mage","Relations":[{"Target":"KaelenVane","Favorability":1}]}},"Locations":{"TheHowlingPeaks":{"Name":"The Howling Peaks","Enemies":["Wraith","ForestBear"],"Resources":["WraithEssence"]}},"Enemies":{"Wraith":{"Name":"Wraith","Loot":["WraithEssence","ManaPotion"]}},"Factions":{"TheVerdantCouncil":{"Name":"The Verdant Council","Members":["ElaraNightwood","LyraStormsong","AldricWhisperwind"]}}};{"Quest":{"Name":"The Wraith Essence","Giver":"AldricWhisperwind","Actions":["goto TheHowlingPeaks","damage Wraith","goto TheHowlingPeaks","report AldricWhisperwind"]}};"Aldric Whisperwind needs Wraith Essence for a spell, but the Wraiths at The Howling Peaks are too powerful for him to face alone. Weaken one so he can collect the essence.";"Attack enemy"
{"NPCs":{"OrinGlimmergold":{"Name":"Orin Glimmergold","Species":"Dwarf","HomeLocation":"Ironhaven","CurrentLocation":"GlimmerdustMine","Faction":"TheIronFist","OwnedItems":{"IronOre":8,"Ruby":1},"Role":"Merchant","Relations":[{"Target":"TheIronFist","Favorability":3}]}},"Locations":{"TheSunkenCellar":{"Name":"The Sunken Cellar","Enemies":["GiantSpider"],"Resources":["Lockpick","SilverNecklace"]},"Ironhaven":{"Name":"Ironhaven","Enemies":[],"Resources":["IronSword","OakShield","DwarvenAle"]}},"Enemies":{"GoblinScout":{"Name":"Goblin Scout","Loot":["GoblinEar","BreadLoaf"]}},"Items":{"Ruby":{"Type":"Valuables"}}};{"Quest":{"Name":"Stolen Ruby","Giver":"OrinGlimmergold","Actions":["goto TheSunkenCellar","stealth GoblinScout","take Ruby","goto Ironhaven","give OrinGlimmergold"]}};"Orin Glimmergold's prized Ruby was taken by a Goblin Scout who fled to The Sunken Cellar. Retrieve it for him.";"Steal stuff"
{"Factions":{"TheVerdantCouncil":{"Name":"The Verdant Council","Relations":[{"Target":"TheCrimsonFang","Favorability":-5}],"Members":["ElaraNightwood","LyraStormsong","AldricWhisperwind"]},"TheCrimsonFang":{"Name":"The Crimson Fang","Relations":[{"Target":"TheVerdantCouncil","Favorability":-5}],"Members":["GrommashBonecrusher","VexiaDuskwhisper"]}},"NPCs":{"VexiaDuskwhisper":{"Name":"Vexia Duskwhisper","Species":"Human","HomeLocation":"CrimsonFangCamp","CurrentLocation":"TheHowlingPeaks","Faction":"TheCrimsonFang","OwnedItems":{"CultistRobe":1,"SpiderVenom":1},"Role":"Cultist","Relations":[{"Target":"TheCrimsonFang","Favorability":4}]}},"Locations":{"TheHowlingPeaks":{"Name":"The Howling Peaks","Enemies":["Wraith","ForestBear"],"Resources":["WraithEssence"]}}};{"Quest":{"Name":"The Cultist Hideout","Giver":"TheVerdantCouncil","Actions":["goto TheHowlingPeaks","kill VexiaDuskwhisper","goto TheVerdantCouncil","report"]}};"Vexia Duskwhisper has been running a cult operation from The Howling Peaks. The Verdant Council wants her eliminated to disrupt The Crimson Fang's influence.";"Kill enemies"
{"NPCs":{"ThorinOakenshield":{"Name":"Thorin Oakenshield","Species":"Dwarf","HomeLocation":"Ironhaven","CurrentLocation":"Ironhaven","Faction":"TheIronFist","OwnedItems":{"IronSword":1,"DwarvenAle":3},"Role":"Blacksmith","Relations":[{"Target":"KaelenVane","Favorability":2},{"Target":"TheIronFist","Favorability":4}]}},"Locations":{"GlimmerdustMine":{"Name":"Glimmerdust Mine","Enemies":["GoblinScout"],"Resources":["IronOre","Ruby"]}},"Factions":{"TheIronFist":{"Name":"The Iron Fist","Members":["ThorinOakenshield","OrinGlimmergold","BramIronfoot"]}},"Enemies":{"GoblinScout":{"Name":"Goblin Scout","Loot":["GoblinEar","BreadLoaf"]}}};{"Quest":{"Name":"Reinforcements for the Mine","Giver":"ThorinOakenshield","Actions":["goto GlimmerdustMine","defend ThorinOakenshield"]}};"Glimmerdust Mine is under frequent Goblin attacks. Thorin Oakenshield needs someone to guard the mine entrance while workers extract Iron Ore.";"Guard entity"
{"NPCs":{"ElaraNightwood":{"Name":"Elara Nightwood","Species":"Elf","HomeLocation":"Ravenwood","CurrentLocation":"SilverpineForest","Faction":"TheVerdantCouncil","Role":"Ranger","Relations":[{"Target":"KaelenVane","Favorability":3}]}},"Locations":{"SilverpineForest":{"Name":"Silverpine Forest","Enemies":["GoblinScout","ForestBear"],"Resources":["HealingHerb","ElvenBread"]}},"Enemies":{"ForestBear":{"Name":"Forest Bear","Loot":["HealingHerb","IronOre"]}},"Factions":{"TheVerdantCouncil":{"Name":"The Verdant Council","Members":["ElaraNightwood","LyraStormsong","AldricWhisperwind"]}}};{"Quest":{"Name":"The Bear's Lair","Giver":"ElaraNightwood","Actions":["goto SilverpineForest","damage ForestBear","goto SilverpineForest","report ElaraNightwood"]}};"A Forest Bear has made its lair near a key Verdant Council supply route. Elara Nightwood needs you to drive it off by weakening it.";"Attack threatening entities"
{"NPCs":{"BramIronfoot":{"Name":"Bram Ironfoot","Species":"Dwarf","HomeLocation":"Ironhaven","CurrentLocation":"Ironhaven","Faction":"TheIronFist","OwnedItems":{"ForgedSteel":2},"Role":"GuardCaptain","Relations":[{"Target":"KaelenVane","Favorability":0},{"Target":"TheIronFist","Favorability":4}]}},"Factions":{"TheIronFist":{"Name":"The Iron Fist","Treasury":{"IronOre":20,"ForgedSteel":5,"DwarvenAle":10},"Members":["ThorinOakenshield","OrinGlimmergold","BramIronfoot"]},"TheCrimsonFang":{"Name":"The Crimson Fang","Relations":[{"Target":"TheIronFist","Favorability":-4}]}},"Locations":{"GlimmerdustMine":{"Name":"Glimmerdust Mine","Enemies":["GoblinScout"],"Resources":["IronOre","Ruby"]},"Ironhaven":{"Name":"Ironhaven","Enemies":[],"Resources":["IronSword","OakShield","DwarvenAle"]}},"Items":{"ForgedSteel":{"Type":"Ingredient"}},"Enemies":{"GoblinScout":{"Name":"Goblin Scout","Loot":["GoblinEar","BreadLoaf"]}}};{"Quest":{"Name":"Forged Steel Delivery","Giver":"BramIronfoot","Actions":["goto GlimmerdustMine","defend BramIronfoot","goto Ironhaven","report BramIronfoot"]}};"A shipment of Forged Steel from Glimmerdust Mine to Ironhaven is at risk of being stolen by The Crimson Fang. Bram Ironfoot wants you to escort the shipment.";"Guard entity"
{"NPCs":{"Elara":{"Name":"Elara","Species":"Elf","HomeLocation":"Havenwood","CurrentLocation":"Havenwood","Faction":"The Veilguard","OwnedItems":{"Healing Potion":2,"Mysterious Key":1},"Role":"Alchemist","Relations":[{"Target":"Player","Favorability":2},{"Target":"The Veilguard","Favorability":4}],"NPCLog":[{"Originator":"Elara","Type":"RecoverStolenItem","Target":["Mysterious Key"],"For":"Player","Received":{"Gold Coin":50},"Favorability":1}]},"Vex":{"Name":"Vex","Species":"Elf","HomeLocation":"Mistwood Forest","CurrentLocation":"Mistwood Forest","Faction":"Crimson Talon","OwnedItems":{"Venom Gland":2},"Role":"Thief","Relations":[{"Target":"Player","Favorability":-1}],"NPCLog":[]}},"Locations":{"Mistwood Forest":{"Name":"Mistwood Forest","Enemies":["Goblin Scrapper","Shadow Hound"],"Resources":["Dragonwort Herb","Venom Gland"]},"Havenwood":{"Name":"Havenwood","Enemies":[],"Resources":["Dragonwort Herb","Healing Potion"]}}};{"Quest":{"Name":"The Alchemist's Stolen Key","Giver":"Elara","Actions":["goto Mistwood Forest","stealth Vex","take Mysterious Key","goto Havenwood","give Elara Mysterious Key"]}};"Elara's Mysterious Key was taken by Vex of the Crimson Talon. She needs it back to access her rare ingredient储藏室. Retrieve the key and return it to her.";"Recover stolen item"
{"Factions":{"Iron Legion":{"Name":"Iron Legion","Relations":[{"Target":"The Veilguard","Favorability":2},{"Target":"Crimson Talon","Favorability":-4}],"Members":["Thorin","Cedric","Brom"],"Treasury":{"Gold Coin":1200,"Iron Ingot":10},"FactionLog":[{"Originator":"Iron Legion","Type":"GuardEntity","Target":["Sunstone Citadel"],"For":"Iron Legion","Received":null,"Favorability":0}]}},"Locations":{"Ironhold":{"Name":"Ironhold","Enemies":[],"Resources":["Iron Ingot","Steel Shield"]},"Sunstone Citadel":{"Name":"Sunstone Citadel","Enemies":["Bandit Marauder","Cult Fanatic"],"Resources":["Gold Coin","Mana Potion"]}},"Enemies":{"Bandit Marauder":{"Name":"Bandit Marauder","Loot":["Gold Coin","Lockpick"]}}};{"Quest":{"Name":"The Ironhold Sabotage","Giver":"Iron Legion","Actions":["goto Ironhold","damage Bandit Marauder","damage Bandit Marauder","goto Iron Legion","report"]}};"The Iron Legion reports that Crimson Talon thieves are raiding their supply caravan near Ironhold. Weaken the thieves so the Legion can secure the route.";"Attack threatening entities"
{"NPCs":{"Cedric":{"Name":"Cedric","Species":"Human","HomeLocation":"Sunstone Citadel","CurrentLocation":"Sunstone Citadel","Faction":"Iron Legion","OwnedItems":{"Steel Shield":1},"Role":"GuardCaptain","Relations":[{"Target":"Player","Favorability":2}],"NPCLog":[]}},"Locations":{"Sunstone Citadel":{"Name":"Sunstone Citadel","Enemies":["Bandit Marauder","Cult Fanatic"],"Resources":["Gold Coin","Mana Potion"]}}};{"Quest":{"Name":"Guarding the Sunstone Citadel","Giver":"Cedric","Actions":["goto Sunstone Citadel","defend Sunstone Citadel"]}};"Cedric has requested aid in guarding Sunstone Citadel against a potential Cult Fanatic attack. Hold the line and prevent any breaches.";"Guard entity"
{"NPCs":{"Orin":{"Name":"Orin","Species":"Lizardfolk","HomeLocation":"The Drowned Crypt","CurrentLocation":"The Drowned Crypt","Faction":null,"OwnedItems":{},"Role":"Ranger","Relations":[{"Target":"Player","Favorability":0}],"NPCLog":[]}},"Locations":{"The Drowned Crypt":{"Name":"The Drowned Crypt","Enemies":["Wraith","Stone Golem"],"Resources":["Ancient Tablet","Mysterious Key"]}},"Enemies":{"Wraith":{"Name":"Wraith","Loot":["Mana Potion"]}}};{"Quest":{"Name":"Eliminate the Wraith Menace","Giver":"Orin","Actions":["goto The Drowned Crypt","kill Wraith","goto Orin","report"]}};"The Drowned Crypt has become overrun with a Wraith that is scaring away travelers. Orin wants it eliminated to restore safe passage.";"Kill enemies"
{"NPCs":{"Thorin":{"Name":"Thorin","Species":"Dwarf","HomeLocation":"Ironhold","CurrentLocation":"Ironhold","Faction":"Iron Legion","OwnedItems":{"Iron Sword":1,"Iron Ingot":3},"Role":"Blacksmith","Relations":[{"Target":"Player","Favorability":3},{"Target":"Iron Legion","Favorability":5}],"NPCLog":[]},"Grom":{"Name":"Grom","Species":"Orc","HomeLocation":"Frostfang Pass","CurrentLocation":"Mistwood Forest","Faction":"Crimson Talon","OwnedItems":{"Gold Coin":20,"Venom Gland":1},"Role":"Thief","Relations":[{"Target":"Player","Favorability":-2}],"NPCLog":[{"Originator":"Player","Type":"AttackEnemy","Target":["Grom"],"For":"Player","Received":null,"Favorability":-2}]}},"Locations":{"Mistwood Forest":{"Name":"Mistwood Forest","Enemies":["Goblin Scrapper","Shadow Hound"],"Resources":["Dragonwort Herb","Venom Gland"]},"Ironhold":{"Name":"Ironhold","Enemies":[],"Resources":["Iron Ingot","Steel Shield"]}}};{"Quest":{"Name":"The Venom Gland Heist","Giver":"Thorin","Actions":["goto Mistwood Forest","stealth Grom","take Venom Gland","take Venom Gland","goto Ironhold","give Thorin Venom Gland"]}};"Grom has been hoarding Venom Glands that Thorin needs for a special alloy. Steal the glands and deliver them to Thorin.";"Steal stuff"
{"NPCs":{"Morwen":{"Name":"Morwen","Species":"Gnome","HomeLocation":"Emberflow Cavern","CurrentLocation":"Emberflow Cavern","Faction":"The Hollowed Circle","OwnedItems":{"Mana Potion":3},"Role":"Mage","Relations":[{"Target":"Player","Favorability":0}],"NPCLog":[]}},"Factions":{"The Hollowed Circle":{"Name":"The Hollowed Circle","Relations":[{"Target":"Player","Favorability":0}],"Members":["Morwen"],"Treasury":{"Mana Potion":8,"Dragonwort Herb":4},"FactionLog":[]}},"Locations":{"The Drowned Crypt":{"Name":"The Drowned Crypt","Enemies":["Wraith","Stone Golem"],"Resources":["Ancient Tablet","Mysterious Key"]}},"Enemies":{"Stone Golem":{"Name":"Stone Golem","Loot":["Iron Ingot","Ancient Tablet"]}}};{"Quest":{"Name":"The Hollowed Circle's Request","Giver":"Morwen","Actions":["goto The Drowned Crypt","damage Stone Golem"]}};"Morwen needs a Stone Golem core for her research. Attack the Stone Golem in The Drowned Crypt and retrieve its core.";"Attack enemy"
{"NPCs":{"Sera":{"Name":"Sera","Species":"Tiefling","HomeLocation":"Havenwood","CurrentLocation":"Havenwood","Faction":"The Veilguard","OwnedItems":{},"Role":"Scholar","Relations":[{"Target":"Player","Favorability":1}],"NPCLog":[]}},"Locations":{"Sunstone Citadel":{"Name":"Sunstone Citadel","Enemies":["Bandit Marauder","Cult Fanatic"],"Resources":["Gold Coin","Mana Potion"]},"Havenwood":{"Name":"Havenwood","Enemies":[],"Resources":["Dragonwort Herb","Healing Potion"]}},"Enemies":{"Cult Fanatic":{"Name":"Cult Fanatic","Loot":["Cultist Robe","Mysterious Key"]}}};{"Quest":{"Name":"Reclaim the Ancient Tablet","Giver":"Sera","Actions":["goto Sunstone Citadel","kill Cult Fanatic","take Ancient Tablet","goto Havenwood","give Sera Ancient Tablet"]}};"Sera's Ancient Tablet, taken by a Cult Fanatic, is needed to decipher an old prophecy. Recover it and return it to her.";"Recover stolen item"
{"Factions":{"The Veilguard":{"Name":"The Veilguard","Relations":[{"Target":"Iron Legion","Favorability":2},{"Target":"Crimson Talon","Favorability":-3}],"Members":["Elara","Lyra","Sera"],"Treasury":{"Gold Coin":500,"Healing Potion":5},"FactionLog":[{"Originator":"The Veilguard","Type":"Alliance","Target":["Iron Legion"],"For":"The Veilguard","Received":null,"Favorability":2}]}},"Locations":{"Mistwood Forest":{"Name":"Mistwood Forest","Enemies":["Goblin Scrapper","Shadow Hound"],"Resources":["Dragonwort Herb","Venom Gland"]}},"Enemies":{"Goblin Scrapper":{"Name":"Goblin Scrapper","Loot":["Goblin Ear","Gold Coin"]}}};{"Quest":{"Name":"The Mistwood Purge","Giver":"The Veilguard","Actions":["goto Mistwood Forest","kill Goblin Scrapper","kill Goblin Scrapper","goto The Veilguard","report"]}};"The Veilguard has reported an increase in Goblin Scrappers near Havenwood. Clear the forest to protect the trade route.";"Kill enemies"
{"NPCs":{"Lyra":{"Name":"Lyra","Species":"Human","HomeLocation":"Sunstone Citadel","CurrentLocation":"Sunstone Citadel","Faction":"The Veilguard","OwnedItems":{"Leather Armor":1},"Role":"Ranger","Relations":[{"Target":"Player","Favorability":4}],"NPCLog":[]},"Vex":{"Name":"Vex","Species":"Elf","HomeLocation":"Mistwood Forest","CurrentLocation":"Mistwood Forest","Faction":"Crimson Talon","OwnedItems":{"Venom Gland":2},"Role":"Thief","Relations":[{"Target":"Player","Favorability":-1}],"NPCLog":[]}},"Locations":{"Mistwood Forest":{"Name":"Mistwood Forest","Enemies":["Goblin Scrapper","Shadow Hound"],"Resources":["Dragonwort Herb","Venom Gland"]},"Havenwood":{"Name":"Havenwood","Enemies":[],"Resources":["Dragonwort Herb","Healing Potion"]}}};{"Quest":{"Name":"The Crimson Talon's Ledger","Giver":"Lyra","Actions":["goto Mistwood Forest","stealth Vex","take Gold Coin","goto Havenwood","give Lyra Gold Coin"]}};"Lyra discovered that the Crimson Talon has a ledger detailing their operations. Steal it from Vex so The Veilguard can anticipate their moves.";"Steal stuff"
{"NPCs":{"Finnegan":{"Name":"Finnegan","Species":"Halfling","HomeLocation":"Glimmerdale","CurrentLocation":"Glimmerdale","Faction":null,"OwnedItems":{"Lockpick":5},"Role":"Merchant","Relations":[{"Target":"Player","Favorability":1}],"NPCLog":[]}},"Locations":{"Mistwood Forest":{"Name":"Mistwood Forest","Enemies":["Goblin Scrapper","Shadow Hound"],"Resources":["Dragonwort Herb","Venom Gland"]},"Glimmerdale":{"Name":"Glimmerdale","Enemies":[],"Resources":[]}},"Enemies":{"Goblin Scrapper":{"Name":"Goblin Scrapper","Loot":["Goblin Ear","Gold Coin"]}}};{"Quest":{"Name":"The Lockpick Shortage","Giver":"Finnegan","Actions":["goto Mistwood Forest","kill Goblin Scrapper","take Lockpick","goto Glimmerdale","give Finnegan Lockpick"]}};"Finnegan's special lockpicks were taken by a Goblin Scrapper in Mistwood Forest. Recover them so he can restock his shop.";"Recover stolen item"
{"Factions":{"Iron Legion":{"Name":"Iron Legion","Relations":[{"Target":"The Veilguard","Favorability":2},{"Target":"Crimson Talon","Favorability":-4}],"Members":["Thorin","Cedric","Brom"],"Treasury":{"Gold Coin":1200,"Iron Ingot":10},"FactionLog":[{"Originator":"Iron Legion","Type":"GuardEntity","Target":["Sunstone Citadel"],"For":"Iron Legion","Received":null,"Favorability":0}]}},"Locations":{"Ironhold":{"Name":"Ironhold","Enemies":[],"Resources":["Iron Ingot","Steel Shield"]}}};{"Quest":{"Name":"Defend the Ironhold Gates","Giver":"Iron Legion","Actions":["goto Ironhold","defend Ironhold"]}};"The Iron Legion anticipates a raid from the Crimson Talon. Help defend the Ironhold gates from infiltrators.";"Guard entity"
{"NPCs":{"Brom":{"Name":"Brom","Species":"Human","HomeLocation":"Ironhold","CurrentLocation":"Ironhold","Faction":"Iron Legion","OwnedItems":{"Gold Coin":10},"Role":"Farmer","Relations":[{"Target":"Player","Favorability":1}],"NPCLog":[]}},"Locations":{"Mistwood Forest":{"Name":"Mistwood Forest","Enemies":["Goblin Scrapper","Shadow Hound"],"Resources":["Dragonwort Herb","Venom Gland"]}},"Enemies":{"Shadow Hound":{"Name":"Shadow Hound","Loot":["Venom Gland"]}}};{"Quest":{"Name":"The Shadow Hound Hunt","Giver":"Brom","Actions":["goto Mistwood Forest","damage Shadow Hound"]}};"Shadow Hounds have been attacking Brom's livestock near Ironhold. Track and weaken one to drive the pack away.";"Attack enemy"
{"NPCs":{"Thorin":{"Name":"Thorin","Species":"Dwarf","HomeLocation":"Ironhold","CurrentLocation":"Ironhold","Faction":"Iron Legion","OwnedItems":{"Iron Sword":1,"Iron Ingot":3},"Role":"Blacksmith","Relations":[{"Target":"Player","Favorability":3},{"Target":"Iron Legion","Favorability":5}],"NPCLog":[]}},"Locations":{"The Drowned Crypt":{"Name":"The Drowned Crypt","Enemies":["Wraith","Stone Golem"],"Resources":["Ancient Tablet","Mysterious Key"]},"Ironhold":{"Name":"Ironhold","Enemies":[],"Resources":["Iron Ingot","Steel Shield"]}},"Enemies":{"Stone Golem":{"Name":"Stone Golem","Loot":["Iron Ingot","Ancient Tablet"]}}};{"Quest":{"Name":"The Golem's Heart","Giver":"Thorin","Actions":["goto The Drowned Crypt","kill Stone Golem","goto Ironhold","report"]}};"Thorin needs the core from a Stone Golem to forge a legendary weapon. Retrieve it and report back.";"Kill enemies"
{"Factions":{"The Veilguard":{"Name":"The Veilguard","Relations":[{"Target":"Iron Legion","Favorability":2},{"Target":"Crimson Talon","Favorability":-3}],"Members":["Elara","Lyra","Sera"],"Treasury":{"Gold Coin":500,"Healing Potion":5},"FactionLog":[{"Originator":"The Veilguard","Type":"Alliance","Target":["Iron Legion"],"For":"The Veilguard","Received":null,"Favorability":2}]}},"Locations":{"Sunstone Citadel":{"Name":"Sunstone Citadel","Enemies":["Bandit Marauder","Cult Fanatic"],"Resources":["Gold Coin","Mana Potion"]},"Havenwood":{"Name":"Havenwood","Enemies":[],"Resources":["Dragonwort Herb","Healing Potion"]}},"Enemies":{"Cult Fanatic":{"Name":"Cult Fanatic","Loot":["Cultist Robe","Mysterious Key"]}}};{"Quest":{"Name":"The Cultist Infiltration","Giver":"The Veilguard","Actions":["goto Sunstone Citadel","stealth Cult Fanatic","take Cultist Robe","goto The Veilguard","give The Veilguard Cultist Robe"]}};"The Veilguard suspects a Cult Fanatic has infiltrated Sunstone Citadel. Steal their plans from the cultist's hideout.";"Steal stuff"
{"NPCs":{"Lyra":{"Name":"Lyra","Species":"Human","HomeLocation":"Sunstone Citadel","CurrentLocation":"Sunstone Citadel","Faction":"The Veilguard","OwnedItems":{"Leather Armor":1},"Role":"Ranger","Relations":[{"Target":"Player","Favorability":4}],"NPCLog":[]},"Grom":{"Name":"Grom","Species":"Orc","HomeLocation":"Frostfang Pass","CurrentLocation":"Mistwood Forest","Faction":"Crimson Talon","OwnedItems":{"Gold Coin":20,"Venom Gland":1},"Role":"Thief","Relations":[{"Target":"Player","Favorability":-2}],"NPCLog":[{"Originator":"Player","Type":"AttackEnemy","Target":["Grom"],"For":"Player","Received":null,"Favorability":-2}]}},"Locations":{"Mistwood Forest":{"Name":"Mistwood Forest","Enemies":["Goblin Scrapper","Shadow Hound"],"Resources":["Dragonwort Herb","Venom Gland"]}}};{"Quest":{"Name":"The Rogue Grom","Giver":"Lyra","Actions":["goto Mistwood Forest","damage Grom"]}};"Grom has been causing trouble near Havenwood. Lyra wants you to teach him a lesson and drive him off.";"Attack enemy"
{"Factions":{"The Hollowed Circle":{"Name":"The Hollowed Circle","Relations":[{"Target":"Player","Favorability":0}],"Members":["Morwen"],"Treasury":{"Mana Potion":8,"Dragonwort Herb":4},"FactionLog":[]}},"Locations":{"The Drowned Crypt":{"Name":"The Drowned Crypt","Enemies":["Wraith","Stone Golem"],"Resources":["Ancient Tablet","Mysterious Key"]},"Emberflow Cavern":{"Name":"Emberflow Cavern","Enemies":[],"Resources":[]}},"Enemies":{"Wraith":{"Name":"Wraith","Loot":["Mana Potion"]}}};{"Quest":{"Name":"The Drowned Crypt Expedition","Giver":"The Hollowed Circle","Actions":["goto The Drowned Crypt","kill Wraith","goto The Hollowed Circle","report"]}};"The Hollowed Circle wants to explore The Drowned Crypt but the Wraith is too dangerous. Eliminate it for them.";"Kill enemies"
{"NPCs":{"Elara":{"Name":"Elara","Species":"Elf","HomeLocation":"Havenwood","CurrentLocation":"Havenwood","Faction":"The Veilguard","OwnedItems":{"Healing Potion":2,"Mysterious Key":1},"Role":"Alchemist","Relations":[{"Target":"Player","Favorability":2},{"Target":"The Veilguard","Favorability":4}],"NPCLog":[{"Originator":"Elara","Type":"RecoverStolenItem","Target":["Mysterious Key"],"For":"Player","Received":{"Gold Coin":50},"Favorability":1}]},"Vex":{"Name":"Vex","Species":"Elf","HomeLocation":"Mistwood Forest","CurrentLocation":"Mistwood Forest","Faction":"Crimson Talon","OwnedItems":{"Venom Gland":2},"Role":"Thief","Relations":[{"Target":"Player","Favorability":-1}],"NPCLog":[]}},"Locations":{"Mistwood Forest":{"Name":"Mistwood Forest","Enemies":["Goblin Scrapper","Shadow Hound"],"Resources":["Dragonwort Herb","Venom Gland"]},"Havenwood":{"Name":"Havenwood","Enemies":[],"Resources":["Dragonwort Herb","Healing Potion"]}}};{"Quest":{"Name":"The Dragonwort Herb","Giver":"Elara","Actions":["goto Mistwood Forest","stealth Vex","take Dragonwort Herb","goto Havenwood","give Elara Dragonwort Herb"]}};"Elara's rare Dragonwort Herb was taken by Vex. She needs it back to brew a potent healing elixir.";"Recover stolen item"
{"Factions":{"Iron Legion":{"Name":"Iron Legion","Relations":[{"Target":"The Veilguard","Favorability":2},{"Target":"Crimson Talon","Favorability":-4}],"Members":["Thorin","Cedric","Brom"],"Treasury":{"Gold Coin":1200,"Iron Ingot":10},"FactionLog":[{"Originator":"Iron Legion","Type":"GuardEntity","Target":["Sunstone Citadel"],"For":"Iron Legion","Received":null,"Favorability":0}]}},"Locations":{"Sunstone Citadel":{"Name":"Sunstone Citadel","Enemies":["Bandit Marauder","Cult Fanatic"],"Resources":["Gold Coin","Mana Potion"]}},"Enemies":{"Bandit Marauder":{"Name":"Bandit Marauder","Loot":["Gold Coin","Lockpick"]}}};{"Quest":{"Name":"The Bandit Camp Threat","Giver":"Iron Legion","Actions":["goto Sunstone Citadel","damage Bandit Marauder","damage Bandit Marauder","goto Iron Legion","report"]}};"Bandit Marauders have set up camp near Sunstone Citadel. Weaken their forces so the Iron Legion can clear them out.";"Attack threatening entities"
{"NPCs":{"Finnegan":{"Name":"Finnegan","Species":"Halfling","HomeLocation":"Glimmerdale","CurrentLocation":"Glimmerdale","Faction":null,"OwnedItems":{"Lockpick":5},"Role":"Merchant","Relations":[{"Target":"Player","Favorability":1}],"NPCLog":[]},"Grom":{"Name":"Grom","Species":"Orc","HomeLocation":"Frostfang Pass","CurrentLocation":"Mistwood Forest","Faction":"Crimson Talon","OwnedItems":{"Gold Coin":20,"Venom Gland":1},"Role":"Thief","Relations":[{"Target":"Player","Favorability":-2}],"NPCLog":[{"Originator":"Player","Type":"AttackEnemy","Target":["Grom"],"For":"Player","Received":null,"Favorability":-2}]}},"Locations":{"Mistwood Forest":{"Name":"Mistwood Forest","Enemies":["Goblin Scrapper","Shadow Hound"],"Resources":["Dragonwort Herb","Venom Gland"]},"Glimmerdale":{"Name":"Glimmerdale","Enemies":[],"Resources":[]}}};{"Quest":{"Name":"The Merchant's Debt","Giver":"Finnegan","Actions":["goto Mistwood Forest","stealth Grom","take Gold Coin","goto Glimmerdale","give Finnegan Gold Coin"]}};"Grom owes Finnegan money but refuses to pay. Steal the gold from Grom and deliver it to Finnegan.";"Steal stuff"
{"Factions":{"The Veilguard":{"Name":"The Veilguard","Relations":[{"Target":"Iron Legion","Favorability":2},{"Target":"Crimson Talon","Favorability":-3}],"Members":["Elara","Lyra","Sera"],"Treasury":{"Gold Coin":500,"Healing Potion":5},"FactionLog":[{"Originator":"The Veilguard","Type":"Alliance","Target":["Iron Legion"],"For":"The Veilguard","Received":null,"Favorability":2}]}},"Locations":{"Havenwood":{"Name":"Havenwood","Enemies":[],"Resources":["Dragonwort Herb","Healing Potion"]}}};{"Quest":{"Name":"The Veilguard's Watch","Giver":"The Veilguard","Actions":["goto Havenwood","defend The Veilguard"]}};"The Veilguard needs extra protection during a sensitive diplomatic meeting. Stand guard at their headquarters.";"Guard entity"
{"NPCs": {"Elara": {"Name": "Elara", "Species": "Elf", "HomeLocation": "Whispering Woods", "CurrentLocation": "Whispering Woods", "Faction": "The Silver Hand", "OwnedItems": {"Healing Herb": 3, "Mana Potion": 1}, "Role": "Apothecary", "Relations": [{"Target": "Player", "Favorability": 3}], "NPCLog": [{"Originator": "Elara", "Type": "SupplyRun", "Target": ["Kaelen"], "For": "Elara", "Received": {"Health Potion": 2}, "Favorability": 2}]}}, "Locations": {"Whispering Woods": {"Name": "Whispering Woods", "Enemies": ["Forest Spider", "Shadow Stalker"], "Resources": ["Healing Herb", "Spider Silk"]}}, "Enemies": {"Forest Spider": {"Name": "Forest Spider", "Loot": ["Spider Silk", "Poison Vial"]}}};{"Quest": {"Name": "The Fungal Blight", "Giver": "Elara", "Actions": ["goto Whispering Woods", "damage Forest Spider", "goto Elara", "report"]}};"Elara from Whispering Woods reports that a massive Forest Spider has begun nesting in her herb garden, poisoning the soil. She needs you to damage the creature so her magic can cleanse the area.";"Attack threatening entities"
{"NPCs": {"Seraphina": {"Name": "Seraphina", "Species": "Tiefling", "HomeLocation": "Arcane University", "CurrentLocation": "Arcane University", "Faction": "The Veiled Circle", "OwnedItems": {"Ancient Tome": 2, "Mana Potion": 3}, "Role": "Librarian", "Relations": [{"Target": "The Silver Hand", "Favorability": -1}]}}, "Locations": {"Sunken Temple": {"Name": "Sunken Temple", "Enemies": ["Stone Golem", "Skeleton Warrior"], "Resources": ["Ancient Tome", "Moonstone"]}}, "Enemies": {"Cult Fanatic": {"Name": "Cult Fanatic", "Loot": ["Cultist Robe", "Mana Potion", "Ancient Tome"]}}, "Items": {"Ancient Tome": {"Name": "Ancient Tome", "Type": "Book"}}};{"Quest": {"Name": "Stolen Grimoire", "Giver": "Seraphina", "Actions": ["goto Sunken Temple", "kill Cult Fanatic", "take Ancient Tome", "goto Seraphina", "give Ancient Tome"]}};"Seraphina at the Arcane University had a rare Ancient Tome stolen by a rogue Cult Fanatic. She wants it returned discreetly.";"Recover stolen item"
{"NPCs": {"Lyra": {"Name": "Lyra", "Species": "Human", "HomeLocation": "Port Vantage", "CurrentLocation": "The Rusty Nail Tavern", "Faction": "The Sunward Accord", "OwnedItems": {"Dwarven Ale": 5, "Mysterious Map": 1}, "Role": "Scout", "Relations": [{"Target": "Player", "Favorability": 4}], "NPCLog": [{"Originator": "Lyra", "Type": "Scouting", "Target": ["Murkwood"], "For": "The Sunward Accord", "Received": null, "Favorability": 1}]}, "Aldric": {"Name": "Aldric", "Species": "Human", "HomeLocation": "Emberforge", "CurrentLocation": "Emberforge", "Faction": "The Iron Cartel", "OwnedItems": {"Moonstone": 1, "Steel Shield": 1}, "Role": "Merchant", "Relations": [{"Target": "Player", "Favorability": 1}]}}, "Locations": {"Emberforge": {"Name": "Emberforge", "Enemies": [], "Resources": ["Steel Shield", "Moonstone"]}}, "Factions": {"The Iron Cartel": {"Name": "The Iron Cartel", "Relations": [{"Target": "The Veiled Circle", "Favorability": 1}, {"Target": "The Crimson Fang", "Favorability": -1}], "Members": ["Borin", "Aldric"], "Treasury": {"Iron Sword": 3, "Steel Shield": 2, "Health Potion": 5}}}};{"Quest": {"Name": "The Iron Cartel's Secret", "Giver": "Lyra", "Actions": ["goto Emberforge", "stealth Aldric", "take Moonstone Ledger", "goto Lyra", "give Moonstone Ledger"]}};"Lyra needs proof that The Iron Cartel is smuggling weapons. She asks you to steal a ledger from Aldric in Emberforge and bring it to her.";"Steal stuff"
{"NPCs": {"Borin": {"Name": "Borin", "Species": "Dwarf", "HomeLocation": "Ironhold Keep", "CurrentLocation": "Ironhold Keep", "Faction": "The Iron Cartel", "OwnedItems": {"Iron Sword": 2, "Steel Shield": 1}, "Role": "Blacksmith", "Relations": [{"Target": "Player", "Favorability": 1}, {"Target": "Gromm", "Favorability": 2}]}}, "Locations": {"Ironhold Keep": {"Name": "Ironhold Keep", "Enemies": [], "Resources": ["Iron Sword", "Steel Shield"]}}, "Enemies": {"Orc Raider": {"Name": "Orc Raider", "Loot": ["Orcish Axe", "Dwarven Ale"]}}, "Factions": {"The Crimson Fang": {"Name": "The Crimson Fang", "Relations": [{"Target": "The Silver Hand", "Favorability": -5}, {"Target": "The Iron Cartel", "Favorability": -1}], "Members": ["Gromm", "Vex"], "Treasury": {"Orcish Axe": 2, "Poison Vial": 4, "Shadow Essence": 3}, "FactionLog": [{"Originator": "The Crimson Fang", "Type": "Ambush", "Target": ["The Silver Hand"], "For": "The Crimson Fang", "Received": null, "Favorability": -1}]}}};{"Quest": {"Name": "Protecting the Keep", "Giver": "Borin", "Actions": ["goto Ironhold Keep", "defend Ironhold Keep"]}};"Borin fears that Gromm and his Crimson Fang raiders are planning to attack Ironhold Keep. He needs you to stand guard at the main gate.";"Guard entity"
{"NPCs": {"Thorne": {"Name": "Thorne", "Species": "Dragonborn", "HomeLocation": "Frostfang Mountains", "CurrentLocation": "Ironhold Keep", "Faction": "The Silver Hand", "OwnedItems": {"Wyrm Scale": 1, "Iron Sword": 1}, "Role": "Guard", "Relations": [{"Target": "Gromm", "Favorability": -4}], "NPCLog": [{"Originator": "Thorne", "Type": "GuardEntity", "Target": ["Ironhold Keep"], "For": "The Silver Hand", "Received": null, "Favorability": 0}]}, "Gromm": {"Name": "Gromm", "Species": "Orc", "HomeLocation": "Frostfang Mountains", "CurrentLocation": "Ironhold Keep", "Faction": "The Crimson Fang", "OwnedItems": {"Orcish Axe": 1}, "Role": "Captain", "Relations": [{"Target": "Player", "Favorability": -3}, {"Target": "Borin", "Favorability": -1}], "NPCLog": [{"Originator": "Gromm", "Type": "AttackEnemy", "Target": ["Borin"], "For": "The Crimson Fang", "Received": null, "Favorability": -1}]}}, "Locations": {"Ironhold Keep": {"Name": "Ironhold Keep", "Enemies": [], "Resources": ["Iron Sword", "Steel Shield"]}}, "Factions": {"The Silver Hand": {"Name": "The Silver Hand", "Relations": [{"Target": "The Veiled Circle", "Favorability": -3}, {"Target": "The Crimson Fang", "Favorability": -4}, {"Target": "The Sunward Accord", "Favorability": 2}], "Members": ["Elara", "Thorne", "Rurik"], "Treasury": {"Iron Sword": 3, "Steel Shield": 2, "Health Potion": 5}}}};{"Quest": {"Name": "The Crimson Fang Captain", "Giver": "Thorne", "Actions": ["goto Ironhold Keep", "damage Gromm"]}};"Thorne wants to weaken The Crimson Fang by striking at their leadership. He asks you to attack Gromm in Ironhold Keep.";"Attack enemy"
{"Factions": {"The Sunward Accord": {"Name": "The Sunward Accord", "Relations": [{"Target": "The Silver Hand", "Favorability": 2}], "Members": ["Lyra", "Ivy"], "Treasury": {}}}, "Locations": {"Port Vantage": {"Name": "Port Vantage", "Enemies": ["Bandit Marauder"], "Resources": ["Dwarven Ale", "Mysterious Map"]}}, "Enemies": {"Bandit Marauder": {"Name": "Bandit Marauder", "Loot": ["Lockpick", "Iron Sword", "Bandit Key"]}}};{"Quest": {"Name": "Hunt the Marauders", "Giver": "The Sunward Accord", "Actions": ["goto Port Vantage", "kill Bandit Marauder", "goto The Sunward Accord", "report"]}};"The Sunward Accord has issued a bounty on the Bandit Marauders disrupting trade routes near Port Vantage. Kill them and report back.";"Kill enemies"
{"NPCs": {"Mira": {"Name": "Mira", "Species": "Gnome", "HomeLocation": "Shadowfen", "CurrentLocation": "Shadowfen", "Faction": null, "OwnedItems": {"Poison Vial": 2, "Spider Silk": 5}, "Role": "Apothecary", "Relations": [{"Target": "The Veiled Circle", "Favorability": 2}]}}, "Locations": {"Sunken Temple": {"Name": "Sunken Temple", "Enemies": ["Stone Golem", "Skeleton Warrior"], "Resources": ["Ancient Tome", "Moonstone"]}}, "Enemies": {"Stone Golem": {"Name": "Stone Golem", "Loot": ["Golem Core", "Moonstone"]}}};{"Quest": {"Name": "The Sunken Temple Heart", "Giver": "Mira", "Actions": ["goto Sunken Temple", "kill Stone Golem", "take Golem Core", "goto Mira", "give Golem Core"]}};"Mira has heard that a Stone Golem in the Sunken Temple holds a rare Golem Core she needs for her experiments. She asks you to retrieve it.";"Recover stolen item"
{"Factions": {"The Veiled Circle": {"Name": "The Veiled Circle", "Relations": [{"Target": "The Silver Hand", "Favorability": -2}, {"Target": "The Iron Cartel", "Favorability": 1}], "Members": ["Seraphina"], "Treasury": {"Ancient Tome": 4, "Mana Potion": 3, "Moonstone": 1}}, "NPCs": {"Seraphina": {"Name": "Seraphina", "Species": "Tiefling", "HomeLocation": "Arcane University", "CurrentLocation": "Arcane University", "Faction": "The Veiled Circle", "OwnedItems": {"Ancient Tome": 2, "Mana Potion": 3}, "Role": "Librarian"}}}, "Locations": {"Shadowfen": {"Name": "Shadowfen", "Enemies": ["Shadow Stalker"], "Resources": ["Healing Herb", "Shadow Essence"]}}, "Enemies": {"Shadow Stalker": {"Name": "Shadow Stalker", "Loot": ["Shadow Essence", "Health Potion"]}}};{"Quest": {"Name": "Eliminate the Stalker", "Giver": "The Veiled Circle", "Actions": ["goto Shadowfen", "kill Shadow Stalker", "goto Seraphina", "report"]}};"The Veiled Circle wants the Shadow Stalker lurking near Shadowfen eliminated. Kill it and report back to Seraphina.";"Kill enemies"
{"NPCs": {"Rurik": {"Name": "Rurik", "Species": "Human", "HomeLocation": "Ironhold Keep", "CurrentLocation": "The Rusty Nail Tavern", "Faction": "The Silver Hand", "OwnedItems": {"Dwarven Ale": 2}, "Role": "Bartender", "Relations": [{"Target": "Borin", "Favorability": 3}]}, "Aldric": {"Name": "Aldric", "Species": "Human", "HomeLocation": "Emberforge", "CurrentLocation": "Emberforge", "Faction": "The Iron Cartel", "OwnedItems": {"Moonstone": 1, "Steel Shield": 1}, "Role": "Merchant"}}, "Locations": {"Emberforge": {"Name": "Emberforge", "Enemies": [], "Resources": ["Steel Shield", "Moonstone"]}}, "Items": {"Dwarven Ale": {"Name": "Dwarven Ale", "Type": "Food"}}};{"Quest": {"Name": "A Taste of Ale", "Giver": "Rurik", "Actions": ["goto Emberforge", "stealth Aldric", "take Dwarven Ale", "goto Rurik", "give Dwarven Ale"]}};"Rurik wants to undercut The Iron Cartel's monopoly on Dwarven Ale. He asks you to steal a barrel from their stash in Emberforge and bring it to him.";"Steal stuff"
{"NPCs": {"Gromm": {"Name": "Gromm", "Species": "Orc", "HomeLocation": "Frostfang Mountains", "CurrentLocation": "Ironhold Keep", "Faction": "The Crimson Fang", "OwnedItems": {"Orcish Axe": 1}, "Role": "Captain", "Relations": [{"Target": "Player", "Favorability": -3}]}}, "Locations": {"Frostfang Mountains": {"Name": "Frostfang Mountains", "Enemies": ["Frost Wyrmling", "Orc Raider"], "Resources": ["Wyrm Scale", "Orcish Axe"]}}, "Enemies": {"Frost Wyrmling": {"Name": "Frost Wyrmling", "Loot": ["Wyrm Scale", "Mana Potion"]}}};{"Quest": {"Name": "Wyrmling Menace", "Giver": "Gromm", "Actions": ["goto Frostfang Mountains", "damage Frost Wyrmling", "goto Gromm", "report"]}};"A Frost Wyrmling has been attacking caravans near Frostfang Mountains. Gromm (secretly wanting competition eliminated) asks you to damage it so the trade routes open again.";"Attack threatening entities"
{"NPCs": {"Ivy": {"Name": "Ivy", "Species": "Firbolg", "HomeLocation": "Whispering Woods", "CurrentLocation": "Whispering Woods", "Faction": "The Sunward Accord", "OwnedItems": {"Healing Herb": 5, "Mysterious Map": 1}, "Role": "Farmer", "Relations": [{"Target": "Elara", "Favorability": 3}]}}, "Locations": {"Whispering Woods": {"Name": "Whispering Woods", "Enemies": ["Forest Spider", "Shadow Stalker"], "Resources": ["Healing Herb", "Spider Silk"]}}, "Enemies": {"Forest Spider": {"Name": "Forest Spider", "Loot": ["Spider Silk", "Poison Vial"]}}};{"Quest": {"Name": "Guarding the Harvest", "Giver": "Ivy", "Actions": ["goto Whispering Woods", "defend Whispering Woods"]}};"Ivy's farm in Whispering Woods is being raided by Forest Spiders. She needs someone to defend her crops.";"Guard entity"
{"NPCs": {"Finn": {"Name": "Finn", "Species": "Halfling", "HomeLocation": "Port Vantage", "CurrentLocation": "Port Vantage", "Faction": null, "OwnedItems": {"Lockpick": 4, "Healing Herb": 1}, "Role": "Beggar", "Relations": [{"Target": "Player", "Favorability": 2}]}, "Vex": {"Name": "Vex", "Species": "Tiefling", "HomeLocation": "Murkwood", "CurrentLocation": "Murkwood", "Faction": "The Crimson Fang", "OwnedItems": {"Shadow Essence": 2, "Lockpick": 3}, "Role": "Scout", "Relations": [{"Target": "Player", "Favorability": -2}]}}, "Locations": {"Murkwood": {"Name": "Murkwood", "Enemies": ["Poisonous Wyrm", "Dark Elf Assassin"], "Resources": ["Poison Vial", "Shadow Essence"]}}, "Items": {"Mysterious Map": {"Name": "Mysterious Map", "Type": "Tool"}}};{"Quest": {"Name": "The Map of Murkwood", "Giver": "Finn", "Actions": ["goto Murkwood", "kill Vex", "take Mysterious Map", "goto Finn", "give Mysterious Map"]}};"Finn had a valuable Mysterious Map stolen by Vex in Murkwood. He wants it back.";"Recover stolen item"
{"Factions": {"The Silver Hand": {"Name": "The Silver Hand", "Relations": [{"Target": "The Veiled Circle", "Favorability": -3}, {"Target": "The Crimson Fang", "Favorability": -4}], "Members": ["Elara", "Thorne", "Rurik"], "Treasury": {"Iron Sword": 3, "Steel Shield": 2, "Health Potion": 5}}, "NPCs": {"Thorne": {"Name": "Thorne", "Species": "Dragonborn", "HomeLocation": "Frostfang Mountains", "CurrentLocation": "Ironhold Keep", "Faction": "The Silver Hand", "OwnedItems": {"Wyrm Scale": 1, "Iron Sword": 1}, "Role": "Guard"}}}, "Locations": {"Frostfang Mountains": {"Name": "Frostfang Mountains", "Enemies": ["Frost Wyrmling", "Orc Raider"], "Resources": ["Wyrm Scale", "Orcish Axe"]}}, "Enemies": {"Orc Raider": {"Name": "Orc Raider", "Loot": ["Orcish Axe", "Dwarven Ale"]}}};{"Quest": {"Name": "Orc Raiders", "Giver": "The Silver Hand", "Actions": ["goto Frostfang Mountains", "kill Orc Raider", "goto Thorne", "report"]}};"The Silver Hand needs the Orc Raiders near Frostfang Mountains dealt with. Report back to Thorne when done.";"Kill enemies"
{"NPCs": {"Gromm": {"Name": "Gromm", "Species": "Orc", "HomeLocation": "Frostfang Mountains", "CurrentLocation": "Ironhold Keep", "Faction": "The Crimson Fang", "OwnedItems": {"Orcish Axe": 1}, "Role": "Captain"}, "Aldric": {"Name": "Aldric", "Species": "Human", "HomeLocation": "Emberforge", "CurrentLocation": "Emberforge", "Faction": "The Iron Cartel", "OwnedItems": {"Moonstone": 1, "Steel Shield": 1}, "Role": "Merchant"}}, "Locations": {"Emberforge": {"Name": "Emberforge", "Enemies": [], "Resources": ["Steel Shield", "Moonstone"]}}, "Factions": {"The Iron Cartel": {"Name": "The Iron Cartel", "Treasury": {"Iron Sword": 3, "Steel Shield": 2, "Health Potion": 5}}}, "Items": {"Moonstone": {"Name": "Moonstone", "Type": "Artifact"}}};{"Quest": {"Name": "Sabotage the Rivals", "Giver": "Gromm", "Actions": ["goto Emberforge", "stealth Aldric", "take Moonstone", "goto Gromm", "give Moonstone"]}};"Gromm wants to humiliate The Iron Cartel by stealing their prized Moonstone from Aldric in Emberforge and bringing it to him.";"Steal stuff"
{"Factions": {"The Sunward Accord": {"Name": "The Sunward Accord", "Relations": [{"Target": "The Silver Hand", "Favorability": 2}], "Members": ["Lyra", "Ivy"], "Treasury": {}}}, "Locations": {"Murkwood": {"Name": "Murkwood", "Enemies": ["Poisonous Wyrm", "Dark Elf Assassin"], "Resources": ["Poison Vial", "Shadow Essence"]}}, "Enemies": {"Poisonous Wyrm": {"Name": "Poisonous Wyrm", "Loot": ["Poison Vial", "Wyrm Scale"]}}};{"Quest": {"Name": "The Poisonous Wyrm", "Giver": "The Sunward Accord", "Actions": ["goto Murkwood", "damage Poisonous Wyrm", "goto The Sunward Accord", "report"]}};"The Sunward Accord wants you to weaken the Poisonous Wyrm in Murkwood so their hunters can finish it off safely.";"Attack threatening entities"
{"NPCs": {"Lyra": {"Name": "Lyra", "Species": "Human", "HomeLocation": "Port Vantage", "CurrentLocation": "The Rusty Nail Tavern", "Faction": "The Sunward Accord", "OwnedItems": {"Dwarven Ale": 5, "Mysterious Map": 1}, "Role": "Scout", "Relations": [{"Target": "Player", "Favorability": 4}]}}, "Locations": {"Murkwood": {"Name": "Murkwood", "Enemies": ["Poisonous Wyrm", "Dark Elf Assassin"], "Resources": ["Poison Vial", "Shadow Essence"]}}, "Enemies": {"Dark Elf Assassin": {"Name": "Dark Elf Assassin", "Loot": ["Lockpick", "Poison Vial", "Shadow Essence"]}}};{"Quest": {"Name": "The Dark Elf Assassin", "Giver": "Lyra", "Actions": ["goto Murkwood", "kill Dark Elf Assassin", "goto Lyra", "report"]}};"A Dark Elf Assassin has been spotted near Murkwood, working for The Crimson Fang. Kill them and report back to Lyra.";"Kill enemies"
{"Factions": {"The Veiled Circle": {"Name": "The Veiled Circle", "Relations": [{"Target": "The Silver Hand", "Favorability": -2}, {"Target": "The Iron Cartel", "Favorability": 1}], "Members": ["Seraphina"], "Treasury": {"Ancient Tome": 4, "Mana Potion": 3, "Moonstone": 1}}}, "Locations": {"Sunken Temple": {"Name": "Sunken Temple", "Enemies": ["Stone Golem", "Skeleton Warrior"], "Resources": ["Ancient Tome", "Moonstone"]}}, "Enemies": {"Skeleton Warrior": {"Name": "Skeleton Warrior", "Loot": ["Iron Sword", "Steel Shield"]}}};{"Quest": {"Name": "Temple Guardians", "Giver": "The Veiled Circle", "Actions": ["goto Sunken Temple", "damage Skeleton Warrior"]}};"The Veiled Circle wants you to damage the Skeleton Warriors guarding the Sunken Temple to allow their researchers entry.";"Attack enemy"
{"NPCs": {"Vex": {"Name": "Vex", "Species": "Tiefling", "HomeLocation": "Murkwood", "CurrentLocation": "Murkwood", "Faction": "The Crimson Fang", "OwnedItems": {"Shadow Essence": 2, "Lockpick": 3}, "Role": "Scout", "Relations": [{"Target": "Player", "Favorability": -2}]}, "Mira": {"Name": "Mira", "Species": "Gnome", "HomeLocation": "Shadowfen", "CurrentLocation": "Shadowfen", "Faction": null, "OwnedItems": {"Poison Vial": 2, "Spider Silk": 5}, "Role": "Apothecary", "Relations": [{"Target": "The Veiled Circle", "Favorability": 2}]}}, "Locations": {"Shadowfen": {"Name": "Shadowfen", "Enemies": ["Shadow Stalker"], "Resources": ["Healing Herb", "Shadow Essence"]}}, "Items": {"Poison Vial": {"Name": "Poison Vial", "Type": "Potion"}}};{"Quest": {"Name": "The Poison Vial Heist", "Giver": "Vex", "Actions": ["goto Shadowfen", "stealth Mira", "take Poison Vial", "goto Vex", "give Poison Vial"]}};"Vex wants to sabotage The Silver Hand by stealing Poison Vials from Mira in Shadowfen and bringing them to her.";"Steal stuff"
{"NPCs": {"Borin": {"Name": "Borin", "Species": "Dwarf", "HomeLocation": "Ironhold Keep", "CurrentLocation": "Ironhold Keep", "Faction": "The Iron Cartel", "OwnedItems": {"Iron Sword": 2, "Steel Shield": 1}, "Role": "Blacksmith", "Relations": [{"Target": "Player", "Favorability": 1}]}}, "Locations": {"Port Vantage": {"Name": "Port Vantage", "Enemies": ["Bandit Marauder"], "Resources": ["Dwarven Ale", "Mysterious Map"]}}, "Enemies": {"Bandit Marauder": {"Name": "Bandit Marauder", "Loot": ["Lockpick", "Iron Sword", "Bandit Key"]}}, "Items": {"Steel Shield": {"Name": "Steel Shield", "Type": "Armor"}}};{"Quest": {"Name": "The Blacksmith's Debt", "Giver": "Borin", "Actions": ["goto Port Vantage", "kill Bandit Marauder", "take Steel Shield", "goto Borin", "give Steel Shield"]}};"Borin's finest Steel Shield was stolen by a Bandit Marauder in Port Vantage. Retrieve it for him.";"Recover stolen item"
{"NPCs": {"Seraphina": {"Name": "Seraphina", "Species": "Tiefling", "HomeLocation": "Arcane University", "CurrentLocation": "Arcane University", "Faction": "The Veiled Circle", "OwnedItems": {"Ancient Tome": 2, "Mana Potion": 3}, "Role": "Librarian"}}, "Locations": {"Arcane University": {"Name": "Arcane University", "Enemies": [], "Resources": ["Ancient Tome", "Mana Potion"]}}, "Factions": {"The Crimson Fang": {"Name": "The Crimson Fang", "Relations": [{"Target": "The Silver Hand", "Favorability": -5}], "Members": ["Gromm", "Vex"], "FactionLog": [{"Originator": "The Crimson Fang", "Type": "Ambush", "Target": ["The Silver Hand"], "For": "The Crimson Fang"}]}}};{"Quest": {"Name": "Defend the University", "Giver": "Seraphina", "Actions": ["goto Arcane University", "defend Arcane University"]}};"Seraphina fears The Crimson Fang may attack the Arcane University after recent tensions. She asks you to defend it.";"Guard entity"
{"NPCs":{"Thalia Ironheart":{"Name":"Thalia Ironheart","Species":"Human","HomeLocation":"Ironhold Keep","CurrentLocation":"Ironhold Keep","Faction":"The Iron Pact","OwnedItems":{"Iron Sword":1,"Steel Ingot":3},"Role":"Blacksmith","Relations":[{"Target":"Player","Favorability":2},{"Target":"The Iron Pact","Favorability":5}]},"Ser Roderick Vance":{"Name":"Ser Roderick Vance","Species":"Human","HomeLocation":"Ironhold Keep","CurrentLocation":"Ironhold Keep","Faction":"The Iron Pact","OwnedItems":{"Iron Sword":1,"Leather Armor":1},"Role":"Knight","Relations":[{"Target":"Player","Favorability":4},{"Target":"The Iron Pact","Favorability":5},{"Target":"The Ashen Circle","Favorability":-4}]}},"Factions":{"The Iron Pact":{"Name":"The Iron Pact","Relations":[{"Target":"Player","Favorability":3},{"Target":"The Ashen Circle","Favorability":-4}],"Members":["Thalia Ironheart","Grimble Bristlebeard","Orvin Stonefist","Ser Roderick Vance"]},"The Ashen Circle":{"Name":"The Ashen Circle","Relations":[{"Target":"The Iron Pact","Favorability":-4},{"Target":"Player","Favorability":-3}],"Members":[]}},"Locations":{"Shadowfen":{"Name":"Shadowfen","Enemies":["Cult Fanatic","Shadow Stalker"],"Resources":["Mystic Herb","Shadow Essence"]},"Ironhold Keep":{"Name":"Ironhold Keep","Enemies":["Bandit Raider","Golem Guardian"],"Resources":["Steel Ingot","Iron Sword","Leather Armor"]}},"Enemies":{"Cult Fanatic":{"Name":"Cult Fanatic","Loot":["Mystic Herb","Ancient Coin","Dagger"]}}};{"Quest":{"Name":"The Iron Pact's Bounty","Giver":"Ser Roderick Vance","Actions":["goto Shadowfen","kill Cult Fanatic","goto Ironhold Keep","report"]}};"Ser Roderick Vance of The Iron Pact has posted a bounty on the Cult Fanatics harassing travelers near Shadowfen. He wants proof of their extermination.";"Kill enemies"
{"NPCs":{"Mira Brightfern":{"Name":"Mira Brightfern","Species":"Halfling","HomeLocation":"Rivertown","CurrentLocation":"Crimson Market","Faction":"Free Traders Coalition","OwnedItems":{"Health Potion":2,"Lockpick":3},"Role":"Merchant","Relations":[{"Target":"Player","Favorability":3},{"Target":"Free Traders Coalition","Favorability":4}]},"Lyra Swiftarrow":{"Name":"Lyra Swiftarrow","Species":"Elf","HomeLocation":"Whispering Woods","CurrentLocation":"Whispering Woods","Faction":"The Veiled Hand","OwnedItems":{"Iron Sword":1,"Bear Trap":1},"Role":"Thief","Relations":[{"Target":"Player","Favorability":-1},{"Target":"The Veiled Hand","Favorability":2}]}},"Factions":{"Free Traders Coalition":{"Name":"Free Traders Coalition","Relations":[{"Target":"Player","Favorability":2},{"Target":"Rivertown Council","Favorability":1}],"Members":["Mira Brightfern","Finnan Copperpot"]},"The Veiled Hand":{"Name":"The Veiled Hand","Relations":[{"Target":"Player","Favorability":-1},{"Target":"The Iron Pact","Favorability":-2},{"Target":"Rivertown Council","Favorability":-3}],"Members":["Elara Nightshade","Lyra Swiftarrow","Vexia Slytongue"]}},"Locations":{"Whispering Woods":{"Name":"Whispering Woods","Enemies":["Forest Wolf","Corrupted Treant"],"Resources":["Mystic Herb","Healing Salve"]},"Crimson Market":{"Name":"Crimson Market","Enemies":[],"Resources":["Ancient Coin","Dwarven Ale","Health Potion","Ruby Gem"]}},"Items":{"Ruby Gem":{"Type":"Valuables"}}};{"Quest":{"Name":"Stolen Heirloom","Giver":"Mira Brightfern","Actions":["goto Whispering Woods","stealth Lyra Swiftarrow","take Ruby Gem","goto Crimson Market","give Mira Brightfern"]}};"Mira Brightfern's prized Ruby Gem was stolen by Lyra Swiftarrow. She wants it back discreetly.";"Recover stolen item"
{"NPCs":{"Thalia Ironheart":{"Name":"Thalia Ironheart","Species":"Human","HomeLocation":"Ironhold Keep","CurrentLocation":"Ironhold Keep","Faction":"The Iron Pact","OwnedItems":{"Iron Sword":1,"Steel Ingot":3},"Role":"Blacksmith","Relations":[{"Target":"Player","Favorability":2},{"Target":"The Iron Pact","Favorability":5}]}},"Factions":{"The Iron Pact":{"Name":"The Iron Pact","Relations":[{"Target":"Player","Favorability":3}],"Members":["Thalia Ironheart","Grimble Bristlebeard","Orvin Stonefist","Ser Roderick Vance"]}},"Locations":{"Ironhold Keep":{"Name":"Ironhold Keep","Enemies":["Bandit Raider","Golem Guardian"],"Resources":["Steel Ingot","Iron Sword","Leather Armor"]}},"Enemies":{"Bandit Raider":{"Name":"Bandit Raider","Loot":["Lockpick","Health Potion","Ancient Coin"]}}};{"Quest":{"Name":"Defend Ironhold Keep","Giver":"Thalia Ironheart","Actions":["goto Ironhold Keep","defend"]}};"A Bandit Raider warband has been spotted near Ironhold Keep. Thalia Ironheart needs someone to defend the gates.";"Guard entity"
{"NPCs":{"Iona the Wise":{"Name":"Iona the Wise","Species":"Gnome","HomeLocation":"Mage's Tower","CurrentLocation":"Mage's Tower","Faction":null,"OwnedItems":{"Spell Scroll: Fireball":2,"Mana Potion":3},"Role":"Apothecary","Relations":[{"Target":"Player","Favorability":1}]}},"Locations":{"Whispering Woods":{"Name":"Whispering Woods","Enemies":["Forest Wolf","Corrupted Treant"],"Resources":["Mystic Herb","Healing Salve"]},"Mage's Tower":{"Name":"Mage's Tower","Enemies":["Golem Guardian"],"Resources":["Mana Potion","Spell Scroll: Fireball"]}},"Enemies":{"Corrupted Treant":{"Name":"Corrupted Treant","Loot":["Mystic Herb","Ancient Wood"]}}};{"Quest":{"Name":"The Corrupted Heart","Giver":"Iona the Wise","Actions":["goto Whispering Woods","damage Corrupted Treant","goto Mage's Tower","report"]}};"Iona the Wise senses a Corrupted Treant poisoning the Whispering Woods. She wants it weakened so she can study its corruption.";"Attack threatening entities"
{"NPCs":{"Cedric the Steadfast":{"Name":"Cedric the Steadfast","Species":"Human","HomeLocation":"Rivertown","CurrentLocation":"Rivertown","Faction":"Rivertown Council","OwnedItems":{"Iron Sword":1},"Role":"Guard Captain","Relations":[{"Target":"Player","Favorability":2},{"Target":"Rivertown Council","Favorability":4},{"Target":"The Veiled Hand","Favorability":-3}]},"Vexia Slytongue":{"Name":"Vexia Slytongue","Species":"Gnome","HomeLocation":"Crimson Market","CurrentLocation":"Crimson Market","Faction":"The Veiled Hand","OwnedItems":{"Thieves Tools":1,"Lockpick":4},"Role":"Thief","Relations":[{"Target":"Player","Favorability":0},{"Target":"The Veiled Hand","Favorability":3}]}},"Factions":{"Rivertown Council":{"Name":"Rivertown Council","Relations":[{"Target":"Player","Favorability":2},{"Target":"The Veiled Hand","Favorability":-3}],"Members":["Cedric the Steadfast","Brom Hearthfire"]},"The Veiled Hand":{"Name":"The Veiled Hand","Relations":[{"Target":"Rivertown Council","Favorability":-3}],"Members":["Elara Nightshade","Lyra Swiftarrow","Vexia Slytongue"]}},"Locations":{"Crimson Market":{"Name":"Crimson Market","Enemies":[],"Resources":["Ancient Coin","Dwarven Ale","Health Potion","Ruby Gem"]},"Rivertown":{"Name":"Rivertown","Enemies":["Forest Wolf"],"Resources":["Health Potion","Dwarven Ale","Iron Sword"]}},"Items":{"Thieves Tools":{"Type":"Tool"}}};{"Quest":{"Name":"Silent Takedown","Giver":"Cedric the Steadfast","Actions":["goto Crimson Market","stealth Vexia Slytongue","take Thieves Tools","goto Rivertown","give Cedric the Steadfast"]}};"Cedric the Steadfast wants to cripple The Veiled Hand's operations. He asks you to steal their Thieves Tools and hand them over to Rivertown Council.";"Steal stuff"
{"NPCs":{"Orvin Stonefist":{"Name":"Orvin Stonefist","Species":"Dwarf","HomeLocation":"Ironhold Keep","CurrentLocation":"Ironhold Keep","Faction":"The Iron Pact","OwnedItems":{"Steel Ingot":5,"Ancient Coin":2},"Role":"Merchant","Relations":[{"Target":"Player","Favorability":0},{"Target":"The Iron Pact","Favorability":3}]}},"Factions":{"The Iron Pact":{"Name":"The Iron Pact","Members":["Thalia Ironheart","Grimble Bristlebeard","Orvin Stonefist","Ser Roderick Vance"]}},"Locations":{"Ironhold Keep":{"Name":"Ironhold Keep","Enemies":["Bandit Raider","Golem Guardian"],"Resources":["Steel Ingot","Iron Sword","Leather Armor"]}},"Enemies":{"Golem Guardian":{"Name":"Golem Guardian","Loot":["Steel Ingot","Ruby Gem"]}}};{"Quest":{"Name":"Golem Rampage","Giver":"Orvin Stonefist","Actions":["goto Ironhold Keep","damage Golem Guardian"]}};"Orvin Stonefist's mining operation is being disrupted by a rogue Golem Guardian. He needs it destroyed before it collapses a tunnel.";"Attack enemy"
{"NPCs":{"Elara Nightshade":{"Name":"Elara Nightshade","Species":"Elf","HomeLocation":"Whispering Woods","CurrentLocation":"Whispering Woods","Faction":"The Veiled Hand","OwnedItems":{"Spell Scroll: Fireball":1,"Mystic Herb":2},"Role":"Apothecary","Relations":[{"Target":"Player","Favorability":1},{"Target":"The Veiled Hand","Favorability":3},{"Target":"The Iron Pact","Favorability":-1}]}},"Factions":{"The Veiled Hand":{"Name":"The Veiled Hand","Members":["Elara Nightshade","Lyra Swiftarrow","Vexia Slytongue"]},"The Ashen Circle":{"Name":"The Ashen Circle","Relations":[{"Target":"Player","Favorability":-3}],"Treasury":{"Mystic Herb":8,"Ancient Coin":80}}},"Locations":{"Shadowfen":{"Name":"Shadowfen","Enemies":["Cult Fanatic","Shadow Stalker"],"Resources":["Mystic Herb","Shadow Essence"]},"Whispering Woods":{"Name":"Whispering Woods","Enemies":["Forest Wolf","Corrupted Treant"],"Resources":["Mystic Herb","Healing Salve"]}},"Enemies":{"Cult Fanatic":{"Name":"Cult Fanatic","Loot":["Mystic Herb","Ancient Coin","Dagger"]}},"Items":{"Mystic Herb":{"Type":"Ingredient"}}};{"Quest":{"Name":"The Cult's Ledger","Giver":"Elara Nightshade","Actions":["goto Shadowfen","kill Cult Fanatic","take Mystic Herb","goto Whispering Woods","give Elara Nightshade"]}};"Elara Nightshade claims The Ashen Circle stole a Mystic Herb formula from her. She wants it back, no questions asked.";"Recover stolen item"
{"NPCs":{"Finnan Copperpot":{"Name":"Finnan Copperpot","Species":"Halfling","HomeLocation":"Crimson Market","CurrentLocation":"Sunstone Desert","Faction":"Free Traders Coalition","OwnedItems":{"Ancient Coin":5,"Ruby Gem":1},"Role":"Merchant","Relations":[{"Target":"Player","Favorability":1},{"Target":"Free Traders Coalition","Favorability":3}]}},"Factions":{"Free Traders Coalition":{"Name":"Free Traders Coalition","Relations":[{"Target":"Player","Favorability":2}],"Members":["Mira Brightfern","Finnan Copperpot"]}},"Locations":{"The Docks":{"Name":"The Docks","Enemies":["Bandit Raider"],"Resources":["Lockpick","Thieves Tools"]}},"Enemies":{"Bandit Raider":{"Name":"Bandit Raider","Loot":["Lockpick","Health Potion","Ancient Coin"]}}};{"Quest":{"Name":"The Docks Are Ours","Giver":"Finnan Copperpot","Actions":["goto The Docks","defend"]}};"Finnan Copperpot's shipment is arriving at The Docks, but Bandit Raiders have been lurking. He needs protection during the offload.";"Guard entity"
{"NPCs":{"Mira Brightfern":{"Name":"Mira Brightfern","Species":"Halfling","HomeLocation":"Rivertown","CurrentLocation":"Crimson Market","Faction":"Free Traders Coalition","Role":"Merchant","Relations":[{"Target":"Player","Favorability":3}]}},"Factions":{"Free Traders Coalition":{"Name":"Free Traders Coalition","Relations":[{"Target":"Player","Favorability":2}],"Members":["Mira Brightfern","Finnan Copperpot"]}},"Locations":{"Sunstone Desert":{"Name":"Sunstone Desert","Enemies":["Bandit Raider","Sand Worm"],"Resources":["Ruby Gem","Ancient Coin"]},"Crimson Market":{"Name":"Crimson Market","Enemies":[],"Resources":["Ancient Coin","Dwarven Ale","Health Potion","Ruby Gem"]}},"Enemies":{"Sand Worm":{"Name":"Sand Worm","Loot":["Sandworm Hide","Meat"]}}};{"Quest":{"Name":"Sunstone Worm Hunt","Giver":"Mira Brightfern","Actions":["goto Sunstone Desert","kill Sand Worm","goto Crimson Market","report"]}};"The Free Traders Coalition reports that Sand Worms are attacking caravans in Sunstone Desert. They want them eliminated.";"Kill enemies"
{"NPCs":{"Brom Hearthfire":{"Name":"Brom Hearthfire","Species":"Human","HomeLocation":"Rivertown","CurrentLocation":"Rivertown","Faction":"Rivertown Council","OwnedItems":{"Dwarven Ale":2},"Role":"Innkeeper","Relations":[{"Target":"Player","Favorability":2},{"Target":"Rivertown Council","Favorability":2}]}},"Factions":{"Rivertown Council":{"Name":"Rivertown Council","Relations":[{"Target":"Player","Favorability":2}],"Members":["Cedric the Steadfast","Brom Hearthfire"]}},"Locations":{"Whispering Woods":{"Name":"Whispering Woods","Enemies":["Forest Wolf","Corrupted Treant"],"Resources":["Mystic Herb","Healing Salve"]},"Rivertown":{"Name":"Rivertown","Enemies":["Forest Wolf"],"Resources":["Health Potion","Dwarven Ale","Iron Sword"]}},"Enemies":{"Corrupted Treant":{"Name":"Corrupted Treant","Loot":["Mystic Herb","Ancient Wood"]}}};{"Quest":{"Name":"Poisoned Water Supply","Giver":"Brom Hearthfire","Actions":["goto Whispering Woods","damage Corrupted Treant","goto Rivertown","report"]}};"Brom Hearthfire is worried about Rivertown's water. A Corrupted Treant upstream is poisoning the river. He wants it neutralized.";"Attack threatening entities"
{"NPCs":{"Ser Roderick Vance":{"Name":"Ser Roderick Vance","Species":"Human","HomeLocation":"Ironhold Keep","CurrentLocation":"Ironhold Keep","Faction":"The Iron Pact","Role":"Knight","Relations":[{"Target":"Player","Favorability":4},{"Target":"The Ashen Circle","Favorability":-4}]}},"Factions":{"The Iron Pact":{"Name":"The Iron Pact","Relations":[{"Target":"The Ashen Circle","Favorability":-4}],"Treasury":{"Steel Ingot":20,"Iron Sword":3,"Ancient Coin":50}},"The Ashen Circle":{"Name":"The Ashen Circle","Treasury":{"Mystic Herb":8,"Ancient Coin":80}}},"Locations":{"Shadowfen":{"Name":"Shadowfen","Enemies":["Cult Fanatic","Shadow Stalker"],"Resources":["Mystic Herb","Shadow Essence"]},"Ironhold Keep":{"Name":"Ironhold Keep","Enemies":["Bandit Raider","Golem Guardian"],"Resources":["Steel Ingot","Iron Sword","Leather Armor"]}},"Enemies":{"Cult Fanatic":{"Name":"Cult Fanatic","Loot":["Mystic Herb","Ancient Coin","Dagger"]}},"Items":{"Ancient Coin":{"Type":"Valuables"}}};{"Quest":{"Name":"The Shadowfen Relic","Giver":"Ser Roderick Vance","Actions":["goto Shadowfen","stealth Cult Fanatic","take Ancient Coin","goto Ironhold Keep","give Ser Roderick Vance"]}};"Ser Roderick Vance believes The Ashen Circle holds an Ancient Coin hoard in Shadowfen. He wants you to take it and bring it to The Iron Pact.";"Steal stuff"
{"NPCs":{"Vexia Slytongue":{"Name":"Vexia Slytongue","Species":"Gnome","HomeLocation":"Crimson Market","CurrentLocation":"Crimson Market","Faction":"The Veiled Hand","OwnedItems":{"Thieves Tools":1,"Lockpick":4},"Role":"Thief","Relations":[{"Target":"Player","Favorability":0}]}},"Factions":{"The Veiled Hand":{"Name":"The Veiled Hand","Members":["Elara Nightshade","Lyra Swiftarrow","Vexia Slytongue"]}},"Locations":{"Crimson Market":{"Name":"Crimson Market","Enemies":[],"Resources":["Ancient Coin","Dwarven Ale","Health Potion","Ruby Gem"]}},"Enemies":{"Bandit Raider":{"Name":"Bandit Raider","Loot":["Lockpick","Health Potion","Ancient Coin"]}}};{"Quest":{"Name":"Thieves' Guild Pressure","Giver":"Vexia Slytongue","Actions":["goto Crimson Market","damage Bandit Raider"]}};"Vexia Slytongue wants to send a message to a rival. She asks you to rough up a Bandit Raider operating near Crimson Market.";"Attack enemy"
{"NPCs":{"Grimble Bristlebeard":{"Name":"Grimble Bristlebeard","Species":"Dwarf","HomeLocation":"Ironhold Keep","CurrentLocation":"Ironhold Keep","Faction":"The Iron Pact","OwnedItems":{"Dwarven Ale":5,"Mystic Herb":1},"Role":"Apothecary","Relations":[{"Target":"Player","Favorability":1}]}},"Factions":{"The Iron Pact":{"Name":"The Iron Pact","Members":["Thalia Ironheart","Grimble Bristlebeard","Orvin Stonefist","Ser Roderick Vance"]}},"Locations":{"Ironhold Keep":{"Name":"Ironhold Keep","Enemies":["Bandit Raider","Golem Guardian"],"Resources":["Steel Ingot","Iron Sword","Leather Armor"]}},"Enemies":{"Golem Guardian":{"Name":"Golem Guardian","Loot":["Steel Ingot","Ruby Gem"]}},"Items":{"Steel Ingot":{"Type":"Ingredient"}}};{"Quest":{"Name":"The Golem's Core","Giver":"Grimble Bristlebeard","Actions":["goto Ironhold Keep","kill Golem Guardian","take Steel Ingot","goto Ironhold Keep","give Grimble Bristlebeard"]}};"Grimble Bristlebeard needs a Steel Ingot from a Golem Guardian's remains to complete a special alloy. He wants you to retrieve one.";"Recover stolen item"
{"NPCs":{"Iona the Wise":{"Name":"Iona the Wise","Species":"Gnome","HomeLocation":"Mage's Tower","CurrentLocation":"Mage's Tower","Faction":null,"OwnedItems":{"Spell Scroll: Fireball":2,"Mana Potion":3},"Role":"Apothecary","Relations":[{"Target":"Player","Favorability":1}]}},"Locations":{"Mage's Tower":{"Name":"Mage's Tower","Enemies":["Golem Guardian"],"Resources":["Mana Potion","Spell Scroll: Fireball"]}},"Enemies":{"Golem Guardian":{"Name":"Golem Guardian","Loot":["Steel Ingot","Ruby Gem"]}}};{"Quest":{"Name":"The Mage's Tower Vigil","Giver":"Iona the Wise","Actions":["goto Mage's Tower","defend"]}};"Iona the Wise is conducting a dangerous ritual and needs someone to guard Mage's Tower from intruders.";"Guard entity"
{"NPCs":{"Cedric the Steadfast":{"Name":"Cedric the Steadfast","Species":"Human","HomeLocation":"Rivertown","CurrentLocation":"Rivertown","Faction":"Rivertown Council","Role":"Guard Captain","Relations":[{"Target":"Player","Favorability":2}]}},"Factions":{"Rivertown Council":{"Name":"Rivertown Council","Relations":[{"Target":"Player","Favorability":2}],"Members":["Cedric the Steadfast","Brom Hearthfire"]}},"Locations":{"Sunstone Desert":{"Name":"Sunstone Desert","Enemies":["Bandit Raider","Sand Worm"],"Resources":["Ruby Gem","Ancient Coin"]},"Rivertown":{"Name":"Rivertown","Enemies":["Forest Wolf"],"Resources":["Health Potion","Dwarven Ale","Iron Sword"]}},"Enemies":{"Bandit Raider":{"Name":"Bandit Raider","Loot":["Lockpick","Health Potion","Ancient Coin"]}}};{"Quest":{"Name":"Desert Bandit Scourge","Giver":"Cedric the Steadfast","Actions":["goto Sunstone Desert","kill Bandit Raider","goto Rivertown","report"]}};"Rivertown Council reports Bandit Raiders are attacking travelers near Sunstone Desert. Cedric the Steadfast wants them eliminated.";"Kill enemies"
{"NPCs":{"Lyra Swiftarrow":{"Name":"Lyra Swiftarrow","Species":"Elf","HomeLocation":"Whispering Woods","CurrentLocation":"Whispering Woods","Faction":"The Veiled Hand","OwnedItems":{"Iron Sword":1,"Bear Trap":1},"Role":"Thief","Relations":[{"Target":"Player","Favorability":-1}]},"Orvin Stonefist":{"Name":"Orvin Stonefist","Species":"Dwarf","HomeLocation":"Ironhold Keep","CurrentLocation":"Ironhold Keep","Faction":"The Iron Pact","OwnedItems":{"Steel Ingot":5,"Ancient Coin":2},"Role":"Merchant","Relations":[{"Target":"Player","Favorability":0}]}},"Factions":{"The Veiled Hand":{"Name":"The Veiled Hand","Members":["Elara Nightshade","Lyra Swiftarrow","Vexia Slytongue"]},"The Iron Pact":{"Name":"The Iron Pact","Members":["Thalia Ironheart","Grimble Bristlebeard","Orvin Stonefist","Ser Roderick Vance"]}},"Locations":{"Rivertown":{"Name":"Rivertown","Enemies":["Forest Wolf"],"Resources":["Health Potion","Dwarven Ale","Iron Sword"]},"Whispering Woods":{"Name":"Whispering Woods","Enemies":["Forest Wolf","Corrupted Treant"],"Resources":["Mystic Herb","Healing Salve"]}},"Items":{"Iron Sword":{"Type":"Weapon"}}};{"Quest":{"Name":"The Veiled Hand's Debt","Giver":"Lyra Swiftarrow","Actions":["goto Rivertown","stealth Orvin Stonefist","take Iron Sword","goto Whispering Woods","give Lyra Swiftarrow"]}};"A merchant defaulted on a deal with The Veiled Hand. Lyra Swiftarrow wants you to take an Iron Sword from him as payment.";"Steal stuff"
{"NPCs":{"Brom Hearthfire":{"Name":"Brom Hearthfire","Species":"Human","HomeLocation":"Rivertown","CurrentLocation":"Rivertown","Faction":"Rivertown Council","Role":"Innkeeper","Relations":[{"Target":"Player","Favorability":2}]}},"Factions":{"Rivertown Council":{"Name":"Rivertown Council","Members":["Cedric the Steadfast","Brom Hearthfire"]}},"Locations":{"Rivertown":{"Name":"Rivertown","Enemies":["Forest Wolf"],"Resources":["Health Potion","Dwarven Ale","Iron Sword"]}},"Enemies":{"Forest Wolf":{"Name":"Forest Wolf","Loot":["Fur","Meat"]}}};{"Quest":{"Name":"Forest Wolf Cull","Giver":"Brom Hearthfire","Actions":["goto Rivertown","damage Forest Wolf","goto Rivertown","report"]}};"A pack of Forest Wolves has been attacking livestock near Rivertown. Brom Hearthfire wants them driven off.";"Attack threatening entities"
{"NPCs":{"Thalia Ironheart":{"Name":"Thalia Ironheart","Species":"Human","HomeLocation":"Ironhold Keep","CurrentLocation":"Ironhold Keep","Faction":"The Iron Pact","Role":"Blacksmith","Relations":[{"Target":"Player","Favorability":2}]}},"Factions":{"The Iron Pact":{"Name":"The Iron Pact","Relations":[{"Target":"The Ashen Circle","Favorability":-4}],"Members":["Thalia Ironheart","Grimble Bristlebeard","Orvin Stonefist","Ser Roderick Vance"]},"The Ashen Circle":{"Name":"The Ashen Circle","Treasury":{"Mystic Herb":8,"Ancient Coin":80}}},"Locations":{"Shadowfen":{"Name":"Shadowfen","Enemies":["Cult Fanatic","Shadow Stalker"],"Resources":["Mystic Herb","Shadow Essence"]},"Ironhold Keep":{"Name":"Ironhold Keep","Enemies":["Bandit Raider","Golem Guardian"],"Resources":["Steel Ingot","Iron Sword","Leather Armor"]}},"Enemies":{"Cult Fanatic":{"Name":"Cult Fanatic","Loot":["Mystic Herb","Ancient Coin","Dagger"]}},"Items":{"Mystic Herb":{"Type":"Ingredient"}}};{"Quest":{"Name":"The Ashen Circle Informant","Giver":"Thalia Ironheart","Actions":["goto Shadowfen","stealth Cult Fanatic","take Mystic Herb","goto Ironhold Keep","give Thalia Ironheart"]}};"The Iron Pact suspects a Cult Fanatic in Shadowfen has a ledger. Thalia Ironheart wants it stolen and brought to her.";"Steal stuff"
{"NPCs":{"Elara Nightshade":{"Name":"Elara Nightshade","Species":"Elf","HomeLocation":"Whispering Woods","CurrentLocation":"Whispering Woods","Faction":"The Veiled Hand","Role":"Apothecary","Relations":[{"Target":"Player","Favorability":1}]}},"Factions":{"The Veiled Hand":{"Name":"The Veiled Hand","Members":["Elara Nightshade","Lyra Swiftarrow","Vexia Slytongue"]}},"Locations":{"Whispering Woods":{"Name":"Whispering Woods","Enemies":["Forest Wolf","Corrupted Treant"],"Resources":["Mystic Herb","Healing Salve"]}},"Enemies":{"Corrupted Treant":{"Name":"Corrupted Treant","Loot":["Mystic Herb","Ancient Wood"]}}};{"Quest":{"Name":"Corrupted Grove Purge","Giver":"Elara Nightshade","Actions":["goto Whispering Woods","kill Corrupted Treant","goto Whispering Woods","report"]}};"Elara Nightshade needs the Corrupted Treant in Whispering Woods destroyed. Its corruption is spreading too fast.";"Kill enemies"
{"NPCs":{"Finnan Copperpot":{"Name":"Finnan Copperpot","Species":"Halfling","HomeLocation":"Crimson Market","CurrentLocation":"Sunstone Desert","Faction":"Free Traders Coalition","OwnedItems":{"Ancient Coin":5,"Ruby Gem":1},"Role":"Merchant","Relations":[{"Target":"Player","Favorability":1}]}},"Factions":{"Free Traders Coalition":{"Name":"Free Traders Coalition","Relations":[{"Target":"Player","Favorability":2}],"Members":["Mira Brightfern","Finnan Copperpot"]}},"Locations":{"Sunstone Desert":{"Name":"Sunstone Desert","Enemies":["Bandit Raider","Sand Worm"],"Resources":["Ruby Gem","Ancient Coin"]},"Crimson Market":{"Name":"Crimson Market","Enemies":[],"Resources":["Ancient Coin","Dwarven Ale","Health Potion","Ruby Gem"]}},"Enemies":{"Bandit Raider":{"Name":"Bandit Raider","Loot":["Lockpick","Health Potion","Ancient Coin"]}},"Items":{"Ruby Gem":{"Type":"Valuables"}}};{"Quest":{"Name":"The Sunstone Treasure","Giver":"Finnan Copperpot","Actions":["goto Sunstone Desert","kill Bandit Raider","take Ruby Gem","goto Crimson Market","give Finnan Copperpot"]}};"Finnan Copperpot had a shipment of Ruby Gems stolen by Bandit Raiders in Sunstone Desert. He wants them recovered.";"Recover stolen item"
{"NPCs":{"Thorin Ironhand":{"Name":"Thorin Ironhand","Species":"Dwarf","HomeLocation":"Ironhold Fortress","CurrentLocation":"Ironhold Fortress","Faction":"The Silver Dawn","Role":"Blacksmith","Relations":[{"Target":"Kaelen","Favorability":2},{"Target":"The Silver Dawn","Favorability":5}]}},"Locations":{"Ironhold Fortress":{"Name":"Ironhold Fortress","Enemies":["Iron Golem"],"Resources":["Iron Ore","Plate Chestpiece"]}},"Enemies":{"Iron Golem":{"Name":"Iron Golem","Loot":["Iron Ore","Plate Chestpiece"]}}};{"Quest":{"Name":"The Iron Circle's Sabotage","Giver":"Thorin Ironhand","Actions":["goto Ironhold Fortress","damage Iron Golem","goto Thorin Ironhand","report"]}};"Thorin Ironhand reports that The Iron Circle has sent agents to sabotage the forges in Ironhold Fortress. He needs you to drive them off and damage their equipment before reporting back.";"Attack threatening entities"
{"NPCs":{"Lyra Whisperwind":{"Name":"Lyra Whisperwind","Species":"Elf","HomeLocation":"Starlight Temple","CurrentLocation":"Starlight Temple","Faction":"The Silver Dawn","Role":"Cleric","Relations":[{"Target":"Kaelen","Favorability":3}]}},"Locations":{"Shadowfen Ruins":{"Name":"Shadowfen Ruins","Enemies":["Shadow Wraith","Cult Fanatic"],"Resources":["Stolen Idol","Ancient Tablet","Mana Potion"]}},"Enemies":{"Cult Fanatic":{"Name":"Cult Fanatic","Loot":["Stolen Idol","Health Elixir"]}},"Items":{"Stolen Idol":{"Name":"Stolen Idol","Type":"QuestItem"}}};{"Quest":{"Name":"The Stolen Temple Idol","Giver":"Lyra Whisperwind","Actions":["goto Shadowfen Ruins","gather Stolen Idol","goto Lyra Whisperwind","give Stolen Idol"]}};"Lyra Whisperwind had a sacred idol stolen from the Starlight Temple by a Cult Fanatic. She wants it returned so the temple's blessings can be restored.";"Recover stolen item"
{"NPCs":{"Elara Nightshade":{"Name":"Elara Nightshade","Species":"Elf","HomeLocation":"Verdant Grove","CurrentLocation":"Verdant Grove","Faction":"The Veiled Hand","Role":"Rogue","Relations":[{"Target":"Kaelen","Favorability":4},{"Target":"The Veiled Hand","Favorability":3}]}},"Locations":{"Verdant Grove":{"Name":"Verdant Grove","Enemies":["Forest Stalker"],"Resources":["Wolf Pelt","Healing Potion"]}},"Enemies":{"Forest Stalker":{"Name":"Forest Stalker","Loot":["Wolf Pelt","Healing Potion"]}}};{"Quest":{"Name":"The Verdant Grove Ritual","Giver":"Elara Nightshade","Actions":["goto Verdant Grove","defend Elara Nightshade"]}};"Elara Nightshade is performing a sensitive ritual in Verdant Grove and needs protection from the Forest Stalkers that have been drawn to the area.";"Guard entity"
{"Factions":{"The Veiled Hand":{"Name":"The Veiled Hand","Relations":[{"Target":"The Iron Circle","Favorability":-2},{"Target":"The Ashen Court","Favorability":1},{"Target":"Kaelen","Favorability":3}],"Members":["Elara Nightshade","Orin Shadowstep"]}},"Locations":{"Shadowfen Ruins":{"Name":"Shadowfen Ruins","Enemies":["Shadow Wraith","Cult Fanatic","Void Elemental"],"Resources":["Stolen Idol","Ancient Tablet","Mana Potion"]}},"Enemies":{"Shadow Wraith":{"Name":"Shadow Wraith","Loot":["Mana Potion","Dragon's Tear Gem"]}}};{"Quest":{"Name":"The Wraith in Shadowfen","Giver":"The Veiled Hand","Actions":["goto Shadowfen Ruins","damage Shadow Wraith"]}};"The Veiled Hand wants the Shadow Wraith haunting the Shadowfen Ruins eliminated. It has been ambushing their agents and disrupting their operations.";"Attack enemy"
{"NPCs":{"Bram Copperkettle":{"Name":"Bram Copperkettle","Species":"Gnome","HomeLocation":"Ironhold Fortress","CurrentLocation":"Ironhold Fortress","Faction":null,"Role":"Alchemist","Relations":[{"Target":"Kaelen","Favorability":0}]},"Grimm Stonefist":{"Name":"Grimm Stonefist","Species":"Dwarf","HomeLocation":"Ironhold Fortress","CurrentLocation":"Shadowfen Ruins","Faction":"The Iron Circle","Role":"Guard","Relations":[{"Target":"Kaelen","Favorability":-2},{"Target":"The Iron Circle","Favorability":4}]}},"Locations":{"Ironhold Fortress":{"Name":"Ironhold Fortress","Enemies":["Iron Golem"],"Resources":["Iron Ore","Plate Chestpiece"]}},"Items":{"Dragon's Tear Gem":{"Name":"Dragon's Tear Gem","Type":"Ingredient"}}};{"Quest":{"Name":"The Alchemist's Formula","Giver":"Bram Copperkettle","Actions":["goto Ironhold Fortress","goto Grimm Stonefist","stealth Grimm Stonefist","take Dragon's Tear Gem","goto Bram Copperkettle","give Dragon's Tear Gem"]}};"Bram Copperkettle needs a rare ingredient—a Dragon's Tear Gem—held by a merchant aligned with The Iron Circle. He wants you to acquire it discreetly and bring it to him.";"Steal stuff"
{"Factions":{"The Silver Dawn":{"Name":"The Silver Dawn","Relations":[{"Target":"The Iron Circle","Favorability":-4},{"Target":"The Ashen Court","Favorability":-5},{"Target":"Kaelen","Favorability":2}],"Members":["Thorin Ironhand","Finnian Swift","Lyra Whisperwind","Aelar Dawnseeker"]}},"Locations":{"Shadowfen Ruins":{"Name":"Shadowfen Ruins","Enemies":["Shadow Wraith","Cult Fanatic","Void Elemental"],"Resources":["Stolen Idol","Ancient Tablet","Mana Potion"]}},"Enemies":{"Cult Fanatic":{"Name":"Cult Fanatic","Loot":["Stolen Idol","Health Elixir"]}}};{"Quest":{"Name":"The Fanatics' Hideout","Giver":"The Silver Dawn","Actions":["goto Shadowfen Ruins","kill Cult Fanatic","goto The Silver Dawn","report"]}};"The Ashen Court has been recruiting Cult Fanatics in the Shadowfen Ruins. The Silver Dawn wants them eliminated before they grow too powerful.";"Kill enemies"
{"NPCs":{"Aelar Dawnseeker":{"Name":"Aelar Dawnseeker","Species":"Elf","HomeLocation":"Starlight Temple","CurrentLocation":"Starlight Temple","Faction":"The Silver Dawn","Role":"Ranger","Relations":[{"Target":"Kaelen","Favorability":2}]},"Grimm Stonefist":{"Name":"Grimm Stonefist","Species":"Dwarf","HomeLocation":"Ironhold Fortress","CurrentLocation":"Shadowfen Ruins","Faction":"The Iron Circle","Role":"Guard","Relations":[{"Target":"Kaelen","Favorability":-2},{"Target":"The Iron Circle","Favorability":4}]}},"Factions":{"The Iron Circle":{"Name":"The Iron Circle","Relations":[{"Target":"The Silver Dawn","Favorability":-4},{"Target":"The Veiled Hand","Favorability":-2},{"Target":"Kaelen","Favorability":-3}],"Members":["Grimm Stonefist"]}},"Locations":{"Ironhold Fortress":{"Name":"Ironhold Fortress","Enemies":["Iron Golem"],"Resources":["Iron Ore","Plate Chestpiece"]}}};{"Quest":{"Name":"The Iron Circle's Ledger","Giver":"Aelar Dawnseeker","Actions":["goto Ironhold Fortress","goto Grimm Stonefist","kill Grimm Stonefist","take Iron Circle Ledger","goto Aelar Dawnseeker","give Iron Circle Ledger"]}};"The Silver Dawn wants proof of The Iron Circle's illicit dealings. Grimm Stonefist carries a ledger detailing their operations. Steal it and deliver it to Aelar Dawnseeker.";"Steal stuff"
{"NPCs":{"Finnian Swift":{"Name":"Finnian Swift","Species":"Halfling","HomeLocation":"Mistwood Village","CurrentLocation":"Mistwood Village","Faction":"The Silver Dawn","Role":"Innkeeper","Relations":[{"Target":"Kaelen","Favorability":1}]}},"Locations":{"Mistwood Village":{"Name":"Mistwood Village","Enemies":[],"Resources":[]}},"Enemies":{"Dire Wolf Alpha":{"Name":"Dire Wolf Alpha","Loot":["Wolf Pelt","Iron Sword"]}}};{"Quest":{"Name":"The Mistwood Ambush","Giver":"Finnian Swift","Actions":["goto Mistwood Village","damage Dire Wolf Alpha","goto Finnian Swift","report"]}};"Finnian Swift reports that Dire Wolf Alphas have been attacking travelers near Mistwood Village. He needs you to drive them away from the trade routes.";"Attack threatening entities"
{"NPCs":{"Orin Shadowstep":{"Name":"Orin Shadowstep","Species":"Halfling","HomeLocation":"Mistwood Village","CurrentLocation":"Shadowfen Ruins","Faction":"The Veiled Hand","Role":"Rogue","Relations":[{"Target":"Kaelen","Favorability":1},{"Target":"The Veiled Hand","Favorability":3}]}},"Factions":{"The Veiled Hand":{"Name":"The Veiled Hand","Relations":[{"Target":"The Iron Circle","Favorability":-2},{"Target":"The Ashen Court","Favorability":1},{"Target":"Kaelen","Favorability":3}],"Members":["Elara Nightshade","Orin Shadowstep"]}},"Locations":{"Mistwood Village":{"Name":"Mistwood Village","Enemies":[],"Resources":[]}}};{"Quest":{"Name":"The Veiled Hand's Package","Giver":"Orin Shadowstep","Actions":["goto Mistwood Village","defend Orin Shadowstep"]}};"Orin Shadowstep is transporting a sensitive package through Mistwood Village. He needs an escort to ensure it reaches its destination safely.";"Guard entity"
{"NPCs":{"Lyra Whisperwind":{"Name":"Lyra Whisperwind","Species":"Elf","HomeLocation":"Starlight Temple","CurrentLocation":"Starlight Temple","Faction":"The Silver Dawn","Role":"Cleric","Relations":[{"Target":"Kaelen","Favorability":3}]},"Merek the Quiet":{"Name":"Merek the Quiet","Species":"Human","HomeLocation":"Shadowfen Ruins","CurrentLocation":"Shadowfen Ruins","Faction":"The Ashen Court","Role":"Mage","Relations":[{"Target":"The Ashen Court","Favorability":4}]}},"Locations":{"Starlight Temple":{"Name":"Starlight Temple","Enemies":[],"Resources":["Health Elixir","Ancient Tablet"]}}};{"Quest":{"Name":"The Ashen Court's Ritual","Giver":"Lyra Whisperwind","Actions":["goto Starlight Temple","damage Merek the Quiet"]}};"Merek the Quiet is attempting to summon a Void Elemental at the Starlight Temple. Stop him before the ritual completes.";"Attack enemy"
{"NPCs":{"Elara Nightshade":{"Name":"Elara Nightshade","Species":"Elf","HomeLocation":"Verdant Grove","CurrentLocation":"Verdant Grove","Faction":"The Veiled Hand","Role":"Rogue","Relations":[{"Target":"Kaelen","Favorability":4},{"Target":"The Veiled Hand","Favorability":3}]},"Seraphina Vale":{"Name":"Seraphina Vale","Species":"Human","HomeLocation":"Mistwood Village","CurrentLocation":"Mistwood Village","Faction":"The Ashen Court","Role":"Merchant","Relations":[{"Target":"The Ashen Court","Favorability":2}]}},"Locations":{"Mistwood Village":{"Name":"Mistwood Village","Enemies":[],"Resources":[]}},"Items":{"Stolen Idol":{"Name":"Stolen Idol","Type":"QuestItem"}}};{"Quest":{"Name":"Seraphina's Debt","Giver":"Elara Nightshade","Actions":["goto Mistwood Village","goto Seraphina Vale","stealth Seraphina Vale","take Stolen Idol","goto Elara Nightshade","give Stolen Idol"]}};"Seraphina Vale owes a debt to The Veiled Hand. She's been avoiding payment. Steal the Stolen Idol she's hiding and deliver it to Elara Nightshade.";"Steal stuff"
{"Factions":{"The Silver Dawn":{"Name":"The Silver Dawn","Relations":[{"Target":"The Iron Circle","Favorability":-4},{"Target":"The Ashen Court","Favorability":-5},{"Target":"Kaelen","Favorability":2}],"Members":["Thorin Ironhand","Finnian Swift","Lyra Whisperwind","Aelar Dawnseeker"]}},"Locations":{"Ironhold Fortress":{"Name":"Ironhold Fortress","Enemies":["Iron Golem"],"Resources":["Iron Ore","Plate Chestpiece"]}},"Enemies":{"Dire Wolf Alpha":{"Name":"Dire Wolf Alpha","Loot":["Wolf Pelt","Iron Sword"]}}};{"Quest":{"Name":"The Pack Hunters","Giver":"The Silver Dawn","Actions":["goto Ironhold Fortress","kill Dire Wolf Alpha","goto The Silver Dawn","report"]}};"The Iron Circle has been using trained Dire Wolf Alphas to patrol their territory. The Silver Dawn wants them eliminated to weaken Iron Circle's defenses.";"Kill enemies"
{"NPCs":{"Corvus Blackthorn":{"Name":"Corvus Blackthorn","Species":"Human","HomeLocation":"Shadowfen Ruins","CurrentLocation":"Shadowfen Ruins","Faction":"The Ashen Court","Role":"Mage","Relations":[{"Target":"The Ashen Court","Favorability":5}]}},"Locations":{"Shadowfen Ruins":{"Name":"Shadowfen Ruins","Enemies":["Shadow Wraith","Cult Fanatic","Void Elemental"],"Resources":["Stolen Idol","Ancient Tablet","Mana Potion"]}},"Enemies":{"Void Elemental":{"Name":"Void Elemental","Loot":["Mana Potion","Dragon's Tear Gem"]}}};{"Quest":{"Name":"The Corrupted Heart","Giver":"Corvus Blackthorn","Actions":["goto Shadowfen Ruins","damage Void Elemental","goto Corvus Blackthorn","report"]}};"A Void Elemental has been drawn to the Shadowfen Ruins, corrupting the area. Corvus Blackthorn wants it weakened so he can study its essence.";"Attack threatening entities"
{"NPCs":{"Thorin Ironhand":{"Name":"Thorin Ironhand","Species":"Dwarf","HomeLocation":"Ironhold Fortress","CurrentLocation":"Ironhold Fortress","Faction":"The Silver Dawn","Role":"Blacksmith","Relations":[{"Target":"Kaelen","Favorability":2},{"Target":"The Silver Dawn","Favorability":5}]}},"Locations":{"Ironhold Fortress":{"Name":"Ironhold Fortress","Enemies":["Iron Golem"],"Resources":["Iron Ore","Plate Chestpiece"]}},"Items":{"Iron Ore":{"Name":"Iron Ore","Type":"Ingredient"}}};{"Quest":{"Name":"Thorin's Lost Ore","Giver":"Thorin Ironhand","Actions":["goto Ironhold Fortress","gather Iron Ore","goto Thorin Ironhand","give Iron Ore"]}};"Thorin Ironhand had a shipment of Iron Ore stolen by The Iron Circle. He wants it recovered before his forge runs dry.";"Recover stolen item"
{"NPCs":{"Aelar Dawnseeker":{"Name":"Aelar Dawnseeker","Species":"Elf","HomeLocation":"Starlight Temple","CurrentLocation":"Starlight Temple","Faction":"The Silver Dawn","Role":"Ranger","Relations":[{"Target":"Kaelen","Favorability":2}]}},"Locations":{"Starlight Temple":{"Name":"Starlight Temple","Enemies":[],"Resources":["Health Elixir","Ancient Tablet"]}},"Enemies":{"Cult Fanatic":{"Name":"Cult Fanatic","Loot":["Stolen Idol","Health Elixir"]}}};{"Quest":{"Name":"The Temple Invasion","Giver":"Aelar Dawnseeker","Actions":["goto Starlight Temple","defend Aelar Dawnseeker"]}};"Cult Fanatics are trying to desecrate the Starlight Temple. Aelar Dawnseeker needs protection while she performs a sanctification ritual.";"Guard entity"
{"Factions":{"The Veiled Hand":{"Name":"The Veiled Hand","Relations":[{"Target":"The Iron Circle","Favorability":-2},{"Target":"The Ashen Court","Favorability":1},{"Target":"Kaelen","Favorability":3}],"Members":["Elara Nightshade","Orin Shadowstep"]}},"NPCs":{"Orin Shadowstep":{"Name":"Orin Shadowstep","Species":"Halfling","HomeLocation":"Mistwood Village","CurrentLocation":"Shadowfen Ruins","Faction":"The Veiled Hand","Role":"Rogue","Relations":[{"Target":"Kaelen","Favorability":1},{"Target":"The Veiled Hand","Favorability":3}]}},"Locations":{"Shadowfen Ruins":{"Name":"Shadowfen Ruins","Enemies":["Shadow Wraith","Cult Fanatic","Void Elemental"],"Resources":["Stolen Idol","Ancient Tablet","Mana Potion"]}}};{"Quest":{"Name":"The Rival Agent","Giver":"The Veiled Hand","Actions":["goto Shadowfen Ruins","damage Orin Shadowstep"]}};"The Veiled Hand has identified Orin Shadowstep as a potential double agent. They want you to confront him and send a message.";"Attack enemy"
{"NPCs":{"Merek the Quiet":{"Name":"Merek the Quiet","Species":"Human","HomeLocation":"Shadowfen Ruins","CurrentLocation":"Shadowfen Ruins","Faction":"The Ashen Court","Role":"Mage","Relations":[{"Target":"The Ashen Court","Favorability":4}]},"Grimm Stonefist":{"Name":"Grimm Stonefist","Species":"Dwarf","HomeLocation":"Ironhold Fortress","CurrentLocation":"Shadowfen Ruins","Faction":"The Iron Circle","Role":"Guard","Relations":[{"Target":"Kaelen","Favorability":-2},{"Target":"The Iron Circle","Favorability":4}]}},"Factions":{"The Iron Circle":{"Name":"The Iron Circle","Relations":[{"Target":"The Silver Dawn","Favorability":-4},{"Target":"The Veiled Hand","Favorability":-2},{"Target":"Kaelen","Favorability":-3}],"Members":["Grimm Stonefist"]}},"Locations":{"Ironhold Fortress":{"Name":"Ironhold Fortress","Enemies":["Iron Golem"],"Resources":["Iron Ore","Plate Chestpiece"]}}};{"Quest":{"Name":"The Iron Golem Schematics","Giver":"Merek the Quiet","Actions":["goto Ironhold Fortress","goto Grimm Stonefist","kill Grimm Stonefist","take Iron Golem Schematics","goto Merek the Quiet","give Iron Golem Schematics"]}};"The Ashen Court wants the schematics for the Iron Golems used by The Iron Circle. Grimm Stonefist has them locked in his chest. Steal them and deliver to Merek the Quiet.";"Steal stuff"
{"NPCs":{"Elara Nightshade":{"Name":"Elara Nightshade","Species":"Elf","HomeLocation":"Verdant Grove","CurrentLocation":"Verdant Grove","Faction":"The Veiled Hand","Role":"Rogue","Relations":[{"Target":"Kaelen","Favorability":4},{"Target":"The Veiled Hand","Favorability":3}]}},"Locations":{"Verdant Grove":{"Name":"Verdant Grove","Enemies":["Forest Stalker"],"Resources":["Wolf Pelt","Healing Potion"]}},"Enemies":{"Forest Stalker":{"Name":"Forest Stalker","Loot":["Wolf Pelt","Healing Potion"]}}};{"Quest":{"Name":"The Grove's Guardians","Giver":"Elara Nightshade","Actions":["goto Verdant Grove","kill Forest Stalker","goto Elara Nightshade","report"]}};"Forest Stalkers have overrun the outer edges of Verdant Grove. Elara Nightshade wants them cleared before they reach the village.";"Kill enemies"
{"NPCs":{"Seraphina Vale":{"Name":"Seraphina Vale","Species":"Human","HomeLocation":"Mistwood Village","CurrentLocation":"Mistwood Village","Faction":"The Ashen Court","Role":"Merchant","Relations":[{"Target":"The Ashen Court","Favorability":2}]}},"Locations":{"Mistwood Village":{"Name":"Mistwood Village","Enemies":[],"Resources":[]}},"Enemies":{"Dire Wolf Alpha":{"Name":"Dire Wolf Alpha","Loot":["Wolf Pelt","Iron Sword"]}}};{"Quest":{"Name":"The Merchant's Troubles","Giver":"Seraphina Vale","Actions":["goto Mistwood Village","damage Dire Wolf Alpha","goto Seraphina Vale","report"]}};"Seraphina Vale's trade route is being plagued by Dire Wolf Alphas. She needs them driven off so she can resume business.";"Attack threatening entities"
{"Factions":{"The Silver Dawn":{"Name":"The Silver Dawn","Relations":[{"Target":"The Iron Circle","Favorability":-4},{"Target":"The Ashen Court","Favorability":-5},{"Target":"Kaelen","Favorability":2}],"Members":["Thorin Ironhand","Finnian Swift","Lyra Whisperwind","Aelar Dawnseeker"]}},"Locations":{"Shadowfen Ruins":{"Name":"Shadowfen Ruins","Enemies":["Shadow Wraith","Cult Fanatic","Void Elemental"],"Resources":["Stolen Idol","Ancient Tablet","Mana Potion"]}},"Enemies":{"Cult Fanatic":{"Name":"Cult Fanatic","Loot":["Stolen Idol","Health Elixir"]}},"Items":{"Ancient Tablet":{"Name":"Ancient Tablet","Type":"QuestItem"}}};{"Quest":{"Name":"The Shadowfen Artifact","Giver":"The Silver Dawn","Actions":["goto Shadowfen Ruins","gather Ancient Tablet","goto The Silver Dawn","give Ancient Tablet"]}};"A valuable Ancient Tablet was stolen from the Starlight Temple by a Cult Fanatic. The Silver Dawn wants it returned before its knowledge is corrupted.";"Recover stolen item"
{"NPCs":{"Thalia Ironheart":{"Name":"Thalia Ironheart","Species":"Dwarf","HomeLocation":"Ironhold Village","CurrentLocation":"Ironhold Village","Faction":"The Iron Wardens","OwnedItems":{"Iron Shortsword":1,"Silver Ore":3},"Role":"Blacksmith","Relations":[{"Target":"Player","Favorability":2},{"Target":"The Iron Wardens","Favorability":4},{"Target":"The Crimson Dawn","Favorability":-3}],"NPCLog":[{"Originator":"Thalia Ironheart","Type":"RelationshipChanged","Target":["Player"],"For":"Thalia Ironheart","Received":null,"Favorability":2},{"Originator":"The Crimson Dawn","Type":"AttackEnemy","Target":["Thalia Ironheart"],"For":"The Crimson Dawn","Received":null,"Favorability":0}]},"Roran Stonecutter":{"Name":"Roran Stonecutter","Species":"Human","HomeLocation":"Ironhold Village","CurrentLocation":"Blackthorn Keep","Faction":"The Iron Wardens","OwnedItems":{"Warden's Badge":1,"Iron Ore":2},"Role":"GuardCaptain","Relations":[{"Target":"Player","Favorability":1},{"Target":"The Iron Wardens","Favorability":5}],"NPCLog":[]},"Marcus Blackthorn":{"Name":"Marcus Blackthorn","Species":"Human","HomeLocation":"Blackthorn Keep","CurrentLocation":"Blackthorn Keep","Faction":"The Iron Wardens","OwnedItems":{"Iron Shortsword":1},"Role":"Lord","Relations":[{"Target":"The Iron Wardens","Favorability":5},{"Target":"The Crimson Dawn","Favorability":-5}],"NPCLog":[]}},"Factions":{"The Iron Wardens":{"Name":"The Iron Wardens","Relations":[{"Target":"Player","Favorability":2},{"Target":"The Crimson Dawn","Favorability":-5},{"Target":"The Free Traders","Favorability":1}],"Members":["Thalia Ironheart","Roran Stonecutter","Marcus Blackthorn"],"FactionLog":[{"Originator":"The Iron Wardens","Type":"GuardEntity","Target":["Ironhold Village"],"For":"The Iron Wardens"}]},"The Crimson Dawn":{"Name":"The Crimson Dawn","Relations":[{"Target":"Player","Favorability":-3},{"Target":"The Iron Wardens","Favorability":-4},{"Target":"The Veiled Hand","Favorability":2}],"Members":["Morvain Shadowmere"],"FactionLog":[{"Originator":"Player","Type":"KillEnemies","Target":["Crimson Cultist"],"For":"Player","Received":null,"Favorability":-3},{"Originator":"The Crimson Dawn","Type":"FactionWarDeclared","Target":["The Iron Wardens"],"For":"The Crimson Dawn","Received":null,"Favorability":0}]}},"Locations":{"Blackthorn Keep":{"Name":"Blackthorn Keep","Enemies":["Crimson Cultist","Warden Deserter"],"Resources":["Iron Ore","Warden's Badge"]},"Ironhold Village":{"Name":"Ironhold Village","Enemies":["Ironhold Brigand"],"Resources":["Iron Ore","Leather Armor"]}},"Enemies":{"Crimson Cultist":{"Name":"Crimson Cultist","Loot":["Crimson Robes","Spell Scroll: Fireball"]}}};{"Quest":{"Name":"The Ironhearth Sabotage","Giver":"The Iron Wardens","Actions":["goto Blackthorn Keep","damage Crimson Cultist","goto Ironhold Village","report"]}};"The Iron Wardens report that Crimson Dawn agents have infiltrated the Blackthorn Keep forges and are sabotaging their weapon supplies. They need you to disrupt the operation so their smiths can repair the damage.";Attack threatening entities
{"NPCs":{"Eldon Greymist":{"Name":"Eldon Greymist","Species":"Elf","HomeLocation":"Elderwood Grove","CurrentLocation":"The Rusty Nail Inn","Faction":"The Silver Circle","OwnedItems":{"Mystic Herb":5,"Healing Potion":2},"Role":"Apothecary","Relations":[{"Target":"Player","Favorability":3},{"Target":"The Silver Circle","Favorability":5},{"Target":"The Veiled Hand","Favorability":-2}],"NPCLog":[{"Originator":"Eldon Greymist","Type":"NPCJoined","Target":["Eldon Greymist"],"For":"The Silver Circle","Received":null,"Favorability":0}]}},"Factions":{"The Veiled Hand":{"Name":"The Veiled Hand","Relations":[{"Target":"Player","Favorability":-1},{"Target":"The Silver Circle","Favorability":-4},{"Target":"The Crimson Dawn","Favorability":3}],"Members":["Morvain Shadowmere"],"Treasury":{"Shimmering Dust":5,"Lockpick Set":3,"Gold":800}},"The Silver Circle":{"Name":"The Silver Circle","Relations":[{"Target":"Player","Favorability":4},{"Target":"The Veiled Hand","Favorability":-5}],"Members":["Eldon Greymist","Lyra Swiftarrow","Seraphina Dawnweaver","Elara Whisperwind","Sister Anya"]}},"Locations":{"The Dockside Market":{"Name":"The Dockside Market","Enemies":["Shadow Stalker","Goblin Raider"],"Resources":["Lockpick Set","Shimmering Dust"]},"Elderwood Grove":{"Name":"Elderwood Grove","Enemies":["Moss-Covered Golem","Ancient Treant"],"Resources":["Mystic Herb","Elven Bread"]}},"Enemies":{"Shadow Stalker":{"Name":"Shadow Stalker","Loot":["Shimmering Dust","Lockpick Set"]}},"Items":{"Stolen Amulet":{"ItemTypes":"QuestItem"}}};{"Quest":{"Name":"The Stolen Amulet of Elders","Giver":"Eldon Greymist","Actions":["goto The Dockside Market","goto Shadow Stalker","stealth take Stolen Amulet","goto Elderwood Grove","give"]}};"Elder Eldon Greymist had a ceremonial amulet stolen by a rogue agent from the Veiled Hand. He wants you to retrieve it from the thief's hideout in the Dockside Market.";Recover stolen item
{"NPCs":{"Sister Anya":{"Name":"Sister Anya","Species":"Human","HomeLocation":"Temple of the Dawn","CurrentLocation":"Temple of the Dawn","Faction":"The Silver Circle","Role":"Cleric","Relations":[{"Target":"Player","Favorability":3}],"NPCLog":[]}},"Factions":{"The Veiled Hand":{"Name":"The Veiled Hand","Relations":[{"Target":"The Silver Circle","Favorability":-4}]},"The Silver Circle":{"Name":"The Silver Circle","Relations":[{"Target":"Player","Favorability":4},{"Target":"The Veiled Hand","Favorability":-5}],"Members":["Eldon Greymist","Lyra Swiftarrow","Seraphina Dawnweaver","Elara Whisperwind","Sister Anya"]}},"Locations":{"Temple of the Dawn":{"Name":"Temple of the Dawn","Enemies":["Crimson Cultist"],"Resources":["Healing Potion","Mystic Herb"]}}};{"Quest":{"Name":"The Temple Vigil","Giver":"Sister Anya","Actions":["goto Temple of the Dawn","defend"]}};"Sister Anya fears the Veiled Hand may desecrate the Temple of the Dawn during the upcoming solstice. She asks you to stand guard through the night.";Guard entity
{"NPCs":{"Seraphina Dawnweaver":{"Name":"Seraphina Dawnweaver","Species":"Dragonborn","HomeLocation":"Temple of the Dawn","CurrentLocation":"Temple of the Dawn","Faction":"The Silver Circle","Role":"Cleric","Relations":[{"Target":"Player","Favorability":5}],"NPCLog":[{"Originator":"Player","Type":"GuardEntity","Target":["Seraphina Dawnweaver"],"For":"Player","Received":null,"Favorability":0}]}},"Factions":{"The Crimson Dawn":{"Name":"The Crimson Dawn","Relations":[{"Target":"The Silver Circle","Favorability":0}],"Members":["Morvain Shadowmere"]}},"Locations":{"Whispering Woods":{"Name":"Whispering Woods","Enemies":["Goblin Raider","Ancient Treant","Shadow Stalker"],"Resources":["Mystic Herb","Elven Bread"]}},"Enemies":{"Crimson Cultist":{"Name":"Crimson Cultist","Loot":["Crimson Robes","Spell Scroll: Fireball"]}}};{"Quest":{"Name":"The Crimson Courier","Giver":"Seraphina Dawnweaver","Actions":["goto Whispering Woods","damage Crimson Cultist"]}};"A Crimson Dawn courier carrying sensitive war plans is traveling through the Whispering Woods. Seraphina Dawnweaver wants you to intercept and neutralize the threat.";Attack enemy
{"NPCs":{"Finnegan \"Finn\" Tumblefoot":{"Name":"Finnegan \"Finn\" Tumblefoot","Species":"Gnome","HomeLocation":"The Dockside Market","CurrentLocation":"The Rusty Nail Inn","Faction":"The Free Traders","OwnedItems":{"Lockpick Set":1,"Shimmering Dust":1},"Role":"Rogue","Relations":[{"Target":"Player","Favorability":1}],"NPCLog":[]},"Morvain Shadowmere":{"Name":"Morvain Shadowmere","Species":"Tiefling","HomeLocation":"Crimson Spire","CurrentLocation":"Crimson Spire","Faction":"The Veiled Hand","OwnedItems":{"Spell Scroll: Fireball":1,"Crimson Robes":1},"Role":"Mage","Relations":[{"Target":"Player","Favorability":-2},{"Target":"The Veiled Hand","Favorability":4},{"Target":"The Silver Circle","Favorability":-3}],"NPCLog":[{"Originator":"Player","Type":"AttackEnemy","Target":["Morvain Shadowmere"],"For":"Player","Received":null,"Favorability":-2}]}},"Factions":{"The Veiled Hand":{"Name":"The Veiled Hand","Members":["Morvain Shadowmere"],"Treasury":{"Shimmering Dust":5,"Lockpick Set":3,"Gold":800}},"The Free Traders":{"Name":"The Free Traders","Relations":[{"Target":"Player","Favorability":1}],"Members":["Finnegan \"Finn\" Tumblefoot"]}},"Locations":{"Crimson Spire":{"Name":"Crimson Spire","Enemies":["Crimson Cultist","Shadow Stalker"],"Resources":["Crimson Robes","Spell Scroll: Fireball"]},"The Rusty Nail Inn":{"Name":"The Rusty Nail Inn","Enemies":[],"Resources":["Healing Potion","Elven Bread"]}}};{"Quest":{"Name":"The Shadowmere Ledger","Giver":"Finnegan \"Finn\" Tumblefoot","Actions":["goto Crimson Spire","goto Morvain Shadowmere","stealth take Ledger","goto The Rusty Nail Inn","give"]}};"Finnegan \"Finn\" Tumblefoot needs you to steal a ledger from Morvain Shadowmere that contains evidence of the Veiled Hand's smuggling routes.";Steal stuff
{"NPCs":{"Roran Stonecutter":{"Name":"Roran Stonecutter","Species":"Human","HomeLocation":"Ironhold Village","CurrentLocation":"Blackthorn Keep","Faction":"The Iron Wardens","Role":"GuardCaptain","Relations":[{"Target":"Player","Favorability":1}],"NPCLog":[]}},"Locations":{"Ironhold Village":{"Name":"Ironhold Village","Enemies":["Ironhold Brigand","Goblin Raider"],"Resources":["Iron Ore","Leather Armor"]}},"Enemies":{"Goblin Raider":{"Name":"Goblin Raider","Loot":["Iron Ore","Healing Potion"]}}};{"Quest":{"Name":"The Goblin Menace","Giver":"Roran Stonecutter","Actions":["goto Ironhold Village","goto Goblin Raider","kill","goto Ironhold Village","report"]}};"Roran Stonecutter reports that a band of Goblin Raiders has been pillaging the outer farms near Ironhold Village. He wants you to eliminate them.";Kill enemies
{"NPCs":{"Elara Whisperwind":{"Name":"Elara Whisperwind","Species":"Elf","HomeLocation":"Elderwood Grove","CurrentLocation":"Elderwood Grove","Faction":"The Silver Circle","Role":"Druid","Relations":[{"Target":"Player","Favorability":2}],"NPCLog":[]}},"Locations":{"Elderwood Grove":{"Name":"Elderwood Grove","Enemies":["Moss-Covered Golem","Ancient Treant"],"Resources":["Mystic Herb","Elven Bread"]}},"Enemies":{"Moss-Covered Golem":{"Name":"Moss-Covered Golem","Loot":["Mystic Herb","Silver Ore"]}}};{"Quest":{"Name":"The Golem's Heart","Giver":"Elara Whisperwind","Actions":["goto Elderwood Grove","damage Moss-Covered Golem","goto Elderwood Grove","report"]}};"Elara Whisperwind needs you to weaken a Moss-Covered Golem that has been blocking the sacred spring in Elderwood Grove.";Attack threatening entities
{"NPCs":{"Thalia Ironheart":{"Name":"Thalia Ironheart","Species":"Dwarf","HomeLocation":"Ironhold Village","CurrentLocation":"Ironhold Village","Faction":"The Iron Wardens","OwnedItems":{"Iron Shortsword":1,"Silver Ore":3},"Role":"Blacksmith","Relations":[{"Target":"Player","Favorability":2}],"NPCLog":[]}},"Locations":{"Silverfang Mine":{"Name":"Silverfang Mine","Enemies":["Warden Deserter","Goblin Raider"],"Resources":["Silver Ore","Iron Ore"]},"Ironhold Village":{"Name":"Ironhold Village","Enemies":["Ironhold Brigand"],"Resources":["Iron Ore","Leather Armor"]}},"Enemies":{"Warden Deserter":{"Name":"Warden Deserter","Loot":["Warden's Badge","Iron Shortsword"]}},"Items":{"Warden's Badge":{"ItemTypes":"QuestItem"}}};{"Quest":{"Name":"The Warden's Badge","Giver":"Thalia Ironheart","Actions":["goto Silverfang Mine","goto Warden Deserter","stealth take Warden's Badge","goto Ironhold Village","give"]}};"Thalia Ironheart's Warden's Badge was taken by a rogue Warden Deserter who fled to the Silverfang Mine. She wants it back to restore her standing.";Recover stolen item
{"NPCs":{"Lyra Swiftarrow":{"Name":"Lyra Swiftarrow","Species":"Halfling","HomeLocation":"Whispering Woods","CurrentLocation":"Elderwood Grove","Faction":"The Silver Circle","Role":"Ranger","Relations":[{"Target":"Player","Favorability":4}],"NPCLog":[{"Originator":"Lyra Swiftarrow","Type":"KillEnemies","Target":["Goblin Raider","Goblin Raider"],"For":"Player","Received":null,"Favorability":0}]}},"Locations":{"Shadowfen Marsh":{"Name":"Shadowfen Marsh","Enemies":["Swamp Serpent","Goblin Raider"],"Resources":["Mystic Herb","Dragon Scale"]}},"Enemies":{"Swamp Serpent":{"Name":"Swamp Serpent","Loot":["Dragon Scale","Healing Potion"]}}};{"Quest":{"Name":"The Marsh Serpent","Giver":"Lyra Swiftarrow","Actions":["goto Shadowfen Marsh","damage Swamp Serpent"]}};"Lyra Swiftarrow has tracked a Swamp Serpent that's been terrorizing the outer edges of Elderwood Grove. She asks you to drive it back.";Attack enemy
{"Factions":{"The Free Traders":{"Name":"The Free Traders","Relations":[{"Target":"Player","Favorability":1}],"Members":["Finnegan \"Finn\" Tumblefoot"],"Treasury":{"Elven Bread":10,"Healing Potion":4,"Gold":2500}},"The Veiled Hand":{"Name":"The Veiled Hand","Relations":[{"Target":"The Crimson Dawn","Favorability":3}],"Members":["Morvain Shadowmere"]},"The Crimson Dawn":{"Name":"The Crimson Dawn","Relations":[{"Target":"The Veiled Hand","Favorability":2}]}},"Locations":{"The Dockside Market":{"Name":"The Dockside Market","Enemies":["Shadow Stalker","Goblin Raider","Crimson Cultist"],"Resources":["Lockpick Set","Shimmering Dust"]},"The Rusty Nail Inn":{"Name":"The Rusty Nail Inn","Enemies":[],"Resources":["Healing Potion","Elven Bread"]}},"Enemies":{"Crimson Cultist":{"Name":"Crimson Cultist","Loot":["Crimson Robes","Spell Scroll: Fireball"]}}};{"Quest":{"Name":"The Veiled Hand's Tribute","Giver":"The Free Traders","Actions":["goto The Dockside Market","goto Crimson Cultist","kill take Gold","goto The Rusty Nail Inn","give"]}};"The Free Traders want you to intercept a tribute shipment the Veiled Hand is sending to the Crimson Dawn, weakening both factions.";Steal stuff
{"Factions":{"The Silver Circle":{"Name":"The Silver Circle","Relations":[{"Target":"Player","Favorability":4},{"Target":"The Veiled Hand","Favorability":-5}],"Members":["Eldon Greymist","Lyra Swiftarrow","Seraphina Dawnweaver","Elara Whisperwind","Sister Anya"],"Treasury":{"Mystic Herb":15,"Healing Potion":8,"Gold":600}},"The Veiled Hand":{"Name":"The Veiled Hand","Relations":[{"Target":"The Silver Circle","Favorability":-4}]}},"Locations":{"The Shattered Citadel":{"Name":"The Shattered Citadel","Enemies":["Warden Deserter","Shadow Stalker","Ancient Treant"],"Resources":["Ancient Tablet","Dragon Scale"]},"Elderwood Grove":{"Name":"Elderwood Grove","Enemies":["Moss-Covered Golem","Ancient Treant"],"Resources":["Mystic Herb","Elven Bread"]}},"Enemies":{"Shadow Stalker":{"Name":"Shadow Stalker","Loot":["Shimmering Dust","Lockpick Set"]}},"Items":{"Ancient Tablet":{"ItemTypes":"QuestItem"}}};{"Quest":{"Name":"The Ancient Tablet","Giver":"The Silver Circle","Actions":["goto The Shattered Citadel","goto Shadow Stalker","kill take Ancient Tablet","goto Elderwood Grove","give"]}};"The Silver Circle's Ancient Tablet, a relic of historical importance, was taken by a Shadow Stalker lurking in the ruins of the Shattered Citadel.";Recover stolen item
{"NPCs":{"Marcus Blackthorn":{"Name":"Marcus Blackthorn","Species":"Human","HomeLocation":"Blackthorn Keep","CurrentLocation":"Blackthorn Keep","Faction":"The Iron Wardens","Role":"Lord","Relations":[{"Target":"The Iron Wardens","Favorability":5}],"NPCLog":[]}},"Locations":{"Silverfang Mine":{"Name":"Silverfang Mine","Enemies":["Warden Deserter","Goblin Raider","Ironhold Brigand"],"Resources":["Silver Ore","Iron Ore"]},"Blackthorn Keep":{"Name":"Blackthorn Keep","Enemies":["Crimson Cultist","Warden Deserter"],"Resources":["Iron Ore","Warden's Badge"]}},"Enemies":{"Ironhold Brigand":{"Name":"Ironhold Brigand","Loot":["Leather Armor","Iron Shortsword"]}}};{"Quest":{"Name":"The Ironhold Brigand Camp","Giver":"Marcus Blackthorn","Actions":["goto Silverfang Mine","goto Ironhold Brigand","kill","goto Blackthorn Keep","report"]}};"Marcus Blackthorn has intelligence on a band of Ironhold Brigands using an abandoned mine as a base. He wants them eliminated.";Kill enemies
{"NPCs":{"Elara Whisperwind":{"Name":"Elara Whisperwind","Species":"Elf","HomeLocation":"Elderwood Grove","CurrentLocation":"Elderwood Grove","Faction":"The Silver Circle","Role":"Druid","Relations":[{"Target":"Player","Favorability":2}],"NPCLog":[]}},"Locations":{"Whispering Woods":{"Name":"Whispering Woods","Enemies":["Goblin Raider","Ancient Treant","Shadow Stalker"],"Resources":["Mystic Herb","Elven Bread"]},"Elderwood Grove":{"Name":"Elderwood Grove","Enemies":["Moss-Covered Golem","Ancient Treant"],"Resources":["Mystic Herb","Elven Bread"]}},"Enemies":{"Ancient Treant":{"Name":"Ancient Treant","Loot":["Elven Bread","Mystic Herb","Ancient Tablet"]}}};{"Quest":{"Name":"The Treant's Corruption","Giver":"Elara Whisperwind","Actions":["goto Whispering Woods","damage Ancient Treant","goto Elderwood Grove","report"]}};"An Ancient Treant near the Whispering Woods has become corrupted and is attacking travelers. Elara Whisperwind asks you to weaken it.";Attack threatening entities
{"NPCs":{"Thalia Ironheart":{"Name":"Thalia Ironheart","Species":"Dwarf","HomeLocation":"Ironhold Village","CurrentLocation":"Ironhold Village","Faction":"The Iron Wardens","Role":"Blacksmith","Relations":[{"Target":"Player","Favorability":2}],"NPCLog":[]}},"Locations":{"Shadowfen Marsh":{"Name":"Shadowfen Marsh","Enemies":["Swamp Serpent","Goblin Raider"],"Resources":["Mystic Herb","Dragon Scale"]},"Ironhold Village":{"Name":"Ironhold Village","Enemies":["Ironhold Brigand"],"Resources":["Iron Ore","Leather Armor"]}},"Enemies":{"Swamp Serpent":{"Name":"Swamp Serpent","Loot":["Dragon Scale","Healing Potion"]}},"Items":{"Dragon Scale":{"ItemTypes":"Resource"}}};{"Quest":{"Name":"The Dragon Scale Request","Giver":"Thalia Ironheart","Actions":["goto Shadowfen Marsh","goto Swamp Serpent","kill take Dragon Scale","goto Ironhold Village","give"]}};"Thalia Ironheart needs a Dragon Scale to forge a legendary weapon. She heard the Swamp Serpent in Shadowfen Marsh has one.";Recover stolen item
{"Factions":{"The Free Traders":{"Name":"The Free Traders","Relations":[{"Target":"Player","Favorability":1}],"Members":["Finnegan \"Finn\" Tumblefoot"],"Treasury":{"Elven Bread":10,"Healing Potion":4,"Gold":2500}},"The Crimson Dawn":{"Name":"The Crimson Dawn","Relations":[{"Target":"The Free Traders","Favorability":0}]}},"Locations":{"Whispering Woods":{"Name":"Whispering Woods","Enemies":["Goblin Raider","Ancient Treant","Shadow Stalker"],"Resources":["Mystic Herb","Elven Bread"]}}};{"Quest":{"Name":"Guard the Caravan","Giver":"The Free Traders","Actions":["goto Whispering Woods","defend"]}};"The Free Traders are moving valuable goods through the Whispering Woods and fear attack from Crimson Dawn raiders. They need an escort.";Guard entity
{"NPCs":{"Finnegan \"Finn\" Tumblefoot":{"Name":"Finnegan \"Finn\" Tumblefoot","Species":"Gnome","HomeLocation":"The Dockside Market","CurrentLocation":"The Rusty Nail Inn","Faction":"The Free Traders","Role":"Rogue","Relations":[{"Target":"Player","Favorability":1}],"NPCLog":[]}},"Factions":{"The Veiled Hand":{"Name":"The Veiled Hand","Treasury":{"Shimmering Dust":5,"Lockpick Set":3,"Gold":800}}},"Locations":{"The Dockside Market":{"Name":"The Dockside Market","Enemies":["Shadow Stalker","Goblin Raider"],"Resources":["Lockpick Set","Shimmering Dust"]},"The Rusty Nail Inn":{"Name":"The Rusty Nail Inn","Enemies":[],"Resources":["Healing Potion","Elven Bread"]}},"Enemies":{"Shadow Stalker":{"Name":"Shadow Stalker","Loot":["Shimmering Dust","Lockpick Set"]}},"Items":{"Shimmering Dust":{"ItemTypes":"Ingredient"}}};{"Quest":{"Name":"The Shimmering Dust Heist","Giver":"Finnegan \"Finn\" Tumblefoot","Actions":["goto The Dockside Market","goto Shadow Stalker","stealth take Shimmering Dust","goto The Rusty Nail Inn","give"]}};"Finnegan \"Finn\" Tumblefoot wants you to steal a pouch of Shimmering Dust from the Veiled Hand's stash in the Dockside Market.";Steal stuff
{"NPCs":{"Seraphina Dawnweaver":{"Name":"Seraphina Dawnweaver","Species":"Dragonborn","HomeLocation":"Temple of the Dawn","CurrentLocation":"Temple of the Dawn","Faction":"The Silver Circle","Role":"Cleric","Relations":[{"Target":"Player","Favorability":5}],"NPCLog":[]}},"Factions":{"The Crimson Dawn":{"Name":"The Crimson Dawn","Members":["Morvain Shadowmere"],"FactionLog":[{"Originator":"Player","Type":"KillEnemies","Target":["Crimson Cultist"],"For":"Player"}]}},"Locations":{"Crimson Spire":{"Name":"Crimson Spire","Enemies":["Crimson Cultist","Shadow Stalker"],"Resources":["Crimson Robes","Spell Scroll: Fireball"]},"Temple of the Dawn":{"Name":"Temple of the Dawn","Enemies":["Crimson Cultist"],"Resources":["Healing Potion","Mystic Herb"]}},"Enemies":{"Crimson Cultist":{"Name":"Crimson Cultist","Loot":["Crimson Robes","Spell Scroll: Fireball"]}}};{"Quest":{"Name":"The Cultist Hideout","Giver":"Seraphina Dawnweaver","Actions":["goto Crimson Spire","goto Crimson Cultist","kill","goto Temple of the Dawn","report"]}};"Seraphina Dawnweaver has located a Crimson Cultist hideout beneath the city. She wants you to clear them out.";Kill enemies
{"NPCs":{"Old Man Hemlock":{"Name":"Old Man Hemlock","Species":"Human","HomeLocation":"Whispering Woods","CurrentLocation":"Whispering Woods","Faction":null,"Role":"Farmer","Relations":[{"Target":"Player","Favorability":1}],"NPCLog":[]}},"Locations":{"Whispering Woods":{"Name":"Whispering Woods","Enemies":["Goblin Raider","Ancient Treant","Shadow Stalker"],"Resources":["Mystic Herb","Elven Bread"]}},"Enemies":{"Shadow Stalker":{"Name":"Shadow Stalker","Loot":["Shimmering Dust","Lockpick Set"]}}};{"Quest":{"Name":"The Poisoned Well","Giver":"Old Man Hemlock","Actions":["goto Whispering Woods","damage Shadow Stalker","goto Whispering Woods","report"]}};"Old Man Hemlock's well has been poisoned by a Shadow Stalker. He needs you to drive it off so the village can have clean water.";Attack threatening entities
{"NPCs":{"Roran Stonecutter":{"Name":"Roran Stonecutter","Species":"Human","HomeLocation":"Ironhold Village","CurrentLocation":"Blackthorn Keep","Faction":"The Iron Wardens","Role":"GuardCaptain","Relations":[{"Target":"Player","Favorability":1}],"NPCLog":[]}},"Factions":{"The Iron Wardens":{"Name":"The Iron Wardens","FactionLog":[{"Originator":"The Iron Wardens","Type":"GuardEntity","Target":["Ironhold Village"],"For":"The Iron Wardens"}]}},"Locations":{"The Shattered Citadel":{"Name":"The Shattered Citadel","Enemies":["Warden Deserter","Shadow Stalker","Ancient Treant"],"Resources":["Ancient Tablet","Dragon Scale"]},"Blackthorn Keep":{"Name":"Blackthorn Keep","Enemies":["Crimson Cultist","Warden Deserter"],"Resources":["Iron Ore","Warden's Badge"]}},"Enemies":{"Warden Deserter":{"Name":"Warden Deserter","Loot":["Warden's Badge","Iron Shortsword"]}}};{"Quest":{"Name":"The Warden Deserter's Intel","Giver":"Roran Stonecutter","Actions":["goto The Shattered Citadel","goto Warden Deserter","kill take Intel","goto Blackthorn Keep","give"]}};"Roran Stonecutter needs you to retrieve tactical information from a Warden Deserter hiding in the Shattered Citadel before it falls into enemy hands.";Steal stuff
{"NPCs":{"Gromm Ironjaw":{"Name":"Gromm Ironjaw","Species":"Orc","HomeLocation":"The Shattered Citadel","CurrentLocation":"The Shattered Citadel","Faction":null,"OwnedItems":{"Iron Shortsword":1},"Role":"Mercenary","Relations":[{"Target":"Player","Favorability":0}],"NPCLog":[]}},"Factions":{"The Crimson Dawn":{"Name":"The Crimson Dawn","Members":["Morvain Shadowmere"]}},"Locations":{"The Shattered Citadel":{"Name":"The Shattered Citadel","Enemies":["Warden Deserter","Shadow Stalker","Ancient Treant","Crimson Cultist"],"Resources":["Ancient Tablet","Dragon Scale"]}},"Enemies":{"Crimson Cultist":{"Name":"Crimson Cultist","Loot":["Crimson Robes","Spell Scroll: Fireball"]}}};{"Quest":{"Name":"The Gromm Alliance","Giver":"Gromm Ironjaw","Actions":["goto The Shattered Citadel","damage Crimson Cultist"]}};"Gromm Ironjaw, a mercenary of no faction, has offered to join your cause if you prove yourself by defeating a Crimson Cultist leader near his camp.";Attack enemy
{"NPCs":{"Elara Greenwhisper":{"Name":"Elara Greenwhisper","Species":"Elf","HomeLocation":"Verdant Vale","CurrentLocation":"Verdant Vale","Faction":"The Verdant Circle","Role":"Alchemist","Relations":[{"Target":"Kaelen Vane","Favorability":3}]},"Kaelen Thorn":{"Name":"Kaelen Thorn","Species":"Elf","HomeLocation":"Mistywood Forest","CurrentLocation":"Shadowfen Bog","Faction":"The Verdant Circle","Role":"Ranger","Relations":[{"Target":"Kaelen Vane","Favorability":2}]}},"Locations":{"Verdant Vale":{"Name":"Verdant Vale","Enemies":["Forest Troll"],"Resources":["Mystic Herb","Elven Bread"]}},"Enemies":{"Forest Troll":{"Name":"Forest Troll","Loot":["Mystic Herb","Healing Potion"]}}};{"Quest":{"Name":"The Wounded Grove","Giver":"Elara Greenwhisper","Actions":["goto Verdant Vale","damage Forest Troll","goto Elara Greenwhisper","report"]}};"Elara Greenwhisper reports that a rabid Forest Troll is destroying the sacred grove in Verdant Vale. She needs you to weaken it so she can safely administer a healing salve to the ancient trees.";"Attack threatening entities"
{"NPCs":{"Borin Ironarm":{"Name":"Borin Ironarm","Species":"Dwarf","HomeLocation":"Ironhold Keep","CurrentLocation":"Ironhold Keep","Faction":"Ironhold Legion","Role":"Blacksmith","OwnedItems":{"Iron Ore":10,"Dwarven Ale":4,"Steel Shield":1},"Relations":[{"Target":"Kaelen Vane","Favorability":2}]}},"Locations":{"Emberflow Mines":{"Name":"Emberflow Mines","Enemies":["Ironhold Deserter","Ashen Whelp"],"Resources":["Iron Ore"]}},"Enemies":{"Ironhold Deserter":{"Name":"Ironhold Deserter","Loot":["Iron Sword","Leather Tunic"]}}};{"Quest":{"Name":"The Deserted Blade","Giver":"Borin Ironarm","Actions":["goto Emberflow Mines","stealth Ironhold Deserter","take Steel Shield","goto Borin Ironarm","give Steel Shield"]}};"Borin Ironarm's prized Steel Shield was stolen by an Ironhold Deserter who fled to the old mines. Borin wants it back.";"Recover stolen item"
{"NPCs":{"Seraphina Dawn":{"Name":"Seraphina Dawn","Species":"Human","HomeLocation":"Sunstone Citadel","CurrentLocation":"Sunstone Citadel","Faction":"Sunstone Accord","Role":"Priest","Relations":[{"Target":"Kaelen Vane","Favorability":4}]}},"Locations":{"Sunstone Citadel":{"Name":"Sunstone Citadel","Enemies":["Sunstone Golem"],"Resources":["Quartz Crystal","Healing Potion"]}},"Enemies":{"Sunstone Golem":{"Name":"Sunstone Golem","Loot":["Quartz Crystal","Steel Shield"]}}};{"Quest":{"Name":"The Golem's Watch","Giver":"Seraphina Dawn","Actions":["goto Sunstone Citadel","defend Seraphina Dawn"]}};"Seraphina Dawn is conducting a holy ritual in the Sunstone Citadel courtyard but fears a Sunstone Golem might awaken and interrupt. She needs you to keep it at bay.";"Guard entity"
{"NPCs":{"Vexia Shadowmire":{"Name":"Vexia Shadowmire","Species":"Human","HomeLocation":"Shadowfen Bog","CurrentLocation":"Shadowfen Bog","Faction":"The Shadow Syndicate","Role":"Thief","Relations":[{"Target":"Kaelen Vane","Favorability":-2}]}},"Locations":{"Shadowfen Bog":{"Name":"Shadowfen Bog","Enemies":["Shadowfen Cultist"],"Resources":["Stolen Ruby","Lockpick Set"]}},"Enemies":{"Shadowfen Cultist":{"Name":"Shadowfen Cultist","Loot":["Ancient Scroll","Stolen Ruby"]}}};{"Quest":{"Name":"The Cultist Menace","Giver":"Vexia Shadowmire","Actions":["goto Shadowfen Bog","damage Shadowfen Cultist"]}};"Vexia Shadowmire wants you to disrupt a Shadowfen Cultist's operation in the bog. She doesn't care how, just that they are dealt with.";"Attack enemy"
{"NPCs":{"Lyra Swiftfoot":{"Name":"Lyra Swiftfoot","Species":"Halfling","HomeLocation":"Mistywood Forest","CurrentLocation":"Glimmerdust Market","Faction":"The Shadow Syndicate","Role":"Thief","Relations":[{"Target":"Kaelen Vane","Favorability":1}]}},"Factions":{"Ironhold Legion":{"Name":"Ironhold Legion","Treasury":{"Iron Ore":25,"Steel Shield":3,"Iron Sword":5,"Dwarven Ale":10}},"The Shadow Syndicate":{"Name":"The Shadow Syndicate","Treasury":{"Stolen Ruby":2,"Lockpick Set":4,"Thieves' Tools":3}}},"Locations":{"Stormwind Bridge":{"Name":"Stormwind Bridge","Enemies":[],"Resources":[]}}};{"Quest":{"Name":"The Syndicate's Tax","Giver":"Lyra Swiftfoot","Actions":["goto Stormwind Bridge","stealth Ironhold Legion Courier","take Iron Ore","goto Lyra Swiftfoot","give Iron Ore"]}};"Lyra Swiftfoot has a mark on a wealthy Ironhold Legion courier passing through Stormwind Bridge. She wants you to acquire a pouch of Iron Ore for the Syndicate's coffers.";"Steal stuff"
{"NPCs":{"Roric Stonewall":{"Name":"Roric Stonewall","Species":"Human","HomeLocation":"Ironhold Keep","CurrentLocation":"Ironhold Keep","Faction":"Ironhold Legion","Role":"Guard","Relations":[{"Target":"Kaelen Vane","Favorability":1}]}},"Locations":{"Emberflow Mines":{"Name":"Emberflow Mines","Enemies":["Ironhold Deserter","Ashen Whelp"],"Resources":["Iron Ore"]}},"Enemies":{"Ashen Whelp":{"Name":"Ashen Whelp","Loot":["Dragon Scale"]}}};{"Quest":{"Name":"The Ashen Threat","Giver":"Roric Stonewall","Actions":["goto Emberflow Mines","kill Ashen Whelp","goto Roric Stonewall","report"]}};"Roric Stonewall has reports of an Ashen Whelp terrorizing the trade routes near Emberflow Mines. He wants you to eliminate it and confirm its death.";"Kill enemies"
{"NPCs":{"Aldric the Wise":{"Name":"Aldric the Wise","Species":"Human","HomeLocation":"The Obsidian Spire","CurrentLocation":"The Obsidian Spire","Faction":null,"OwnedItems":{"Ancient Scroll":2,"Quartz Crystal":3},"Role":"Mage","Relations":[{"Target":"Kaelen Vane","Favorability":4}]}},"Locations":{"The Obsidian Spire":{"Name":"The Obsidian Spire","Enemies":[],"Resources":[]}}};{"Quest":{"Name":"Forbidden Knowledge","Giver":"Aldric the Wise","Actions":["goto The Obsidian Spire","stealth Rogue Mage","take Ancient Scroll","goto Aldric the Wise","give Ancient Scroll"]}};"Aldric the Wise's Ancient Scroll was taken by a rogue mage hiding in the Obsidian Spire. The scroll is too fragile for a direct confrontation. Find a way to get it back without damaging it.";"Recover stolen item"
{"NPCs":{"Kaelen Thorn":{"Name":"Kaelen Thorn","Species":"Elf","HomeLocation":"Mistywood Forest","CurrentLocation":"Shadowfen Bog","Faction":"The Verdant Circle","Role":"Ranger","Relations":[{"Target":"Kaelen Vane","Favorability":2}]}},"Locations":{"Shadowfen Bog":{"Name":"Shadowfen Bog","Enemies":["Shadowfen Cultist"],"Resources":["Stolen Ruby","Lockpick Set"]}}};{"Quest":{"Name":"The Bog Serpent's Fangs","Giver":"Kaelen Thorn","Actions":["goto Shadowfen Bog","damage Bog Serpent","goto Kaelen Thorn","report"]}};"Kaelen Thorn has been tracking a Bog Serpent that's been killing the Circle's sacred deer. He wants you to drive it back into the deeper swamps so he can set up warding totems.";"Attack threatening entities"
{"NPCs":{"Mirabelle Sweetwater":{"Name":"Mirabelle Sweetwater","Species":"Halfling","HomeLocation":"The Rusty Nail Inn","CurrentLocation":"The Rusty Nail Inn","Faction":null,"OwnedItems":{"Dwarven Ale":8,"Elven Bread":2},"Role":"Innkeeper","Relations":[{"Target":"Kaelen Vane","Favorability":3}]},"Orin Coalbeard":{"Name":"Orin Coalbeard","Species":"Dwarf","HomeLocation":"Ironhold Keep","CurrentLocation":"Emberflow Mines","Faction":"Ironhold Legion","OwnedItems":{"Iron Ore":5,"Steel Shield":1},"Role":"Guard","Relations":[{"Target":"Kaelen Vane","Favorability":1}]}},"Locations":{"Ironhold Keep":{"Name":"Ironhold Keep","Enemies":["Ironhold Deserter"],"Resources":["Iron Ore","Dwarven Ale"]}}};{"Quest":{"Name":"Sweetwater's Stash","Giver":"Mirabelle Sweetwater","Actions":["goto Ironhold Keep","stealth Orin Coalbeard","take Dwarven Ale","goto Mirabelle Sweetwater","give Dwarven Ale"]}};"Mirabelle Sweetwater's prized Dwarven Ale keg was "confiscated" by Orin Coalbeard for a private Legion party. She wants it back, discreetly.";"Steal stuff"
{"NPCs":{"Orin Coalbeard":{"Name":"Orin Coalbeard","Species":"Dwarf","HomeLocation":"Ironhold Keep","CurrentLocation":"Emberflow Mines","Faction":"Ironhold Legion","Role":"Guard","Relations":[{"Target":"Kaelen Vane","Favorability":1}]}},"Locations":{"Emberflow Mines":{"Name":"Emberflow Mines","Enemies":["Ironhold Deserter","Ashen Whelp"],"Resources":["Iron Ore"]}},"Enemies":{"Ironhold Deserter":{"Name":"Ironhold Deserter","Loot":["Iron Sword","Leather Tunic"]}}};{"Quest":{"Name":"The Rusted Legion","Giver":"Orin Coalbeard","Actions":["goto Emberflow Mines","kill Ironhold Deserter","goto Orin Coalbeard","report"]}};"Orin Coalbeard reports that a group of Ironhold Deserters have fortified an old watchtower. He wants them eliminated and confirmation of the deed.";"Kill enemies"
{"Factions":{"The Verdant Circle":{"Name":"The Verdant Circle","Relations":[{"Target":"Kaelen Vane","Favorability":3}],"Members":["Elara Greenwhisper","Kaelen Thorn"],"Treasury":{"Mystic Herb":12,"Healing Potion":4,"Elven Bread":6}}},"Locations":{"Verdant Vale":{"Name":"Verdant Vale","Enemies":["Forest Troll"],"Resources":["Mystic Herb","Elven Bread"]}},"Enemies":{"Forest Troll":{"Name":"Forest Troll","Loot":["Mystic Herb","Healing Potion"]}}};{"Quest":{"Name":"Circle's Bounty","Giver":"The Verdant Circle","Actions":["goto Verdant Vale","damage Forest Troll"]}};"The Verdant Circle wants a show of force. Find and eliminate a Forest Troll that's been encroaching on their territory.";"Attack enemy"
{"NPCs":{"Finnan the Keen":{"Name":"Finnan the Keen","Species":"Human","HomeLocation":"Stormwind Bridge","CurrentLocation":"Stormwind Bridge","Faction":"Sunstone Accord","Role":"Merchant","Relations":[{"Target":"Kaelen Vane","Favorability":0}]}},"Locations":{"Sunstone Citadel":{"Name":"Sunstone Citadel","Enemies":["Sunstone Golem"],"Resources":["Quartz Crystal","Healing Potion"]}},"Enemies":{"Sunstone Golem":{"Name":"Sunstone Golem","Loot":["Quartz Crystal","Steel Shield"]}}};{"Quest":{"Name":"The Golem's Core","Giver":"Finnan the Keen","Actions":["goto Sunstone Citadel","stealth Sunstone Golem","take Quartz Crystal","goto Finnan the Keen","give Quartz Crystal"]}};"Finnan the Keen has a buyer for a Sunstone Golem's core crystal. He wants you to acquire one without destroying the crystal.";"Steal stuff"
{"NPCs":{"Grommash Skullcrusher":{"Name":"Grommash Skullcrusher","Species":"Orc","HomeLocation":"Emberflow Mines","CurrentLocation":"Emberflow Mines","Faction":"The Ashen Claw","OwnedItems":{"Iron Sword":1,"Dragon Scale":2},"Role":"Ranger","Relations":[{"Target":"Kaelen Vane","Favorability":-1}]}},"Locations":{"Emberflow Mines":{"Name":"Emberflow Mines","Enemies":["Ironhold Deserter","Ashen Whelp"],"Resources":["Iron Ore"]}},"Enemies":{"Ironhold Deserter":{"Name":"Ironhold Deserter","Loot":["Iron Sword","Leather Tunic"]}}};{"Quest":{"Name":"Purge the Mines","Giver":"Grommash Skullcrusher","Actions":["goto Emberflow Mines","kill Ironhold Deserter","goto Grommash Skullcrusher","report"]}};"Grommash Skullcrusher wants the Ashen Claw's territory cleared of Ironhold Deserters who are stealing their Dragon Scale caches. Kill them and report back.";"Kill enemies"
{"Factions":{"Sunstone Accord":{"Name":"Sunstone Accord","Relations":[{"Target":"Kaelen Vane","Favorability":1}],"Members":["Finnan the Keen","Seraphina Dawn"],"Treasury":{}},"The Shadow Syndicate":{"Name":"The Shadow Syndicate","Relations":[{"Target":"Ironhold Legion","Favorability":-3}]}},"Locations":{"Stormwind Bridge":{"Name":"Stormwind Bridge","Enemies":[],"Resources":[]}}};{"Quest":{"Name":"Sunstone Security","Giver":"Sunstone Accord","Actions":["goto Stormwind Bridge","defend Sunstone Accord Caravan"]}};"The Sunstone Accord needs someone to guard a caravan of Quartz Crystals passing through Stormwind Bridge. Rumor has it the Shadow Syndicate is planning an ambush.";"Guard entity"
{"Factions":{"Ironhold Legion":{"Name":"Ironhold Legion","Relations":[{"Target":"Kaelen Vane","Favorability":2}],"Members":["Borin Ironarm","Orin Coalbeard","Roric Stonewall"],"Treasury":{"Iron Ore":25,"Steel Shield":3,"Iron Sword":5,"Dwarven Ale":10}}},"Locations":{"Emberflow Mines":{"Name":"Emberflow Mines","Enemies":["Ironhold Deserter","Ashen Whelp"],"Resources":["Iron Ore"]}},"Enemies":{"Ironhold Deserter":{"Name":"Ironhold Deserter","Loot":["Iron Sword","Leather Tunic"]}}};{"Quest":{"Name":"The Deserter's Head","Giver":"Ironhold Legion","Actions":["goto Emberflow Mines","kill Ironhold Deserter","goto Ironhold Legion","report"]}};"The Ironhold Legion wants you to make an example of the deserter leader hiding near the Emberflow Mines. Bring back proof.";"Kill enemies"
{"NPCs":{"Mirabelle Sweetwater":{"Name":"Mirabelle Sweetwater","Species":"Halfling","HomeLocation":"The Rusty Nail Inn","CurrentLocation":"The Rusty Nail Inn","Faction":null,"OwnedItems":{"Dwarven Ale":8,"Elven Bread":2},"Role":"Innkeeper","Relations":[{"Target":"Kaelen Vane","Favorability":3}]}},"Locations":{"Verdant Vale":{"Name":"Verdant Vale","Enemies":["Forest Troll"],"Resources":["Mystic Herb","Elven Bread"]}},"Enemies":{"Forest Troll":{"Name":"Forest Troll","Loot":["Mystic Herb","Healing Potion"]}}};{"Quest":{"Name":"The Price of Ale","Giver":"Mirabelle Sweetwater","Actions":["goto Verdant Vale","kill Forest Troll","take Dwarven Ale","goto Mirabelle Sweetwater","give Dwarven Ale"]}};"A crate of Dwarven Ale destined for The Rusty Nail Inn was taken by a Forest Troll. Mirabelle wants it back before her patrons riot.";"Recover stolen item"
{"NPCs":{"Aldric the Wise":{"Name":"Aldric the Wise","Species":"Human","HomeLocation":"The Obsidian Spire","CurrentLocation":"The Obsidian Spire","Faction":null,"OwnedItems":{"Ancient Scroll":2,"Quartz Crystal":3},"Role":"Mage","Relations":[{"Target":"Kaelen Vane","Favorability":4}]}},"Locations":{"Shadowfen Bog":{"Name":"Shadowfen Bog","Enemies":["Shadowfen Cultist"],"Resources":["Stolen Ruby","Lockpick Set"]}},"Enemies":{"Shadowfen Cultist":{"Name":"Shadowfen Cultist","Loot":["Ancient Scroll","Stolen Ruby"]}}};{"Quest":{"Name":"The Cultist's Tome","Giver":"Aldric the Wise","Actions":["goto Shadowfen Bog","stealth Shadowfen Cultist","take Ancient Scroll","goto Aldric the Wise","give Ancient Scroll"]}};"Aldric the Wise wants a specific Ancient Scroll known to be in a Shadowfen Cultist's possession. He doesn't want a fight that could destroy the scroll.";"Steal stuff"
{"NPCs":{"Kaelen Thorn":{"Name":"Kaelen Thorn","Species":"Elf","HomeLocation":"Mistywood Forest","CurrentLocation":"Shadowfen Bog","Faction":"The Verdant Circle","Role":"Ranger","Relations":[{"Target":"Kaelen Vane","Favorability":2}]}},"Locations":{"Emberflow Mines":{"Name":"Emberflow Mines","Enemies":["Ironhold Deserter","Ashen Whelp"],"Resources":["Iron Ore"]}}};{"Quest":{"Name":"The Emberflow Disturbance","Giver":"Kaelen Thorn","Actions":["goto Emberflow Mines","damage Rusty Automaton","goto Kaelen Thorn","report"]}};"Kaelen Thorn senses a disturbance in the Emberflow Mines. A Rusty Automaton is destroying the natural mineral formations. Weaken it so he can repair the damage.";"Attack threatening entities"
{"Factions":{"The Shadow Syndicate":{"Name":"The Shadow Syndicate","Relations":[{"Target":"Kaelen Vane","Favorability":0}],"Members":["Lyra Swiftfoot","Vexia Shadowmire"],"Treasury":{"Stolen Ruby":2,"Lockpick Set":4,"Thieves' Tools":3}}},"Locations":{"Shadowfen Bog":{"Name":"Shadowfen Bog","Enemies":["Shadowfen Cultist"],"Resources":["Stolen Ruby","Lockpick Set"]}},"Enemies":{"Shadowfen Cultist":{"Name":"Shadowfen Cultist","Loot":["Ancient Scroll","Stolen Ruby"]}}};{"Quest":{"Name":"The Syndicate's Debt","Giver":"The Shadow Syndicate","Actions":["goto Shadowfen Bog","damage Shadowfen Cultist"]}};"The Shadow Syndicate wants you to send a message to a former member who's now hiding as a Shadowfen Cultist. Make them regret leaving.";"Attack enemy"
{"NPCs":{"Finnan the Keen":{"Name":"Finnan the Keen","Species":"Human","HomeLocation":"Stormwind Bridge","CurrentLocation":"Stormwind Bridge","Faction":"Sunstone Accord","Role":"Merchant","Relations":[{"Target":"Kaelen Vane","Favorability":0}]}},"Locations":{"Sunstone Citadel":{"Name":"Sunstone Citadel","Enemies":["Sunstone Golem"],"Resources":["Quartz Crystal","Healing Potion"]}},"Enemies":{"Sunstone Golem":{"Name":"Sunstone Golem","Loot":["Quartz Crystal","Steel Shield"]}}};{"Quest":{"Name":"The Golem's Heart","Giver":"Finnan the Keen","Actions":["goto Sunstone Citadel","kill Sunstone Golem","goto Finnan the Keen","report"]}};"Finnan the Keen's buyer now wants a full Sunstone Golem core, harvested fresh. Kill the Golem and confirm its destruction.";"Kill enemies"
{"NPCs": {"Elara": {"Name": "Elara", "Species": "Elf", "HomeLocation": "Mistwood", "CurrentLocation": "Rivertown", "Faction": "The Grove Wardens", "OwnedItems": {"Healing Salve": 3, "Elven Bread": 2}, "Role": "Healer", "Relations": [{"Target": "Player", "Favorability": 2}, {"Target": "The Iron Circle", "Favorability": -2}], "NPCLog": [{"Originator": "Player", "Type": "KillEnemies", "Target": ["Goblin Skirmisher"], "For": "Elara", "Received": {"Silver Coin": 50}, "Favorability": 1}]}, "Lyra": {"Name": "Lyra", "Species": "Gnome", "HomeLocation": "Mistwood", "CurrentLocation": "Mistwood", "Faction": "The Grove Wardens", "OwnedItems": {"Ancient Tablet": 1}, "Role": "Ranger", "Relations": [{"Target": "Player", "Favorability": 4}], "NPCLog": [{"Originator": "Player", "Type": "GuardEntity", "Target": ["Lyra"], "For": "Lyra", "Received": {"Healing Salve": 2}, "Favorability": 2}]}}, "Factions": {"The Grove Wardens": {"Name": "The Grove Wardens", "Relations": [{"Target": "Player", "Favorability": 3}], "Members": ["Elara", "Seraphina", "Lyra"], "Treasury": {"Elven Bread": 10, "Healing Salve": 8}, "FactionLog": [{"Originator": "Player", "Type": "KillEnemies", "Target": ["Mistwood Stalker"], "For": "The Grove Wardens", "Received": {"Silver Coin": 120}, "Favorability": 1}]}}, "Locations": {"Mistwood": {"Name": "Mistwood", "Enemies": ["Mistwood Stalker", "Goblin Skirmisher"], "Resources": ["Elven Bread", "Healing Salve"]}}, "Enemies": {"Mistwood Stalker": {"Name": "Mistwood Stalker", "Loot": ["Healing Salve", "Elven Bread"]}}};{"Quest": {"Name": "Protect the Grove Warden", "Giver": "The Grove Wardens", "Actions": ["goto Mistwood", "defend Lyra"]}};"Lyra is venturing into Mistwood to investigate strange tracks. The Grove Wardens ask you to accompany and defend her from any threats.";"Guard entity"
{"NPCs": {"Lianna": {"Name": "Lianna", "Species": "Human", "HomeLocation": "Rivertown", "CurrentLocation": "Rivertown", "Faction": null, "OwnedItems": {"Stolen Amulet": 1}, "Role": "Merchant", "Relations": [{"Target": "Player", "Favorability": 1}, {"Target": "The Veiled Hand", "Favorability": -4}], "NPCLog": [{"Originator": "Player", "Type": "RecoverStolenItem", "Target": ["Stolen Amulet"], "For": "Lianna", "Received": {"Silver Coin": 100}, "Favorability": 2}]}, "Mira": {"Name": "Mira", "Species": "Elf", "HomeLocation": "Mistwood", "CurrentLocation": "Sunken Temple", "Faction": "The Veiled Hand", "OwnedItems": {"Stolen Amulet": 1}, "Role": "Priest", "Relations": [{"Target": "Lianna", "Favorability": -5}], "NPCLog": []}}, "Locations": {"Rivertown": {"Name": "Rivertown", "Enemies": ["Goblin Skirmisher"], "Resources": ["Health Potion", "Silver Coin"]}, "Sunken Temple": {"Name": "Sunken Temple", "Enemies": ["Dark Cultist", "Temple Guardian"], "Resources": ["Ancient Tablet", "Spell Scroll", "Stolen Amulet"]}}, "Items": {"Stolen Amulet": {"Type": "QuestItem"}}};{"Quest": {"Name": "The Stolen Amulet", "Giver": "Lianna", "Actions": ["goto Sunken Temple", "stealth Mira", "take Stolen Amulet", "goto Rivertown", "give Lianna Stolen Amulet"]}};"Lianna's prized amulet was stolen by Mira of The Veiled Hand. She wants you to retrieve it and return it to her.";"Recover stolen item"
{"Factions": {"The Iron Circle": {"Name": "The Iron Circle", "Relations": [{"Target": "Player", "Favorability": 0}], "Members": ["Brom", "Grimgar", "Thrain", "Kaelen"], "Treasury": {"Iron Ore": 50, "Silver Coin": 1500, "Iron Sword": 5}, "FactionLog": []}}, "Locations": {"Ironhold": {"Name": "Ironhold", "Enemies": ["Iron Golem"], "Resources": ["Iron Ore", "Iron Sword", "Dwarven Ale"]}}, "Enemies": {"Iron Golem": {"Name": "Iron Golem", "Loot": ["Iron Ore", "Iron Sword"]}}};{"Quest": {"Name": "The Ironhold Intrusion", "Giver": "The Iron Circle", "Actions": ["goto Ironhold", "damage Iron Golem", "goto The Iron Circle", "report"]}};"The Iron Circle reports that a rogue Iron Golem has gone haywire in the mines. They want you to damage it so their engineers can safely dismantle it.";"Attack threatening entities"
{"Factions": {"The Iron Circle": {"Name": "The Iron Circle", "Relations": [{"Target": "Player", "Favorability": 0}], "Members": ["Brom", "Grimgar", "Thrain", "Kaelen"], "Treasury": {"Iron Ore": 50, "Silver Coin": 1500, "Iron Sword": 5}, "FactionLog": []}}, "Locations": {"Sunken Temple": {"Name": "Sunken Temple", "Enemies": ["Dark Cultist", "Temple Guardian"], "Resources": ["Ancient Tablet", "Spell Scroll", "Stolen Amulet"]}}, "Enemies": {"Dark Cultist": {"Name": "Dark Cultist", "Loot": ["Spell Scroll", "Health Potion"]}}};{"Quest": {"Name": "The Cultist Hideout", "Giver": "The Iron Circle", "Actions": ["goto Sunken Temple", "damage Dark Cultist"]}};"The Veiled Hand has a hidden cell operating out of the Sunken Temple. The Iron Circle wants you to go there and eliminate the Dark Cultists.";"Attack enemy"
{"Factions": {"The Grove Wardens": {"Name": "The Grove Wardens", "Relations": [{"Target": "Player", "Favorability": 3}], "Members": ["Elara", "Seraphina", "Lyra"], "Treasury": {"Elven Bread": 10, "Healing Salve": 8}, "FactionLog": [{"Originator": "Player", "Type": "KillEnemies", "Target": ["Mistwood Stalker"], "For": "The Grove Wardens", "Received": {"Silver Coin": 120}, "Favorability": 1}]}, "The Iron Circle": {"Name": "The Iron Circle", "Relations": [{"Target": "Player", "Favorability": 0}], "Members": ["Brom", "Grimgar", "Thrain", "Kaelen"], "Treasury": {"Iron Ore": 50, "Silver Coin": 1500, "Iron Sword": 5}, "FactionLog": []}}, "NPCs": {"Brom": {"Name": "Brom", "Species": "Dwarf", "HomeLocation": "Ironhold", "CurrentLocation": "Ironhold", "Faction": "The Iron Circle", "OwnedItems": {"Iron Sword": 1, "Dwarven Ale": 5}, "Role": "Blacksmith", "Relations": [{"Target": "Player", "Favorability": 0}, {"Target": "The Veiled Hand", "Favorability": -3}], "NPCLog": []}}, "Locations": {"Ironhold": {"Name": "Ironhold", "Enemies": ["Iron Golem"], "Resources": ["Iron Ore", "Iron Sword", "Dwarven Ale"]}, "Mistwood": {"Name": "Mistwood", "Enemies": ["Mistwood Stalker", "Goblin Skirmisher"], "Resources": ["Elven Bread", "Healing Salve"]}}, "Items": {"Iron Ore": {"Type": "Resource"}}};{"Quest": {"Name": "Supplies for the Resistance", "Giver": "The Grove Wardens", "Actions": ["goto Ironhold", "stealth Brom", "take Iron Ore", "goto Mistwood", "give The Grove Wardens Iron Ore"]}};"The Grove Wardens need Iron Ore to forge weapons against The Veiled Hand. They want you to steal it from The Iron Circle's stores in Ironhold.";"Steal stuff"
{"NPCs": {"Orin": {"Name": "Orin", "Species": "Human", "HomeLocation": "Rivertown", "CurrentLocation": "Rivertown", "Faction": null, "OwnedItems": {"Health Potion": 1}, "Role": "Innkeeper", "Relations": [{"Target": "Player", "Favorability": 1}], "NPCLog": []}}, "Locations": {"Rivertown": {"Name": "Rivertown", "Enemies": ["Goblin Skirmisher"], "Resources": ["Health Potion", "Silver Coin"]}}, "Enemies": {"Goblin Skirmisher": {"Name": "Goblin Skirmisher", "Loot": ["Goblin Ear", "Silver Coin"]}}};{"Quest": {"Name": "Goblin Culling", "Giver": "Orin", "Actions": ["goto Rivertown", "kill Goblin Skirmisher", "goto Rivertown", "report Orin"]}};"Rivertown is plagued by Goblins. Orin wants you to thin their numbers and report back.";"Kill enemies"
{"NPCs": {"Seraphina": {"Name": "Seraphina", "Species": "Human", "HomeLocation": "Ironhold", "CurrentLocation": "Mistwood", "Faction": "The Grove Wardens", "OwnedItems": {"Spell Scroll": 2}, "Role": "Mage", "Relations": [{"Target": "Player", "Favorability": 1}, {"Target": "The Iron Circle", "Favorability": -2}], "NPCLog": []}}, "Locations": {"Sunken Temple": {"Name": "Sunken Temple", "Enemies": ["Dark Cultist", "Temple Guardian"], "Resources": ["Ancient Tablet", "Spell Scroll", "Stolen Amulet"]}, "Mistwood": {"Name": "Mistwood", "Enemies": ["Mistwood Stalker", "Goblin Skirmisher"], "Resources": ["Elven Bread", "Healing Salve"]}}, "Enemies": {"Temple Guardian": {"Name": "Temple Guardian", "Loot": ["Ancient Tablet", "Silver Coin"]}}, "Items": {"Ancient Tablet": {"Type": "QuestItem"}}};{"Quest": {"Name": "The Ancient Tablet", "Giver": "Seraphina", "Actions": ["goto Sunken Temple", "kill Temple Guardian", "take Ancient Tablet", "goto Mistwood", "give Seraphina Ancient Tablet"]}};"Seraphina believes a Temple Guardian in the Sunken Temple holds an Ancient Tablet containing lost elven magic. She wants you to retrieve it for her.";"Recover stolen item"
{"NPCs": {"Finnian": {"Name": "Finnian", "Species": "Halfling", "HomeLocation": "Rivertown", "CurrentLocation": "Rivertown", "Faction": null, "OwnedItems": {"Mysterious Key": 1}, "Role": "Thief", "Relations": [{"Target": "Player", "Favorability": 3}], "NPCLog": [{"Originator": "Player", "Type": "AttackEnemy", "Target": ["Dark Cultist"], "For": "Finnian", "Received": {"Silver Coin": 75}, "Favorability": 1}]}, "Mira": {"Name": "Mira", "Species": "Elf", "HomeLocation": "Mistwood", "CurrentLocation": "Sunken Temple", "Faction": "The Veiled Hand", "OwnedItems": {"Stolen Amulet": 1}, "Role": "Priest", "Relations": [{"Target": "Lianna", "Favorability": -5}], "NPCLog": []}}, "Locations": {"Rivertown": {"Name": "Rivertown", "Enemies": ["Goblin Skirmisher"], "Resources": ["Health Potion", "Silver Coin"]}, "Sunken Temple": {"Name": "Sunken Temple", "Enemies": ["Dark Cultist", "Temple Guardian"], "Resources": ["Ancient Tablet", "Spell Scroll", "Stolen Amulet"]}}, "Items": {"Mysterious Key": {"Type": "QuestItem"}}};{"Quest": {"Name": "The Mysterious Key", "Giver": "Finnian", "Actions": ["goto Sunken Temple", "stealth Mira", "take Mysterious Key", "goto Rivertown", "give Finnian Mysterious Key"]}};"Finnian has heard that Mira possesses a Mysterious Key to a hidden vault. He wants you to steal it for him.";"Steal stuff"
{"NPCs": {"Brom": {"Name": "Brom", "Species": "Dwarf", "HomeLocation": "Ironhold", "CurrentLocation": "Ironhold", "Faction": "The Iron Circle", "OwnedItems": {"Iron Sword": 1, "Dwarven Ale": 5}, "Role": "Blacksmith", "Relations": [{"Target": "Player", "Favorability": 0}, {"Target": "The Veiled Hand", "Favorability": -3}], "NPCLog": []}}, "Locations": {"Ironhold": {"Name": "Ironhold", "Enemies": ["Iron Golem"], "Resources": ["Iron Ore", "Iron Sword", "Dwarven Ale"]}, "Rivertown": {"Name": "Rivertown", "Enemies": ["Goblin Skirmisher"], "Resources": ["Health Potion", "Silver Coin"]}}};{"Quest": {"Name": "Dwarven Ale Delivery", "Giver": "Brom", "Actions": ["goto Ironhold", "defend Brom"]}};"Brom needs a shipment of Dwarven Ale escorted from Ironhold to Rivertown. Goblins have been attacking caravans.";"Guard entity"
{"Factions": {"The Grove Wardens": {"Name": "The Grove Wardens", "Relations": [{"Target": "Player", "Favorability": 3}], "Members": ["Elara", "Seraphina", "Lyra"], "Treasury": {"Elven Bread": 10, "Healing Salve": 8}, "FactionLog": [{"Originator": "Player", "Type": "KillEnemies", "Target": ["Mistwood Stalker"], "For": "The Grove Wardens", "Received": {"Silver Coin": 120}, "Favorability": 1}]}}, "Locations": {"Sunken Temple": {"Name": "Sunken Temple", "Enemies": ["Dark Cultist", "Temple Guardian"], "Resources": ["Ancient Tablet", "Spell Scroll", "Stolen Amulet"]}, "Mistwood": {"Name": "Mistwood", "Enemies": ["Mistwood Stalker", "Goblin Skirmisher"], "Resources": ["Elven Bread", "Healing Salve"]}}, "Enemies": {"Dark Cultist": {"Name": "Dark Cultist", "Loot": ["Spell Scroll", "Health Potion"]}}};{"Quest": {"Name": "Veiled Hand Sabotage", "Giver": "The Grove Wardens", "Actions": ["goto Sunken Temple", "damage Dark Cultist", "goto Mistwood", "report The Grove Wardens"]}};"The Grove Wardens want to disrupt The Veiled Hand's operations. They ask you to damage their influence in the Sunken Temple and report the results.";"Attack threatening entities"
{"NPCs": {"Elara": {"Name": "Elara", "Species": "Elf", "HomeLocation": "Mistwood", "CurrentLocation": "Rivertown", "Faction": "The Grove Wardens", "OwnedItems": {"Healing Salve": 3, "Elven Bread": 2}, "Role": "Healer", "Relations": [{"Target": "Player", "Favorability": 2}, {"Target": "The Iron Circle", "Favorability": -2}], "NPCLog": [{"Originator": "Player", "Type": "KillEnemies", "Target": ["Goblin Skirmisher"], "For": "Elara", "Received": {"Silver Coin": 50}, "Favorability": 1}]}}, "Locations": {"Mistwood": {"Name": "Mistwood", "Enemies": ["Mistwood Stalker", "Goblin Skirmisher"], "Resources": ["Elven Bread", "Healing Salve"]}}, "Enemies": {"Mistwood Stalker": {"Name": "Mistwood Stalker", "Loot": ["Healing Salve", "Elven Bread"]}}};{"Quest": {"Name": "Stalker in the Mistwood", "Giver": "Elara", "Actions": ["goto Mistwood", "kill Mistwood Stalker", "goto Mistwood", "report Elara"]}};"Elara has been tracking a Mistwood Stalker that's been attacking travelers. She wants you to eliminate it and confirm the kill.";"Kill enemies"
{"NPCs": {"Grimgar": {"Name": "Grimgar", "Species": "Orc", "HomeLocation": "Sunken Temple", "CurrentLocation": "Ironhold", "Faction": "The Iron Circle", "OwnedItems": {"Iron Ore": 10}, "Role": "Guard", "Relations": [{"Target": "The Grove Wardens", "Favorability": -1}], "NPCLog": []}}, "Locations": {"Rivertown": {"Name": "Rivertown", "Enemies": ["Goblin Skirmisher"], "Resources": ["Health Potion", "Silver Coin"]}}, "Enemies": {"Goblin Skirmisher": {"Name": "Goblin Skirmisher", "Loot": ["Goblin Ear", "Silver Coin"]}}};{"Quest": {"Name": "Grimgar's Grudge", "Giver": "Grimgar", "Actions": ["goto Rivertown", "damage Goblin Skirmisher"]}};"Grimgar has a personal vendetta against the Goblins near Rivertown. He wants you to go and teach them a lesson.";"Attack enemy"
{"NPCs": {"Thrain": {"Name": "Thrain", "Species": "Dwarf", "HomeLocation": "Ironhold", "CurrentLocation": "Ironhold", "Faction": "The Iron Circle", "OwnedItems": {"Iron Sword": 2, "Silver Coin": 200}, "Role": "Noble", "Relations": [{"Target": "The Grove Wardens", "Favorability": -3}], "NPCLog": []}, "Lyra": {"Name": "Lyra", "Species": "Gnome", "HomeLocation": "Mistwood", "CurrentLocation": "Mistwood", "Faction": "The Grove Wardens", "OwnedItems": {"Ancient Tablet": 1}, "Role": "Ranger", "Relations": [{"Target": "Player", "Favorability": 4}], "NPCLog": [{"Originator": "Player", "Type": "GuardEntity", "Target": ["Lyra"], "For": "Lyra", "Received": {"Healing Salve": 2}, "Favorability": 2}]}}, "Locations": {"Mistwood": {"Name": "Mistwood", "Enemies": ["Mistwood Stalker", "Goblin Skirmisher"], "Resources": ["Elven Bread", "Healing Salve"]}, "Ironhold": {"Name": "Ironhold", "Enemies": ["Iron Golem"], "Resources": ["Iron Ore", "Iron Sword", "Dwarven Ale"]}}, "Items": {"Ancient Tablet": {"Type": "QuestItem"}}};{"Quest": {"Name": "The Iron Circle Tax", "Giver": "Thrain", "Actions": ["goto Mistwood", "stealth Lyra", "take Ancient Tablet", "goto Ironhold", "give Thrain Ancient Tablet"]}};"Thrain wants to acquire the Ancient Tablet Lyra possesses. He asks you to steal it for The Iron Circle.";"Steal stuff"
{"NPCs": {"Orin": {"Name": "Orin", "Species": "Human", "HomeLocation": "Rivertown", "CurrentLocation": "Rivertown", "Faction": null, "OwnedItems": {"Health Potion": 1}, "Role": "Innkeeper", "Relations": [{"Target": "Player", "Favorability": 1}], "NPCLog": []}}, "Locations": {"Rivertown": {"Name": "Rivertown", "Enemies": ["Goblin Skirmisher"], "Resources": ["Health Potion", "Silver Coin"]}}};{"Quest": {"Name": "Defend the Inn", "Giver": "Orin", "Actions": ["goto Rivertown", "defend Orin"]}};"Orin fears a Goblin raid on his inn tonight. He asks you to stay and protect the establishment.";"Guard entity"
{"NPCs": {"Kaelen": {"Name": "Kaelen", "Species": "Human", "HomeLocation": "Ironhold", "CurrentLocation": "Ironhold", "Faction": "The Iron Circle", "OwnedItems": {}, "Role": "Guard", "Relations": [], "NPCLog": []}}, "Locations": {"Sunken Temple": {"Name": "Sunken Temple", "Enemies": ["Dark Cultist", "Temple Guardian"], "Resources": ["Ancient Tablet", "Spell Scroll", "Stolen Amulet"]}, "Ironhold": {"Name": "Ironhold", "Enemies": ["Iron Golem"], "Resources": ["Iron Ore", "Iron Sword", "Dwarven Ale"]}}, "Enemies": {"Temple Guardian": {"Name": "Temple Guardian", "Loot": ["Ancient Tablet", "Silver Coin"]}}};{"Quest": {"Name": "Temple Guardian Research", "Giver": "Kaelen", "Actions": ["goto Sunken Temple", "kill Temple Guardian", "goto Ironhold", "report Kaelen"]}};"Kaelen wants to study the armor of a Temple Guardian. He asks you to kill one and bring back proof.";"Kill enemies"
{"Factions": {"The Veiled Hand": {"Name": "The Veiled Hand", "Relations": [{"Target": "Player", "Favorability": -3}], "Members": ["Mira"], "Treasury": {"Stolen Amulet": 2, "Silver Coin": 500}, "FactionLog": [{"Originator": "Player", "Type": "AttackThreateningEntities", "Target": ["Dark Cultist"], "For": "The Veiled Hand", "Received": null, "Favorability": -1}]}}, "NPCs": {"Mira": {"Name": "Mira", "Species": "Elf", "HomeLocation": "Mistwood", "CurrentLocation": "Sunken Temple", "Faction": "The Veiled Hand", "OwnedItems": {"Stolen Amulet": 1}, "Role": "Priest", "Relations": [{"Target": "Lianna", "Favorability": -5}], "NPCLog": []}}, "Locations": {"Sunken Temple": {"Name": "Sunken Temple", "Enemies": ["Dark Cultist", "Temple Guardian"], "Resources": ["Ancient Tablet", "Spell Scroll", "Stolen Amulet"]}}, "Items": {"Stolen Amulet": {"Type": "QuestItem"}}};{"Quest": {"Name": "The Betrayer's Ledger", "Giver": "The Veiled Hand", "Actions": ["goto Sunken Temple", "kill Mira", "take Stolen Amulet", "goto Sunken Temple", "give The Veiled Hand Stolen Amulet"]}};"The Veiled Hand believes Mira has a ledger detailing their operations. They want you to retrieve it from her before it falls into enemy hands.";"Recover stolen item"
{"Factions": {"The Iron Circle": {"Name": "The Iron Circle", "Relations": [{"Target": "Player", "Favorability": 0}], "Members": ["Brom", "Grimgar", "Thrain", "Kaelen"], "Treasury": {"Iron Ore": 50, "Silver Coin": 1500, "Iron Sword": 5}, "FactionLog": []}}, "NPCs": {"Grimgar": {"Name": "Grimgar", "Species": "Orc", "HomeLocation": "Sunken Temple", "CurrentLocation": "Ironhold", "Faction": "The Iron Circle", "OwnedItems": {"Iron Ore": 10}, "Role": "Guard", "Relations": [{"Target": "The Grove Wardens", "Favorability": -1}], "NPCLog": []}}, "Locations": {"Rivertown": {"Name": "Rivertown", "Enemies": ["Goblin Skirmisher"], "Resources": ["Health Potion", "Silver Coin"]}, "Ironhold": {"Name": "Ironhold", "Enemies": ["Iron Golem"], "Resources": ["Iron Ore", "Iron Sword", "Dwarven Ale"]}}, "Enemies": {"Goblin Skirmisher": {"Name": "Goblin Skirmisher", "Loot": ["Goblin Ear", "Silver Coin"]}}};{"Quest": {"Name": "Ironhold Perimeter", "Giver": "The Iron Circle", "Actions": ["goto Rivertown", "damage Goblin Skirmisher", "goto Ironhold", "report Grimgar"]}};"The Iron Circle wants the Goblin presence near Ironhold reduced. Damage the Goblins and report to Grimgar.";"Attack threatening entities"
{"NPCs": {"Seraphina": {"Name": "Seraphina", "Species": "Human", "HomeLocation": "Ironhold", "CurrentLocation": "Mistwood", "Faction": "The Grove Wardens", "OwnedItems": {"Spell Scroll": 2}, "Role": "Mage", "Relations": [{"Target": "Player", "Favorability": 1}, {"Target": "The Iron Circle", "Favorability": -2}], "NPCLog": []}}, "Locations": {"Sunken Temple": {"Name": "Sunken Temple", "Enemies": ["Dark Cultist", "Temple Guardian"], "Resources": ["Ancient Tablet", "Spell Scroll", "Stolen Amulet"]}, "Mistwood": {"Name": "Mistwood", "Enemies": ["Mistwood Stalker", "Goblin Skirmisher"], "Resources": ["Elven Bread", "Healing Salve"]}}, "Enemies": {"Dark Cultist": {"Name": "Dark Cultist", "Loot": ["Spell Scroll", "Health Potion"]}}, "Items": {"Spell Scroll": {"Type": "Valuables"}}};{"Quest": {"Name": "Seraphina's Spell Components", "Giver": "Seraphina", "Actions": ["goto Sunken Temple", "kill Dark Cultist", "take Spell Scroll", "goto Mistwood", "give Seraphina Spell Scroll"]}};"Seraphina needs a rare Spell Scroll that a Dark Cultist in the Sunken Temple possesses. She wants you to retrieve it for her.";"Recover stolen item"
{"NPCs": {"Brom": {"Name": "Brom", "Species": "Dwarf", "HomeLocation": "Ironhold", "CurrentLocation": "Ironhold", "Faction": "The Iron Circle", "OwnedItems": {"Iron Sword": 1, "Dwarven Ale": 5}, "Role": "Blacksmith", "Relations": [{"Target": "Player", "Favorability": 0}, {"Target": "The Veiled Hand", "Favorability": -3}], "NPCLog": []}}, "Locations": {"Ironhold": {"Name": "Ironhold", "Enemies": ["Iron Golem"], "Resources": ["Iron Ore", "Iron Sword", "Dwarven Ale"]}}, "Enemies": {"Iron Golem": {"Name": "Iron Golem", "Loot": ["Iron Ore", "Iron Sword"]}}};{"Quest": {"Name": "The Iron Golem Core", "Giver": "Brom", "Actions": ["goto Ironhold", "kill Iron Golem", "goto Ironhold", "report Brom"]}};"Brom wants the core of an Iron Golem for a new project. He asks you to destroy one and bring back proof.";"Kill enemies"
{"NPCs": {"Lyra": {"Name": "Lyra", "Species": "Gnome", "HomeLocation": "Mistwood", "CurrentLocation": "Mistwood", "Faction": "The Grove Wardens", "OwnedItems": {"Ancient Tablet": 1}, "Role": "Ranger", "Relations": [{"Target": "Player", "Favorability": 4}], "NPCLog": [{"Originator": "Player", "Type": "GuardEntity", "Target": ["Lyra"], "For": "Lyra", "Received": {"Healing Salve": 2}, "Favorability": 2}]}}, "Locations": {"Mistwood": {"Name": "Mistwood", "Enemies": ["Mistwood Stalker", "Goblin Skirmisher"], "Resources": ["Elven Bread", "Healing Salve"]}}, "Enemies": {"Mistwood Stalker": {"Name": "Mistwood Stalker", "Loot": ["Healing Salve", "Elven Bread"]}}};{"Quest": {"Name": "The Silent Stalker", "Giver": "Lyra", "Actions": ["goto Mistwood", "damage Mistwood Stalker"]}};"Lyra has spotted a Mistwood Stalker too close to the Grove Warden camp. She asks you to drive it off.";"Attack enemy"
{"NPCs":{"Elara Windvale":{"Name":"Elara Windvale","Species":"Elf","HomeLocation":"Everfall","CurrentLocation":"Everfall","Faction":"Sunspear Covenant","OwnedItems":{"Healing Salve":3,"Enchanted Quill":1},"Role":"Healer","Relations":[{"Target":"Player","Favorability":3},{"Target":"Sunspear Covenant","Favorability":4}]}},"Factions":{"Sunspear Covenant":{"Name":"Sunspear Covenant","Relations":[{"Target":"Ashen Claw","Favorability":-3},{"Target":"Wayward Compass","Favorability":2}],"Members":["Elara Windvale","Thorgrim Ironhand","Borin Stonebrow","Sera Dawnfield"],"Treasury":{"Iron Sword":3,"Steel Shield":2,"Silver Ore":20,"Healing Salve":10}}},"Locations":{"The Sunken Temple":{"Name":"The Sunken Temple","Enemies":["Cultist Acolyte","Shadow Serpent","Iron Golem"],"Resources":["Ancient Key","Mysterious Amulet","Spellbook: Flame"]}},"Enemies":{"Cultist Acolyte":{"Name":"Cultist Acolyte","Loot":["Mysterious Amulet","Health Potion"]}}};{"Quest":{"Name":"Temple Intrusion","Giver":"Sunspear Covenant","Actions":["goto The Sunken Temple","damage Cultist Acolyte","goto Sunspear Covenant","report"]}};"The Sunspear Covenant has detected a surge of cultist activity near The Sunken Temple. They need you to weaken the cultist presence so their scouts can safely investigate.";"Attack threatening entities"
{"NPCs":{"Lyra Whisperwind":{"Name":"Lyra Whisperwind","Species":"Elf","HomeLocation":"Eldermire","CurrentLocation":"Eldermire","Faction":"The Veiled Hand","OwnedItems":{"Spellbook: Flame":1,"Mysterious Amulet":1},"Role":"Mage","Relations":[{"Target":"Player","Favorability":2},{"Target":"The Veiled Hand","Favorability":5}]},"Vex the Sly":{"Name":"Vex the Sly","Species":"Halfling","HomeLocation":"Shadowfen","CurrentLocation":"Shadowfen","Faction":"Ashen Claw","OwnedItems":{"Lockpick Set":2,"Health Potion":1},"Role":"Thief","Relations":[{"Target":"Player","Favorability":-1}]}},"Locations":{"Shadowfen":{"Name":"Shadowfen","Enemies":[],"Resources":[]},"Eldermire":{"Name":"Eldermire","Enemies":[],"Resources":[]}},"Items":{"Mysterious Amulet":{"Type":"QuestItem"}}};{"Quest":{"Name":"The Stolen Amulet","Giver":"Lyra Whisperwind","Actions":["goto Shadowfen","stealth Vex the Sly","take Mysterious Amulet","goto Eldermire","give Lyra Whisperwind"]}};"Lyra Whisperwind's Mysterious Amulet was taken by Vex the Sly, who now hides in Shadowfen. Recover it for her.";"Recover stolen item"
{"NPCs":{"Mira Stonehill":{"Name":"Mira Stonehill","Species":"Halfling","HomeLocation":"Mistwood Outpost","CurrentLocation":"Mistwood Outpost","Faction":"Wayward Compass","OwnedItems":{"Rations":10,"Lockpick Set":1},"Role":"Merchant","Relations":[{"Target":"Player","Favorability":1},{"Target":"Wayward Compass","Favorability":2}]}},"Locations":{"Mistwood Outpost":{"Name":"Mistwood Outpost","Enemies":["Forest Stalker"],"Resources":["Rations","Torch","Leather Armor"]},"Everfall":{"Name":"Everfall","Enemies":[],"Resources":["Iron Sword","Healing Salve","Rations"]}},"Enemies":{"Forest Stalker":{"Name":"Forest Stalker","Loot":["Leather Armor","Health Potion"]}}};{"Quest":{"Name":"Escort the Merchant","Giver":"Mira Stonehill","Actions":["goto Mistwood Outpost","defend Mira Stonehill","goto Everfall","terminal"]}};"Mira Stonehill needs to travel from Mistwood Outpost to Everfall to deliver supplies. Bandits have been spotted along the route.";"Guard entity"
{"NPCs":{"Borin Stonebrow":{"Name":"Borin Stonebrow","Species":"Dwarf","HomeLocation":"Ironpeak","CurrentLocation":"Ironpeak","Faction":"Sunspear Covenant","OwnedItems":{"Iron Sword":1,"Dwarven Ale":4},"Role":"GuardCaptain","Relations":[{"Target":"Player","Favorability":1}]}},"Locations":{"Ironpeak":{"Name":"Ironpeak","Enemies":[],"Resources":["Silver Ore","Dwarven Ale","Steel Shield"]}},"Enemies":{"Stonehide Troll":{"Name":"Stonehide Troll","Loot":["Silver Ore","Health Potion"]}}};{"Quest":{"Name":"The Ironpeak Threat","Giver":"Borin Stonebrow","Actions":["goto Ironpeak","damage Stonehide Troll","goto Borin Stonebrow","report"]}};"A Stonehide Troll has been spotted near Ironpeak, threatening the miners. Borin Stonebrow wants you to drive it off.";"Attack enemy"
{"NPCs":{"Vex the Sly":{"Name":"Vex the Sly","Species":"Halfling","HomeLocation":"Shadowfen","CurrentLocation":"Shadowfen","Faction":"Ashen Claw","OwnedItems":{"Lockpick Set":2,"Health Potion":1},"Role":"Thief","Relations":[{"Target":"Player","Favorability":-1}]}},"Factions":{"Ashen Claw":{"Name":"Ashen Claw","Relations":[{"Target":"Sunspear Covenant","Favorability":-3},{"Target":"The Veiled Hand","Favorability":1}],"Members":["Vex the Sly","Grommash Bloodfang"],"Treasury":{"Lockpick Set":5,"Health Potion":8,"Mysterious Amulet":1}}},"Locations":{"Shadowfen":{"Name":"Shadowfen","Enemies":[],"Resources":[]}},"Items":{"Iron Sword":{"Type":"Weapon"}}};{"Quest":{"Name":"Ashen Claw Supplies","Giver":"Vex the Sly","Actions":["goto Shadowfen","stealth Ashen Claw","take Iron Sword","goto Shadowfen","give Vex the Sly"]}};"The Ashen Claw has been hoarding weapons. Vex wants you to steal a shipment from their cache in Shadowfen and deliver it to her.";"Steal stuff"
{"Factions":{"Sunspear Covenant":{"Name":"Sunspear Covenant","Relations":[{"Target":"Ashen Claw","Favorability":-3},{"Target":"Wayward Compass","Favorability":2}],"Members":["Elara Windvale","Thorgrim Ironhand","Borin Stonebrow","Sera Dawnfield"],"Treasury":{"Iron Sword":3,"Steel Shield":2,"Silver Ore":20,"Healing Salve":10}}},"Locations":{"Ironpeak":{"Name":"Ironpeak","Enemies":[],"Resources":["Silver Ore","Dwarven Ale","Steel Shield"]}},"Enemies":{"Stonehide Troll":{"Name":"Stonehide Troll","Loot":["Silver Ore","Health Potion"]}}};{"Quest":{"Name":"Troll Extermination","Giver":"Sunspear Covenant","Actions":["goto Ironpeak","kill Stonehide Troll","goto Sunspear Covenant","report"]}};"The Stonehide Trolls near Ironpeak have become too numerous. The Sunspear Covenant wants you to eliminate one as a warning.";"Kill enemies"
{"NPCs":{"Kaelen Swiftarrow":{"Name":"Kaelen Swiftarrow","Species":"Human","HomeLocation":"Everfall","CurrentLocation":"Shadowfen","Faction":"Wayward Compass","OwnedItems":{"Elven Bow":1,"Rations":3},"Role":"Ranger","Relations":[{"Target":"Player","Favorability":4}]}},"Locations":{"Mistwood Outpost":{"Name":"Mistwood Outpost","Enemies":["Forest Stalker"],"Resources":["Rations","Torch","Leather Armor"]}},"Enemies":{"Forest Stalker":{"Name":"Forest Stalker","Loot":["Leather Armor","Health Potion"]}}};{"Quest":{"Name":"Kaelen's Request","Giver":"Kaelen Swiftarrow","Actions":["goto Mistwood Outpost","damage Forest Stalker","goto Kaelen Swiftarrow","report"]}};"Kaelen Swiftarrow reports that a pack of Forest Stalkers has overrun his hunting grounds in Mistwood Outpost. Thin their numbers so he can hunt again.";"Attack threatening entities"
{"Factions":{"Wayward Compass":{"Name":"Wayward Compass","Relations":[{"Target":"Sunspear Covenant","Favorability":2},{"Target":"Crimson Caravan","Favorability":4}],"Members":["Mira Stonehill","Kaelen Swiftarrow"],"Treasury":{"Rations":30,"Torch":15,"Map":3}}},"NPCs":{"Grommash Bloodfang":{"Name":"Grommash Bloodfang","Species":"Orc","HomeLocation":"Shadowfen","CurrentLocation":"The Sunken Temple","Faction":"Ashen Claw","OwnedItems":{"Iron Sword":1,"Health Potion":2},"Role":null,"Relations":[{"Target":"Player","Favorability":-3}]}},"Locations":{"The Sunken Temple":{"Name":"The Sunken Temple","Enemies":["Cultist Acolyte","Shadow Serpent","Iron Golem"],"Resources":["Ancient Key","Mysterious Amulet","Spellbook: Flame"]}},"Items":{"Ancient Key":{"Type":"QuestItem"}}};{"Quest":{"Name":"The Temple Key","Giver":"Wayward Compass","Actions":["goto The Sunken Temple","kill Grommash Bloodfang","take Ancient Key","goto Wayward Compass","give Wayward Compass"]}};"Grommash Bloodfang stole the Ancient Key needed to access the inner chamber of The Sunken Temple. Recover it for the Wayward Compass.";"Recover stolen item"
{"NPCs":{"Elara Windvale":{"Name":"Elara Windvale","Species":"Elf","HomeLocation":"Everfall","CurrentLocation":"Everfall","Faction":"Sunspear Covenant","OwnedItems":{"Healing Salve":3,"Enchanted Quill":1},"Role":"Healer","Relations":[{"Target":"Player","Favorability":3},{"Target":"Sunspear Covenant","Favorability":4}]}},"Locations":{"Everfall":{"Name":"Everfall","Enemies":[],"Resources":["Iron Sword","Healing Salve","Rations"]},"Mistwood Outpost":{"Name":"Mistwood Outpost","Enemies":["Forest Stalker"],"Resources":["Rations","Torch","Leather Armor"]}}};{"Quest":{"Name":"Protect the Healer","Giver":"Elara Windvale","Actions":["goto Everfall","defend Elara Windvale","goto Mistwood Outpost","terminal"]}};"Elara Windvale needs to travel to Mistwood Outpost to treat the wounded. She fears Ashen Claw agents may attack.";"Guard entity"
{"NPCs":{"Sera Dawnfield":{"Name":"Sera Dawnfield","Species":"Human","HomeLocation":"Everfall","CurrentLocation":"Everfall","Faction":"Sunspear Covenant","OwnedItems":{"Healing Salve":2},"Role":"Alchemist","Relations":[{"Target":"Player","Favorability":2}]}},"Factions":{"Ashen Claw":{"Name":"Ashen Claw","Relations":[{"Target":"Sunspear Covenant","Favorability":-3},{"Target":"The Veiled Hand","Favorability":1}],"Members":["Vex the Sly","Grommash Bloodfang"],"Treasury":{"Lockpick Set":5,"Health Potion":8,"Mysterious Amulet":1}}},"Locations":{"Shadowfen":{"Name":"Shadowfen","Enemies":[],"Resources":[]},"Everfall":{"Name":"Everfall","Enemies":[],"Resources":["Iron Sword","Healing Salve","Rations"]}},"Items":{"Healing Salve":{"Type":"Potion"}}};{"Quest":{"Name":"Sera's Ingredients","Giver":"Sera Dawnfield","Actions":["goto Shadowfen","stealth Ashen Claw","take Healing Salve","goto Everfall","give Sera Dawnfield"]}};"Sera Dawnfield needs rare herbs held by the Ashen Claw in Shadowfen. Steal them and bring them to her in Everfall.";"Steal stuff"
{"NPCs":{"Thorgrim Ironhand":{"Name":"Thorgrim Ironhand","Species":"Dwarf","HomeLocation":"Stonehollow","CurrentLocation":"Stonehollow","Faction":"Sunspear Covenant","OwnedItems":{"Iron Sword":2,"Steel Shield":1,"Silver Ore":5},"Role":"Blacksmith","Relations":[{"Target":"Player","Favorability":2},{"Target":"Sunspear Covenant","Favorability":3}]}},"Locations":{"The Sunken Temple":{"Name":"The Sunken Temple","Enemies":["Cultist Acolyte","Shadow Serpent","Iron Golem"],"Resources":["Ancient Key","Mysterious Amulet","Spellbook: Flame"]}},"Enemies":{"Iron Golem":{"Name":"Iron Golem","Loot":["Iron Sword","Steel Shield"]}}};{"Quest":{"Name":"The Golem Menace","Giver":"Thorgrim Ironhand","Actions":["goto The Sunken Temple","damage Iron Golem","goto Thorgrim Ironhand","report"]}};"The Iron Golem at The Sunken Temple has been attacking travelers. Thorgrim Ironhand wants you to damage it so it becomes immobile.";"Attack enemy"
{"Factions":{"The Veiled Hand":{"Name":"The Veiled Hand","Relations":[],"Members":["Lyra Whisperwind"],"Treasury":{}}},"Locations":{"The Sunken Temple":{"Name":"The Sunken Temple","Enemies":["Cultist Acolyte","Shadow Serpent","Iron Golem"],"Resources":["Ancient Key","Mysterious Amulet","Spellbook: Flame"]}},"Enemies":{"Cultist Acolyte":{"Name":"Cultist Acolyte","Loot":["Mysterious Amulet","Health Potion"]}}};{"Quest":{"Name":"Cultist Infiltration","Giver":"The Veiled Hand","Actions":["goto The Sunken Temple","kill Cultist Acolyte","goto The Veiled Hand","report"]}};"The Veiled Hand wants you to eliminate a Cultist Acolyte leader at The Sunken Temple to disrupt their operations.";"Kill enemies"
{"NPCs":{"Thorgrim Ironhand":{"Name":"Thorgrim Ironhand","Species":"Dwarf","HomeLocation":"Stonehollow","CurrentLocation":"Stonehollow","Faction":"Sunspear Covenant","OwnedItems":{"Iron Sword":2,"Steel Shield":1,"Silver Ore":5},"Role":"Blacksmith","Relations":[{"Target":"Player","Favorability":2},{"Target":"Sunspear Covenant","Favorability":3}]}},"Locations":{"Stonehollow":{"Name":"Stonehollow","Enemies":[],"Resources":["Silver Ore","Dwarven Ale","Steel Shield"]},"Everfall":{"Name":"Everfall","Enemies":[],"Resources":["Iron Sword","Healing Salve","Rations"]}},"Items":{"Dwarven Ale":{"Type":"Valuables"}}};{"Quest":{"Name":"Dwarven Ale Delivery","Giver":"Thorgrim Ironhand","Actions":["goto Stonehollow","defend Thorgrim Ironhand","goto Everfall","terminal"]}};"Thorgrim Ironhand needs a shipment of Dwarven Ale delivered from Stonehollow to Everfall. Protect it from thieves.";"Guard entity"
{"NPCs":{"Kaelen Swiftarrow":{"Name":"Kaelen Swiftarrow","Species":"Human","HomeLocation":"Everfall","CurrentLocation":"Shadowfen","Faction":"Wayward Compass","OwnedItems":{"Elven Bow":1,"Rations":3},"Role":"Ranger","Relations":[{"Target":"Player","Favorability":4}]}},"Locations":{"The Sunken Temple":{"Name":"The Sunken Temple","Enemies":["Cultist Acolyte","Shadow Serpent","Iron Golem"],"Resources":["Ancient Key","Mysterious Amulet","Spellbook: Flame"]}},"Enemies":{"Shadow Serpent":{"Name":"Shadow Serpent","Loot":["Dragon Scale","Health Potion"]}}};{"Quest":{"Name":"Shadow Serpent Venom","Giver":"Kaelen Swiftarrow","Actions":["goto The Sunken Temple","damage Shadow Serpent","goto Kaelen Swiftarrow","report"]}};"A Shadow Serpent has been seen near The Sunken Temple, poisoning the water supply. Kaelen Swiftarrow wants you to weaken it.";"Attack threatening entities"
{"NPCs":{"Lyra Whisperwind":{"Name":"Lyra Whisperwind","Species":"Elf","HomeLocation":"Eldermire","CurrentLocation":"Eldermire","Faction":"The Veiled Hand","OwnedItems":{"Spellbook: Flame":1,"Mysterious Amulet":1},"Role":"Mage","Relations":[{"Target":"Player","Favorability":2},{"Target":"The Veiled Hand","Favorability":5}]}},"Locations":{"The Sunken Temple":{"Name":"The Sunken Temple","Enemies":["Cultist Acolyte","Shadow Serpent","Iron Golem"],"Resources":["Ancient Key","Mysterious Amulet","Spellbook: Flame"]},"Eldermire":{"Name":"Eldermire","Enemies":[],"Resources":[]}},"Enemies":{"Cultist Acolyte":{"Name":"Cultist Acolyte","Loot":["Mysterious Amulet","Health Potion"]}},"Items":{"Mysterious Amulet":{"Type":"QuestItem"}}};{"Quest":{"Name":"The Mysterious Amulet (Recovery)","Giver":"Lyra Whisperwind","Actions":["goto The Sunken Temple","kill Cultist Acolyte","take Mysterious Amulet","goto Eldermire","give Lyra Whisperwind"]}};"A Cultist Acolyte at The Sunken Temple has taken a Mysterious Amulet. Retrieve it for Lyra Whisperwind.";"Recover stolen item"
{"Factions":{"Sunspear Covenant":{"Name":"Sunspear Covenant","Relations":[{"Target":"Ashen Claw","Favorability":-3},{"Target":"Wayward Compass","Favorability":2}],"Members":["Elara Windvale","Thorgrim Ironhand","Borin Stonebrow","Sera Dawnfield"],"Treasury":{"Iron Sword":3,"Steel Shield":2,"Silver Ore":20,"Healing Salve":10}},"Ashen Claw":{"Name":"Ashen Claw","Relations":[{"Target":"Sunspear Covenant","Favorability":-3},{"Target":"The Veiled Hand","Favorability":1}],"Members":["Vex the Sly","Grommash Bloodfang"],"Treasury":{"Lockpick Set":5,"Health Potion":8,"Mysterious Amulet":1}}},"Locations":{"Shadowfen":{"Name":"Shadowfen","Enemies":[],"Resources":[]}},"Items":{"Lockpick Set":{"Type":"Tool"}}};{"Quest":{"Name":"Ashen Claw Sabotage","Giver":"Sunspear Covenant","Actions":["goto Shadowfen","stealth Ashen Claw","take Lockpick Set","goto Sunspear Covenant","give Sunspear Covenant"]}};"The Sunspear Covenant wants you to steal the Ashen Claw's treasury map from their Shadowfen hideout.";"Steal stuff"
{"Factions":{"Wayward Compass":{"Name":"Wayward Compass","Relations":[{"Target":"Sunspear Covenant","Favorability":2},{"Target":"Crimson Caravan","Favorability":4}],"Members":["Mira Stonehill","Kaelen Swiftarrow"],"Treasury":{"Rations":30,"Torch":15,"Map":3}}},"Locations":{"Mistwood Outpost":{"Name":"Mistwood Outpost","Enemies":["Forest Stalker"],"Resources":["Rations","Torch","Leather Armor"]}},"Enemies":{"Forest Stalker":{"Name":"Forest Stalker","Loot":["Leather Armor","Health Potion"]}}};{"Quest":{"Name":"Forest Stalker Culling","Giver":"Wayward Compass","Actions":["goto Mistwood Outpost","kill Forest Stalker","goto Wayward Compass","report"]}};"The Wayward Compass needs you to eliminate the Forest Stalkers plaguing Mistwood Outpost.";"Kill enemies"
{"NPCs":{"Vex the Sly":{"Name":"Vex the Sly","Species":"Halfling","HomeLocation":"Shadowfen","CurrentLocation":"Shadowfen","Faction":"Ashen Claw","OwnedItems":{"Lockpick Set":2,"Health Potion":1},"Role":"Thief","Relations":[{"Target":"Player","Favorability":-1}]},"Grommash Bloodfang":{"Name":"Grommash Bloodfang","Species":"Orc","HomeLocation":"Shadowfen","CurrentLocation":"The Sunken Temple","Faction":"Ashen Claw","OwnedItems":{"Iron Sword":1,"Health Potion":2},"Role":null,"Relations":[{"Target":"Player","Favorability":-3}]}},"Locations":{"The Sunken Temple":{"Name":"The Sunken Temple","Enemies":["Cultist Acolyte","Shadow Serpent","Iron Golem"],"Resources":["Ancient Key","Mysterious Amulet","Spellbook: Flame"]},"Shadowfen":{"Name":"Shadowfen","Enemies":[],"Resources":[]}}};{"Quest":{"Name":"Grommash's Head","Giver":"Vex the Sly","Actions":["goto The Sunken Temple","kill Grommash Bloodfang","goto Vex the Sly","report"]}};"Vex the Sly has a personal vendetta against Grommash Bloodfang. She wants you to eliminate him.";"Kill enemies"
{"Factions":{"The Veiled Hand":{"Name":"The Veiled Hand","Relations":[],"Members":["Lyra Whisperwind"],"Treasury":{}}},"Locations":{"The Sunken Temple":{"Name":"The Sunken Temple","Enemies":["Cultist Acolyte","Shadow Serpent","Iron Golem"],"Resources":["Ancient Key","Mysterious Amulet","Spellbook: Flame"]}},"Enemies":{"Iron Golem":{"Name":"Iron Golem","Loot":["Iron Sword","Steel Shield"]}}};{"Quest":{"Name":"Temple Artifact","Giver":"The Veiled Hand","Actions":["goto The Sunken Temple","damage Iron Golem","goto The Veiled Hand","report"]}};"The Veiled Hand has sensed dark magic emanating from The Sunken Temple. They want you to weaken the Iron Golem guarding a powerful artifact.";"Attack threatening entities"
{"NPCs":{"Orin Oakwood":{"Name":"Orin Oakwood","Species":"Human","HomeLocation":"Glimmerdale","CurrentLocation":"Glimmerdale","Faction":null,"OwnedItems":{"Rations":5,"Torch":2},"Role":"Farmer","Relations":[{"Target":"Player","Favorability":0}]}},"Locations":{"Glimmerdale":{"Name":"Glimmerdale","Enemies":[],"Resources":[]},"Everfall":{"Name":"Everfall","Enemies":[],"Resources":["Iron Sword","Healing Salve","Rations"]}}};{"Quest":{"Name":"Orin's Harvest","Giver":"Orin Oakwood","Actions":["goto Glimmerdale","defend Orin Oakwood","goto Everfall","terminal"]}};"Orin Oakwood needs to transport his harvest from Glimmerdale to Everfall. He's worried about bandits.";"Guard entity"
{"Factions":{"The Companions":{"Name":"The Companions","Relations":[{"Target":"The Silver Hand","Favorability":-5},{"Target":"The Hero of Kvatch","Favorability":1}],"Members":["Aela","Vilkas"],"Treasury":{"Iron Sword":5,"Steel Shield":2},"FactionLog":[{"Originator":"The Hero of Kvatch","Type":"KillEnemies","Target":["The Silver Hand"],"For":"The Companions","Received":null,"Favorability":2}]}},"Locations":{"Whiterun":{"Name":"Whiterun","Enemies":["Bandit","Wolf"],"Resources":["Iron Sword","Healing Potion"]}},"Enemies":{"Silver Hand Leader":{"Name":"Silver Hand Leader","Loot":["Iron Sword","Steel Shield"]}}};{"Quest":{"Name":"The Silver Hand Threat","Giver":"The Companions","Actions":["goto Whiterun","damage Silver Hand Leader","goto The Companions","report"]}};"The Companions report that a Silver Hand warband has set up camp outside Whiterun, threatening their patrol routes. Weaken their leader so the Companions can finish them off.";"Attack threatening entities"
{"Factions":{"The Thieves Guild":{"Name":"The Thieves Guild","Relations":[{"Target":"The Hero of Kvatch","Favorability":-1}],"Members":["Brynjolf","Mercer Frey"],"Treasury":{"Silver Ring":10,"Gold":500},"FactionLog":[{"Originator":"Mercer Frey","Type":"StealStuff","Target":["The Thieves Guild"],"For":"The Thieves Guild","Received":null,"Favorability":0}]}},"NPCs":{"Mercer Frey":{"Name":"Mercer Frey","Species":"Human","HomeLocation":"Riften","CurrentLocation":"Riften","Faction":"The Thieves Guild","OwnedItems":{"Dwarven Helmet":1,"Stolen Plans":1},"Role":"Thief","Relations":[{"Target":"The Thieves Guild","Favorability":2},{"Target":"Brynjolf","Favorability":3},{"Target":"The Hero of Kvatch","Favorability":-2}]}},"Items":{"Stolen Plans":{"Type":"QuestItem"}}};{"Quest":{"Name":"Recover the Stolen Plans","Giver":"The Thieves Guild","Actions":["goto Riften Sewers","gather Stolen Plans","goto The Thieves Guild","give Stolen Plans"]}};"Mercer Frey has had enough. A rival thief stole the Guild's plans for the Goldenglow Estate job. Recover the 'Stolen Plans' from the thief's hideout in Riften.";"Recover stolen item"
{"Factions":{"The Mages College":{"Name":"The Mages College","Relations":[{"Target":"The Hero of Kvatch","Favorability":3}],"Members":["Farengar"],"Treasury":{"Mage Robe":3,"Healing Potion":10},"FactionLog":[{"Originator":"The Hero of Kvatch","Type":"AttackThreateningEntities","Target":["Necromancer"],"For":"The Mages College","Received":null,"Favorability":3}]}},"NPCs":{"Farengar":{"Name":"Farengar","Species":"Human","HomeLocation":"Whiterun","CurrentLocation":"Whiterun","Faction":"The Mages College","OwnedItems":{"Mage Robe":1},"Role":"Mage","Relations":[{"Target":"The Mages College","Favorability":4},{"Target":"The Hero of Kvatch","Favorability":3}]}},"Locations":{"Whiterun":{"Name":"Whiterun","Enemies":["Bandit","Wolf"],"Resources":["Iron Sword","Healing Potion"]}}};{"Quest":{"Name":"Guard Farengar's Research","Giver":"The Mages College","Actions":["goto Whiterun","defend Farengar"]}};"Farengar is studying a dangerous Draugr artifact in Dragonsreach. Necromancers have been spotted near Whiterun. Guard him while he completes his research.";"Guard entity"
{"Factions":{"The Companions":{"Name":"The Companions","Relations":[{"Target":"The Silver Hand","Favorability":-5},{"Target":"The Hero of Kvatch","Favorability":1}],"Members":["Aela","Vilkas"]}},"Locations":{"Markarth":{"Name":"Markarth","Enemies":["Forsworn","Bandit"],"Resources":["Silver Ring","Ebony Ore"]}},"Enemies":{"Forsworn":{"Name":"Forsworn","Loot":["Silver Ring"]},"Forsworn Camp":{"Name":"Forsworn Camp","Loot":["Silver Ring","Ebony Ore"]}}};{"Quest":{"Name":"Attack the Forsworn Camp","Giver":"The Companions","Actions":["goto Markarth","damage Forsworn Camp"]}};"The Silver Hand has allied with a Forsworn camp near Markarth. The Companions want you to attack and weaken their defenses.";"Attack enemy"
{"Factions":{"The Thieves Guild":{"Name":"The Thieves Guild","Relations":[{"Target":"The Hero of Kvatch","Favorability":-1}],"Members":["Brynjolf","Mercer Frey"]}},"NPCs":{"Brynjolf":{"Name":"Brynjolf","Species":"Human","HomeLocation":"Riften","CurrentLocation":"Riften","Faction":"The Thieves Guild","OwnedItems":{"Lockpick":10,"Silver Ring":1},"Role":"Thief"}},"Items":{"Dwarven Helmet":{"Type":"Armor"}},"Locations":{"Riften":{"Name":"Riften","Enemies":["Bandit"],"Resources":["Lockpick","Silver Ring"]}}};{"Quest":{"Name":"Steal the Dwarven Helmet","Giver":"The Thieves Guild","Actions":["goto Riften Manor","stealth take Dwarven Helmet","goto The Thieves Guild","give Dwarven Helmet"]}};"Brynjolf wants you to steal a rare Dwarven Helmet from a collector in Riften. Deliver it to him at the Guild headquarters.";"Steal stuff"
{"Factions":{"The Mages College":{"Name":"The Mages College","Relations":[{"Target":"The Hero of Kvatch","Favorability":3}],"Members":["Farengar"],"Treasury":{"Mage Robe":3,"Healing Potion":10}}},"Locations":{"Darkwater Pass":{"Name":"Darkwater Pass","Enemies":["Draugr","Necromancer"],"Resources":["Dwarven Helmet","Healing Potion"]}},"Enemies":{"Necromancer":{"Name":"Necromancer","Loot":["Healing Potion","Mage Robe"]},"Draugr":{"Name":"Draugr","Loot":["Dwarven Helmet"]}}};{"Quest":{"Name":"Kill the Necromancer","Giver":"The Mages College","Actions":["goto Darkwater Pass","kill Necromancer","goto The Mages College","report"]}};"A rogue Necromancer has been raising Draugr in Darkwater Pass. The Mages College wants them eliminated permanently. Report back when done.";"Kill enemies"
{"NPCs":{"Alvor":{"Name":"Alvor","Species":"Human","HomeLocation":"Riverwood","CurrentLocation":"Riverwood","Faction":null,"OwnedItems":{"Iron Sword":1,"Leather Boots":1,"Ale":2},"Role":"Blacksmith","Relations":[{"Target":"Hadvar","Favorability":4},{"Target":"Sigrid","Favorability":5},{"Target":"The Hero of Kvatch","Favorability":2}]}},"Locations":{"Riverwood":{"Name":"Riverwood","Enemies":["Bandit","Wolf"],"Resources":["Iron Sword","Ale","Honey Nut Treat"]}},"Enemies":{"Bandit":{"Name":"Bandit","Loot":["Iron Sword","Ale"]}}};{"Quest":{"Name":"Guard Alvor's Forge","Giver":"Alvor","Actions":["goto Riverwood","defend Alvor"]}};"Bandits have been threatening Riverwood's blacksmith. Alvor asks you to guard his forge while he completes an urgent order for the Empire.";"Guard entity"
{"NPCs":{"Sigrid":{"Name":"Sigrid","Species":"Human","HomeLocation":"Riverwood","CurrentLocation":"Riverwood","Faction":null,"OwnedItems":{"Honey Nut Treat":3},"Role":"Farmer","Relations":[{"Target":"Alvor","Favorability":5},{"Target":"The Hero of Kvatch","Favorability":1}]}},"Items":{"Silver Ring":{"Type":"Valuables"}},"Locations":{"Riverwood":{"Name":"Riverwood","Enemies":["Bandit","Wolf"],"Resources":["Iron Sword","Ale","Honey Nut Treat"]}}};{"Quest":{"Name":"Recover the Silver Ring","Giver":"Sigrid","Actions":["goto Riverwood Tavern","gather Silver Ring","goto Sigrid","give Silver Ring"]}};"Sigrid's precious Silver Ring was stolen by a thief passing through Riverwood. Recover it and return it to her.";"Recover stolen item"
{"NPCs":{"Hadvar":{"Name":"Hadvar","Species":"Human","HomeLocation":"Riverwood","CurrentLocation":"Riverwood","Faction":"The Empire","OwnedItems":{"Iron Sword":1,"Steel Shield":1},"Role":"Guard Captain","Relations":[{"Target":"Alvor","Favorability":4},{"Target":"The Empire","Favorability":5},{"Target":"The Hero of Kvatch","Favorability":3}]}},"Enemies":{"Giant":{"Name":"Giant","Loot":["Healing Potion","Ebony Ore"]}},"Locations":{"Whiterun":{"Name":"Whiterun","Enemies":["Bandit","Wolf","Giant"],"Resources":["Iron Sword","Healing Potion"]}}};{"Quest":{"Name":"Attack the Giant","Giver":"Hadvar","Actions":["goto Whiterun Watchtower","damage Giant"]}};"A Giant has been spotted near Whiterun's western watchtower. Hadvar wants you to weaken it so his guards can drive it away.";"Attack enemy"
{"NPCs":{"Hadvar":{"Name":"Hadvar","Species":"Human","HomeLocation":"Riverwood","CurrentLocation":"Riverwood","Faction":"The Empire","OwnedItems":{"Iron Sword":1,"Steel Shield":1},"Role":"Guard Captain","Relations":[{"Target":"Alvor","Favorability":4},{"Target":"The Empire","Favorability":5},{"Target":"The Hero of Kvatch","Favorability":3}]}},"Items":{"Amulet of Talos":{"Type":"Valuables"}},"Locations":{"Whiterun":{"Name":"Whiterun","Enemies":["Bandit","Wolf"],"Resources":["Iron Sword","Healing Potion"]}}};{"Quest":{"Name":"Steal the Amulet of Talos","Giver":"Hadvar","Actions":["goto Whiterun","stealth take Amulet of Talos","goto Hadvar","give Amulet of Talos"]}};"A Stormcloak sympathizer in Whiterun has an Amulet of Talos. The Empire wants it removed from circulation. Steal it and deliver to Hadvar.";"Steal stuff"
{"NPCs":{"Gerdur":{"Name":"Gerdur","Species":"Human","HomeLocation":"Riverwood","CurrentLocation":"Riverwood","Faction":"The Stormcloaks","OwnedItems":{"Ale":5},"Role":"Innkeeper","Relations":[{"Target":"Ralof","Favorability":5},{"Target":"Hod","Favorability":5},{"Target":"The Hero of Kvatch","Favorability":2}]}},"Enemies":{"Bandit":{"Name":"Bandit","Loot":["Iron Sword","Ale"]},"Bandit Leader":{"Name":"Bandit Leader","Loot":["Iron Sword","Steel Shield","Gold"]}}};{"Quest":{"Name":"Kill the Bandit Leader","Giver":"Gerdur","Actions":["goto Bandit Camp","kill Bandit Leader","goto Gerdur","report"]}};"A Bandit Leader has been raiding farms near Riverwood. Gerdur wants you to eliminate him and report back.";"Kill enemies"
{"Factions":{"The Mages College":{"Name":"The Mages College","Relations":[{"Target":"The Hero of Kvatch","Favorability":3}],"Members":["Farengar"],"Treasury":{"Mage Robe":3,"Healing Potion":10}}},"Locations":{"Solitude":{"Name":"Solitude","Enemies":["Bandit","Wolf"],"Resources":["Amulet of Talos","Healing Potion"]}},"Enemies":{"Bandit":{"Name":"Bandit","Loot":["Iron Sword","Ale"]}}};{"Quest":{"Name":"Guard the Mages College Caravan","Giver":"The Mages College","Actions":["goto Solitude Road","defend Caravan"]}};"A caravan carrying magical artifacts from the Mages College is traveling to Solitude. Guard it from potential attacks.";"Guard entity"
{"Factions":{"The Companions":{"Name":"The Companions","Relations":[{"Target":"The Silver Hand","Favorability":-5},{"Target":"The Hero of Kvatch","Favorability":1}],"Members":["Aela","Vilkas"]}},"Items":{"Ebony Ore":{"Type":"Ingredient"}},"Enemies":{"Forsworn":{"Name":"Forsworn","Loot":["Silver Ring"]}},"Locations":{"Markarth":{"Name":"Markarth","Enemies":["Forsworn","Bandit"],"Resources":["Silver Ring","Ebony Ore"]}}};{"Quest":{"Name":"Recover the Ebony Ore","Giver":"The Companions","Actions":["goto Forsworn Camp","gather Ebony Ore","goto The Companions","give Ebony Ore"]}};"A shipment of Ebony Ore bound for Eorlund Gray-Mane was stolen by Forsworn. Recover it from their camp near Markarth.";"Recover stolen item"
{"Factions":{"The Mages College":{"Name":"The Mages College","Relations":[{"Target":"The Hero of Kvatch","Favorability":3}],"Members":["Farengar"]}},"Enemies":{"Draugr":{"Name":"Draugr","Loot":["Dwarven Helmet"]},"Draugr Horde":{"Name":"Draugr Horde","Loot":["Dwarven Helmet","Healing Potion"]}},"Locations":{"Winterhold":{"Name":"Winterhold","Enemies":["Draugr","Wolf"],"Resources":["Mage Robe","Healing Potion"]}}};{"Quest":{"Name":"Attack the Draugr Horde","Giver":"The Mages College","Actions":["goto Winterhold","damage Draugr Horde"]}};"Draugr have emerged from a newly opened tomb near Winterhold. Weaken their numbers before they reach the town.";"Attack enemy"
{"Factions":{"The Thieves Guild":{"Name":"The Thieves Guild","Relations":[{"Target":"The Hero of Kvatch","Favorability":-1}],"Members":["Brynjolf","Mercer Frey"]},"The Mages College":{"Name":"The Mages College","Relations":[{"Target":"The Hero of Kvatch","Favorability":3}],"Members":["Farengar"],"Treasury":{"Mage Robe":3,"Healing Potion":10}}},"NPCs":{"Brynjolf":{"Name":"Brynjolf","Species":"Human","HomeLocation":"Riften","CurrentLocation":"Riften","Faction":"The Thieves Guild","OwnedItems":{"Lockpick":10,"Silver Ring":1},"Role":"Thief"}},"Items":{"Healing Potion":{"Type":"Potion"}}};{"Quest":{"Name":"Steal the Healing Potions","Giver":"The Thieves Guild","Actions":["goto The Mages College","stealth take Healing Potion","goto Brynjolf","give Healing Potion"]}};"The Thieves Guild needs a supply of Healing Potions from the Mages College's stores. Steal them and deliver to Brynjolf.";"Steal stuff"
{"NPCs":{"Hadvar":{"Name":"Hadvar","Species":"Human","HomeLocation":"Riverwood","CurrentLocation":"Riverwood","Faction":"The Empire","OwnedItems":{"Iron Sword":1,"Steel Shield":1},"Role":"Guard Captain"}},"Enemies":{"Troll":{"Name":"Troll","Loot":["Healing Potion"]}},"Locations":{"Riverwood":{"Name":"Riverwood","Enemies":["Bandit","Wolf","Troll"],"Resources":["Iron Sword","Ale","Honey Nut Treat"]}}};{"Quest":{"Name":"Kill the Troll","Giver":"Hadvar","Actions":["goto Riverwood Cave","kill Troll","goto Hadvar","report"]}};"A Troll has taken up residence in the cave near Riverwood. Hadvar wants it dead to protect the town. Report to him after.";"Kill enemies"
{"NPCs":{"Ralof":{"Name":"Ralof","Species":"Human","HomeLocation":"Riverwood","CurrentLocation":"Windhelm","Faction":"The Stormcloaks","OwnedItems":{"Iron Sword":1},"Role":"Guard Captain","Relations":[{"Target":"Gerdur","Favorability":5},{"Target":"The Stormcloaks","Favorability":5},{"Target":"The Hero of Kvatch","Favorability":1}]}},"Factions":{"The Stormcloaks":{"Name":"The Stormcloaks","Relations":[{"Target":"The Empire","Favorability":-5}],"Members":["Ralof"],"Treasury":{"Iron Sword":3,"Ale":10}}},"Locations":{"Windhelm":{"Name":"Windhelm","Enemies":["Bandit","Wolf"],"Resources":["Iron Sword","Ale"]}}};{"Quest":{"Name":"Guard the Stormcloak Courier","Giver":"Ralof","Actions":["goto Windhelm Road","defend Courier"]}};"Ralof needs a courier delivering messages to Windhelm guarded. Stormcloak secrets cannot fall into Empire hands.";"Guard entity"
{"NPCs":{"Aela":{"Name":"Aela","Species":"Human","HomeLocation":"Whiterun","CurrentLocation":"Whiterun","Faction":"The Companions","OwnedItems":{"Iron Sword":1},"Role":"Guard Captain","Relations":[{"Target":"The Companions","Favorability":5},{"Target":"Vilkas","Favorability":4},{"Target":"The Hero of Kvatch","Favorability":1}]}},"Factions":{"The Companions":{"Name":"The Companions","Relations":[{"Target":"The Silver Hand","Favorability":-5}],"Members":["Aela","Vilkas"]}},"Items":{"Dragon Bone":{"Type":"Ingredient"}}};{"Quest":{"Name":"Recover the Dragon Bone","Giver":"Aela","Actions":["goto Rogue Hideout","gather Dragon Bone","goto Aela","give Dragon Bone"]}};"A Dragon Bone was stolen from the Companions' hall by a rogue member. Recover it and return it to Aela.";"Recover stolen item"
{"Factions":{"The Companions":{"Name":"The Companions","Relations":[{"Target":"The Silver Hand","Favorability":-5},{"Target":"The Hero of Kvatch","Favorability":1}],"Members":["Aela","Vilkas"]}},"Enemies":{"Wolf":{"Name":"Wolf","Loot":["Leather Boots"]},"Wolf Pack":{"Name":"Wolf Pack","Loot":["Leather Boots"]}},"Locations":{"Falkreath":{"Name":"Falkreath","Enemies":["Wolf","Bandit"],"Resources":["Leather Boots","Honey Nut Treat"]}}};{"Quest":{"Name":"Attack the Wolf Pack","Giver":"The Companions","Actions":["goto Falkreath","damage Wolf Pack"]}};"A large Wolf pack is hunting livestock near Falkreath. The Companions want you to thin their numbers.";"Attack enemy"
{"NPCs":{"Farengar":{"Name":"Farengar","Species":"Human","HomeLocation":"Whiterun","CurrentLocation":"Whiterun","Faction":"The Mages College","OwnedItems":{"Mage Robe":1},"Role":"Mage","Relations":[{"Target":"The Mages College","Favorability":4},{"Target":"The Hero of Kvatch","Favorability":3}]}},"Factions":{"The Mages College":{"Name":"The Mages College","Relations":[{"Target":"The Hero of Kvatch","Favorability":3}],"Members":["Farengar"],"Treasury":{"Mage Robe":3,"Healing Potion":10}}},"Items":{"Mage Robe":{"Type":"Armor"}},"Locations":{"Windhelm":{"Name":"Windhelm","Enemies":["Bandit","Wolf"],"Resources":["Iron Sword","Ale"]}}};{"Quest":{"Name":"Steal the Mage Robe","Giver":"Farengar","Actions":["goto Windhelm","stealth take Mage Robe","goto Farengar","give Mage Robe"]}};"A rare Mage Robe is held by a private collector in Windhelm. The Mages College wants it retrieved. Steal it and deliver to Farengar.";"Steal stuff"
